Raf Kodu,Bölüm,Metre,Kat,Sıra,Konum Kodu,Ürün,Barkod,Birim,Ürün Genişliği (cm),Başlangıç (cm),Bitiş (cm),1 m Doluluk (cm)
A1,Bakliyat Bölümü 1,1,1,1,A1-M01-K01-S01,Marmara Kırmızı Mercimek XL,8690000500017,Paket,12,0,12,96
A1,Bakliyat Bölümü 1,1,1,2,A1-M01-K01-S02,Usta Kırmızı Mercimek XL,8690000500024,Paket,12,12,24,96
A1,Bakliyat Bölümü 1,1,1,3,A1-M01-K01-S03,Lezzet Kırmızı Mercimek XL,8690000500031,Paket,12,24,36,96
A1,Bakliyat Bölümü 1,1,1,4,A1-M01-K01-S04,Günlük Kırmızı Mercimek XL,8690000500048,Paket,12,36,48,96
A1,Bakliyat Bölümü 1,1,1,5,A1-M01-K01-S05,Evimiz Kırmızı Mercimek XL,8690000500055,Paket,12,48,60,96
A1,Bakliyat Bölümü 1,1,1,6,A1-M01-K01-S06,Doğa Kırmızı Mercimek XL,8690000500062,Paket,12,60,72,96
A1,Bakliyat Bölümü 1,1,1,7,A1-M01-K01-S07,Premium Kırmızı Mercimek XL,8690000500079,Paket,12,72,84,96
A1,Bakliyat Bölümü 1,1,1,8,A1-M01-K01-S08,Emigro Kırmızı Mercimek XL,8690000500086,Paket,12,84,96,96
A1,Bakliyat Bölümü 1,1,2,1,A1-M01-K02-S01,Usta Kırmızı Mercimek Büyük,8690000500093,Paket,12,0,12,96
A1,Bakliyat Bölümü 1,1,2,2,A1-M01-K02-S02,Lezzet Kırmızı Mercimek Büyük,8690000500109,Paket,12,12,24,96
A1,Bakliyat Bölümü 1,1,2,3,A1-M01-K02-S03,Günlük Kırmızı Mercimek Büyük,8690000500116,Paket,12,24,36,96
A1,Bakliyat Bölümü 1,1,2,4,A1-M01-K02-S04,Evimiz Kırmızı Mercimek Büyük,8690000500123,Paket,12,36,48,96
A1,Bakliyat Bölümü 1,1,2,5,A1-M01-K02-S05,Doğa Kırmızı Mercimek Büyük,8690000500130,Paket,12,48,60,96
A1,Bakliyat Bölümü 1,1,2,6,A1-M01-K02-S06,Premium Kırmızı Mercimek Büyük,8690000500147,Paket,12,60,72,96
A1,Bakliyat Bölümü 1,1,2,7,A1-M01-K02-S07,Emigro Kırmızı Mercimek Büyük,8690000500154,Paket,12,72,84,96
A1,Bakliyat Bölümü 1,1,2,8,A1-M01-K02-S08,Anadolu Kırmızı Mercimek Büyük,8690000500161,Paket,12,84,96,96
A1,Bakliyat Bölümü 1,1,3,1,A1-M01-K03-S01,Lezzet Kırmızı Mercimek Standart,8690000500178,Paket,10,0,10,100
A1,Bakliyat Bölümü 1,1,3,2,A1-M01-K03-S02,Günlük Kırmızı Mercimek Standart,8690000500185,Paket,10,10,20,100
A1,Bakliyat Bölümü 1,1,3,3,A1-M01-K03-S03,Evimiz Kırmızı Mercimek Standart,8690000500192,Paket,10,20,30,100
A1,Bakliyat Bölümü 1,1,3,4,A1-M01-K03-S04,Doğa Kırmızı Mercimek Standart,8690000500208,Paket,10,30,40,100
A1,Bakliyat Bölümü 1,1,3,5,A1-M01-K03-S05,Premium Kırmızı Mercimek Standart,8690000500215,Paket,10,40,50,100
A1,Bakliyat Bölümü 1,1,3,6,A1-M01-K03-S06,Emigro Kırmızı Mercimek Standart,8690000500222,Paket,10,50,60,100
A1,Bakliyat Bölümü 1,1,3,7,A1-M01-K03-S07,Anadolu Kırmızı Mercimek Standart,8690000500239,Paket,10,60,70,100
A1,Bakliyat Bölümü 1,1,3,8,A1-M01-K03-S08,Bereket Kırmızı Mercimek Standart,8690000500246,Paket,10,70,80,100
A1,Bakliyat Bölümü 1,1,3,9,A1-M01-K03-S09,Marmara Kırmızı Mercimek Standart,8690000500253,Paket,10,80,90,100
A1,Bakliyat Bölümü 1,1,3,10,A1-M01-K03-S10,Usta Kırmızı Mercimek Standart,8690000500260,Paket,10,90,100,100
A1,Bakliyat Bölümü 1,1,4,1,A1-M01-K04-S01,Günlük Kırmızı Mercimek Orta,8690000500277,Paket,9,0,9,99
A1,Bakliyat Bölümü 1,1,4,2,A1-M01-K04-S02,Evimiz Kırmızı Mercimek Orta,8690000500284,Paket,9,9,18,99
A1,Bakliyat Bölümü 1,1,4,3,A1-M01-K04-S03,Doğa Kırmızı Mercimek Orta,8690000500291,Paket,9,18,27,99
A1,Bakliyat Bölümü 1,1,4,4,A1-M01-K04-S04,Premium Kırmızı Mercimek Orta,8690000500307,Paket,9,27,36,99
A1,Bakliyat Bölümü 1,1,4,5,A1-M01-K04-S05,Emigro Kırmızı Mercimek Orta,8690000500314,Paket,9,36,45,99
A1,Bakliyat Bölümü 1,1,4,6,A1-M01-K04-S06,Anadolu Kırmızı Mercimek Orta,8690000500321,Paket,9,45,54,99
A1,Bakliyat Bölümü 1,1,4,7,A1-M01-K04-S07,Bereket Kırmızı Mercimek Orta,8690000500338,Paket,9,54,63,99
A1,Bakliyat Bölümü 1,1,4,8,A1-M01-K04-S08,Marmara Kırmızı Mercimek Orta,8690000500345,Paket,9,63,72,99
A1,Bakliyat Bölümü 1,1,4,9,A1-M01-K04-S09,Usta Kırmızı Mercimek Orta,8690000500352,Paket,9,72,81,99
A1,Bakliyat Bölümü 1,1,4,10,A1-M01-K04-S10,Lezzet Kırmızı Mercimek Orta,8690000500369,Paket,9,81,90,99
A1,Bakliyat Bölümü 1,1,4,11,A1-M01-K04-S11,Günlük Kırmızı Mercimek Orta,8690000500376,Paket,9,90,99,99
A1,Bakliyat Bölümü 1,1,5,1,A1-M01-K05-S01,Evimiz Kırmızı Mercimek Küçük,8690000500383,Paket,8,0,8,96
A1,Bakliyat Bölümü 1,1,5,2,A1-M01-K05-S02,Doğa Kırmızı Mercimek Küçük,8690000500390,Paket,8,8,16,96
A1,Bakliyat Bölümü 1,1,5,3,A1-M01-K05-S03,Premium Kırmızı Mercimek Küçük,8690000500406,Paket,8,16,24,96
A1,Bakliyat Bölümü 1,1,5,4,A1-M01-K05-S04,Emigro Kırmızı Mercimek Küçük,8690000500413,Paket,8,24,32,96
A1,Bakliyat Bölümü 1,1,5,5,A1-M01-K05-S05,Anadolu Kırmızı Mercimek Küçük,8690000500420,Paket,8,32,40,96
A1,Bakliyat Bölümü 1,1,5,6,A1-M01-K05-S06,Bereket Kırmızı Mercimek Küçük,8690000500437,Paket,8,40,48,96
A1,Bakliyat Bölümü 1,1,5,7,A1-M01-K05-S07,Marmara Kırmızı Mercimek Küçük,8690000500444,Paket,8,48,56,96
A1,Bakliyat Bölümü 1,1,5,8,A1-M01-K05-S08,Usta Kırmızı Mercimek Küçük,8690000500451,Paket,8,56,64,96
A1,Bakliyat Bölümü 1,1,5,9,A1-M01-K05-S09,Lezzet Kırmızı Mercimek Küçük,8690000500468,Paket,8,64,72,96
A1,Bakliyat Bölümü 1,1,5,10,A1-M01-K05-S10,Günlük Kırmızı Mercimek Küçük,8690000500475,Paket,8,72,80,96
A1,Bakliyat Bölümü 1,1,5,11,A1-M01-K05-S11,Evimiz Kırmızı Mercimek Küçük,8690000500482,Paket,8,80,88,96
A1,Bakliyat Bölümü 1,1,5,12,A1-M01-K05-S12,Doğa Kırmızı Mercimek Küçük,8690000500499,Paket,8,88,96,96
A1,Bakliyat Bölümü 1,1,6,1,A1-M01-K06-S01,Doğa Kırmızı Mercimek Mini,8690000500505,Paket,7,0,7,98
A1,Bakliyat Bölümü 1,1,6,2,A1-M01-K06-S02,Premium Kırmızı Mercimek Mini,8690000500512,Paket,7,7,14,98
A1,Bakliyat Bölümü 1,1,6,3,A1-M01-K06-S03,Emigro Kırmızı Mercimek Mini,8690000500529,Paket,7,14,21,98
A1,Bakliyat Bölümü 1,1,6,4,A1-M01-K06-S04,Anadolu Kırmızı Mercimek Mini,8690000500536,Paket,7,21,28,98
A1,Bakliyat Bölümü 1,1,6,5,A1-M01-K06-S05,Bereket Kırmızı Mercimek Mini,8690000500543,Paket,7,28,35,98
A1,Bakliyat Bölümü 1,1,6,6,A1-M01-K06-S06,Marmara Kırmızı Mercimek Mini,8690000500550,Paket,7,35,42,98
A1,Bakliyat Bölümü 1,1,6,7,A1-M01-K06-S07,Usta Kırmızı Mercimek Mini,8690000500567,Paket,7,42,49,98
A1,Bakliyat Bölümü 1,1,6,8,A1-M01-K06-S08,Lezzet Kırmızı Mercimek Mini,8690000500574,Paket,7,49,56,98
A1,Bakliyat Bölümü 1,1,6,9,A1-M01-K06-S09,Günlük Kırmızı Mercimek Mini,8690000500581,Paket,7,56,63,98
A1,Bakliyat Bölümü 1,1,6,10,A1-M01-K06-S10,Evimiz Kırmızı Mercimek Mini,8690000500598,Paket,7,63,70,98
A1,Bakliyat Bölümü 1,1,6,11,A1-M01-K06-S11,Doğa Kırmızı Mercimek Mini,8690000500604,Paket,7,70,77,98
A1,Bakliyat Bölümü 1,1,6,12,A1-M01-K06-S12,Premium Kırmızı Mercimek Mini,8690000500611,Paket,7,77,84,98
A1,Bakliyat Bölümü 1,1,6,13,A1-M01-K06-S13,Emigro Kırmızı Mercimek Mini,8690000500628,Paket,7,84,91,98
A1,Bakliyat Bölümü 1,1,6,14,A1-M01-K06-S14,Anadolu Kırmızı Mercimek Mini,8690000500635,Paket,7,91,98,98
A1,Bakliyat Bölümü 1,2,1,1,A1-M02-K01-S01,Usta Yeşil Mercimek XL,8690000500642,Paket,11,0,11,99
A1,Bakliyat Bölümü 1,2,1,2,A1-M02-K01-S02,Lezzet Yeşil Mercimek XL,8690000500659,Paket,11,11,22,99
A1,Bakliyat Bölümü 1,2,1,3,A1-M02-K01-S03,Günlük Yeşil Mercimek XL,8690000500666,Paket,11,22,33,99
A1,Bakliyat Bölümü 1,2,1,4,A1-M02-K01-S04,Evimiz Yeşil Mercimek XL,8690000500673,Paket,11,33,44,99
A1,Bakliyat Bölümü 1,2,1,5,A1-M02-K01-S05,Doğa Yeşil Mercimek XL,8690000500680,Paket,11,44,55,99
A1,Bakliyat Bölümü 1,2,1,6,A1-M02-K01-S06,Premium Yeşil Mercimek XL,8690000500697,Paket,11,55,66,99
A1,Bakliyat Bölümü 1,2,1,7,A1-M02-K01-S07,Emigro Yeşil Mercimek XL,8690000500703,Paket,11,66,77,99
A1,Bakliyat Bölümü 1,2,1,8,A1-M02-K01-S08,Anadolu Yeşil Mercimek XL,8690000500710,Paket,11,77,88,99
A1,Bakliyat Bölümü 1,2,1,9,A1-M02-K01-S09,Bereket Yeşil Mercimek XL,8690000500727,Paket,11,88,99,99
A1,Bakliyat Bölümü 1,2,2,1,A1-M02-K02-S01,Lezzet Yeşil Mercimek Büyük,8690000500734,Paket,10,0,10,100
A1,Bakliyat Bölümü 1,2,2,2,A1-M02-K02-S02,Günlük Yeşil Mercimek Büyük,8690000500741,Paket,10,10,20,100
A1,Bakliyat Bölümü 1,2,2,3,A1-M02-K02-S03,Evimiz Yeşil Mercimek Büyük,8690000500758,Paket,10,20,30,100
A1,Bakliyat Bölümü 1,2,2,4,A1-M02-K02-S04,Doğa Yeşil Mercimek Büyük,8690000500765,Paket,10,30,40,100
A1,Bakliyat Bölümü 1,2,2,5,A1-M02-K02-S05,Premium Yeşil Mercimek Büyük,8690000500772,Paket,10,40,50,100
A1,Bakliyat Bölümü 1,2,2,6,A1-M02-K02-S06,Emigro Yeşil Mercimek Büyük,8690000500789,Paket,10,50,60,100
A1,Bakliyat Bölümü 1,2,2,7,A1-M02-K02-S07,Anadolu Yeşil Mercimek Büyük,8690000500796,Paket,10,60,70,100
A1,Bakliyat Bölümü 1,2,2,8,A1-M02-K02-S08,Bereket Yeşil Mercimek Büyük,8690000500802,Paket,10,70,80,100
A1,Bakliyat Bölümü 1,2,2,9,A1-M02-K02-S09,Marmara Yeşil Mercimek Büyük,8690000500819,Paket,10,80,90,100
A1,Bakliyat Bölümü 1,2,2,10,A1-M02-K02-S10,Usta Yeşil Mercimek Büyük,8690000500826,Paket,10,90,100,100
A1,Bakliyat Bölümü 1,2,3,1,A1-M02-K03-S01,Günlük Yeşil Mercimek Standart,8690000500833,Paket,9,0,9,99
A1,Bakliyat Bölümü 1,2,3,2,A1-M02-K03-S02,Evimiz Yeşil Mercimek Standart,8690000500840,Paket,9,9,18,99
A1,Bakliyat Bölümü 1,2,3,3,A1-M02-K03-S03,Doğa Yeşil Mercimek Standart,8690000500857,Paket,9,18,27,99
A1,Bakliyat Bölümü 1,2,3,4,A1-M02-K03-S04,Premium Yeşil Mercimek Standart,8690000500864,Paket,9,27,36,99
A1,Bakliyat Bölümü 1,2,3,5,A1-M02-K03-S05,Emigro Yeşil Mercimek Standart,8690000500871,Paket,9,36,45,99
A1,Bakliyat Bölümü 1,2,3,6,A1-M02-K03-S06,Anadolu Yeşil Mercimek Standart,8690000500888,Paket,9,45,54,99
A1,Bakliyat Bölümü 1,2,3,7,A1-M02-K03-S07,Bereket Yeşil Mercimek Standart,8690000500895,Paket,9,54,63,99
A1,Bakliyat Bölümü 1,2,3,8,A1-M02-K03-S08,Marmara Yeşil Mercimek Standart,8690000500901,Paket,9,63,72,99
A1,Bakliyat Bölümü 1,2,3,9,A1-M02-K03-S09,Usta Yeşil Mercimek Standart,8690000500918,Paket,9,72,81,99
A1,Bakliyat Bölümü 1,2,3,10,A1-M02-K03-S10,Lezzet Yeşil Mercimek Standart,8690000500925,Paket,9,81,90,99
A1,Bakliyat Bölümü 1,2,3,11,A1-M02-K03-S11,Günlük Yeşil Mercimek Standart,8690000500932,Paket,9,90,99,99
A1,Bakliyat Bölümü 1,2,4,1,A1-M02-K04-S01,Evimiz Yeşil Mercimek Orta,8690000500949,Paket,8,0,8,96
A1,Bakliyat Bölümü 1,2,4,2,A1-M02-K04-S02,Doğa Yeşil Mercimek Orta,8690000500956,Paket,8,8,16,96
A1,Bakliyat Bölümü 1,2,4,3,A1-M02-K04-S03,Premium Yeşil Mercimek Orta,8690000500963,Paket,8,16,24,96
A1,Bakliyat Bölümü 1,2,4,4,A1-M02-K04-S04,Emigro Yeşil Mercimek Orta,8690000500970,Paket,8,24,32,96
A1,Bakliyat Bölümü 1,2,4,5,A1-M02-K04-S05,Anadolu Yeşil Mercimek Orta,8690000500987,Paket,8,32,40,96
A1,Bakliyat Bölümü 1,2,4,6,A1-M02-K04-S06,Bereket Yeşil Mercimek Orta,8690000500994,Paket,8,40,48,96
A1,Bakliyat Bölümü 1,2,4,7,A1-M02-K04-S07,Marmara Yeşil Mercimek Orta,8690000501007,Paket,8,48,56,96
A1,Bakliyat Bölümü 1,2,4,8,A1-M02-K04-S08,Usta Yeşil Mercimek Orta,8690000501014,Paket,8,56,64,96
A1,Bakliyat Bölümü 1,2,4,9,A1-M02-K04-S09,Lezzet Yeşil Mercimek Orta,8690000501021,Paket,8,64,72,96
A1,Bakliyat Bölümü 1,2,4,10,A1-M02-K04-S10,Günlük Yeşil Mercimek Orta,8690000501038,Paket,8,72,80,96
A1,Bakliyat Bölümü 1,2,4,11,A1-M02-K04-S11,Evimiz Yeşil Mercimek Orta,8690000501045,Paket,8,80,88,96
A1,Bakliyat Bölümü 1,2,4,12,A1-M02-K04-S12,Doğa Yeşil Mercimek Orta,8690000501052,Paket,8,88,96,96
A1,Bakliyat Bölümü 1,2,5,1,A1-M02-K05-S01,Doğa Yeşil Mercimek Küçük,8690000501069,Paket,7,0,7,98
A1,Bakliyat Bölümü 1,2,5,2,A1-M02-K05-S02,Premium Yeşil Mercimek Küçük,8690000501076,Paket,7,7,14,98
A1,Bakliyat Bölümü 1,2,5,3,A1-M02-K05-S03,Emigro Yeşil Mercimek Küçük,8690000501083,Paket,7,14,21,98
A1,Bakliyat Bölümü 1,2,5,4,A1-M02-K05-S04,Anadolu Yeşil Mercimek Küçük,8690000501090,Paket,7,21,28,98
A1,Bakliyat Bölümü 1,2,5,5,A1-M02-K05-S05,Bereket Yeşil Mercimek Küçük,8690000501106,Paket,7,28,35,98
A1,Bakliyat Bölümü 1,2,5,6,A1-M02-K05-S06,Marmara Yeşil Mercimek Küçük,8690000501113,Paket,7,35,42,98
A1,Bakliyat Bölümü 1,2,5,7,A1-M02-K05-S07,Usta Yeşil Mercimek Küçük,8690000501120,Paket,7,42,49,98
A1,Bakliyat Bölümü 1,2,5,8,A1-M02-K05-S08,Lezzet Yeşil Mercimek Küçük,8690000501137,Paket,7,49,56,98
A1,Bakliyat Bölümü 1,2,5,9,A1-M02-K05-S09,Günlük Yeşil Mercimek Küçük,8690000501144,Paket,7,56,63,98
A1,Bakliyat Bölümü 1,2,5,10,A1-M02-K05-S10,Evimiz Yeşil Mercimek Küçük,8690000501151,Paket,7,63,70,98
A1,Bakliyat Bölümü 1,2,5,11,A1-M02-K05-S11,Doğa Yeşil Mercimek Küçük,8690000501168,Paket,7,70,77,98
A1,Bakliyat Bölümü 1,2,5,12,A1-M02-K05-S12,Premium Yeşil Mercimek Küçük,8690000501175,Paket,7,77,84,98
A1,Bakliyat Bölümü 1,2,5,13,A1-M02-K05-S13,Emigro Yeşil Mercimek Küçük,8690000501182,Paket,7,84,91,98
A1,Bakliyat Bölümü 1,2,5,14,A1-M02-K05-S14,Anadolu Yeşil Mercimek Küçük,8690000501199,Paket,7,91,98,98
A1,Bakliyat Bölümü 1,2,6,1,A1-M02-K06-S01,Premium Yeşil Mercimek Mini,8690000501205,Paket,6,0,6,96
A1,Bakliyat Bölümü 1,2,6,2,A1-M02-K06-S02,Emigro Yeşil Mercimek Mini,8690000501212,Paket,6,6,12,96
A1,Bakliyat Bölümü 1,2,6,3,A1-M02-K06-S03,Anadolu Yeşil Mercimek Mini,8690000501229,Paket,6,12,18,96
A1,Bakliyat Bölümü 1,2,6,4,A1-M02-K06-S04,Bereket Yeşil Mercimek Mini,8690000501236,Paket,6,18,24,96
A1,Bakliyat Bölümü 1,2,6,5,A1-M02-K06-S05,Marmara Yeşil Mercimek Mini,8690000501243,Paket,6,24,30,96
A1,Bakliyat Bölümü 1,2,6,6,A1-M02-K06-S06,Usta Yeşil Mercimek Mini,8690000501250,Paket,6,30,36,96
A1,Bakliyat Bölümü 1,2,6,7,A1-M02-K06-S07,Lezzet Yeşil Mercimek Mini,8690000501267,Paket,6,36,42,96
A1,Bakliyat Bölümü 1,2,6,8,A1-M02-K06-S08,Günlük Yeşil Mercimek Mini,8690000501274,Paket,6,42,48,96
A1,Bakliyat Bölümü 1,2,6,9,A1-M02-K06-S09,Evimiz Yeşil Mercimek Mini,8690000501281,Paket,6,48,54,96
A1,Bakliyat Bölümü 1,2,6,10,A1-M02-K06-S10,Doğa Yeşil Mercimek Mini,8690000501298,Paket,6,54,60,96
A1,Bakliyat Bölümü 1,2,6,11,A1-M02-K06-S11,Premium Yeşil Mercimek Mini,8690000501304,Paket,6,60,66,96
A1,Bakliyat Bölümü 1,2,6,12,A1-M02-K06-S12,Emigro Yeşil Mercimek Mini,8690000501311,Paket,6,66,72,96
A1,Bakliyat Bölümü 1,2,6,13,A1-M02-K06-S13,Anadolu Yeşil Mercimek Mini,8690000501328,Paket,6,72,78,96
A1,Bakliyat Bölümü 1,2,6,14,A1-M02-K06-S14,Bereket Yeşil Mercimek Mini,8690000501335,Paket,6,78,84,96
A1,Bakliyat Bölümü 1,2,6,15,A1-M02-K06-S15,Marmara Yeşil Mercimek Mini,8690000501342,Paket,6,84,90,96
A1,Bakliyat Bölümü 1,2,6,16,A1-M02-K06-S16,Usta Yeşil Mercimek Mini,8690000501359,Paket,6,90,96,96
A1,Bakliyat Bölümü 1,3,1,1,A1-M03-K01-S01,Lezzet Nohut XL,8690000501366,Paket,14,0,14,98
A1,Bakliyat Bölümü 1,3,1,2,A1-M03-K01-S02,Günlük Nohut XL,8690000501373,Paket,14,14,28,98
A1,Bakliyat Bölümü 1,3,1,3,A1-M03-K01-S03,Evimiz Nohut XL,8690000501380,Paket,14,28,42,98
A1,Bakliyat Bölümü 1,3,1,4,A1-M03-K01-S04,Doğa Nohut XL,8690000501397,Paket,14,42,56,98
A1,Bakliyat Bölümü 1,3,1,5,A1-M03-K01-S05,Premium Nohut XL,8690000501403,Paket,14,56,70,98
A1,Bakliyat Bölümü 1,3,1,6,A1-M03-K01-S06,Emigro Nohut XL,8690000501410,Paket,14,70,84,98
A1,Bakliyat Bölümü 1,3,1,7,A1-M03-K01-S07,Anadolu Nohut XL,8690000501427,Paket,14,84,98,98
A1,Bakliyat Bölümü 1,3,2,1,A1-M03-K02-S01,Günlük Nohut Büyük,8690000501434,Paket,13,0,13,91
A1,Bakliyat Bölümü 1,3,2,2,A1-M03-K02-S02,Evimiz Nohut Büyük,8690000501441,Paket,13,13,26,91
A1,Bakliyat Bölümü 1,3,2,3,A1-M03-K02-S03,Doğa Nohut Büyük,8690000501458,Paket,13,26,39,91
A1,Bakliyat Bölümü 1,3,2,4,A1-M03-K02-S04,Premium Nohut Büyük,8690000501465,Paket,13,39,52,91
A1,Bakliyat Bölümü 1,3,2,5,A1-M03-K02-S05,Emigro Nohut Büyük,8690000501472,Paket,13,52,65,91
A1,Bakliyat Bölümü 1,3,2,6,A1-M03-K02-S06,Anadolu Nohut Büyük,8690000501489,Paket,13,65,78,91
A1,Bakliyat Bölümü 1,3,2,7,A1-M03-K02-S07,Bereket Nohut Büyük,8690000501496,Paket,13,78,91,91
A1,Bakliyat Bölümü 1,3,3,1,A1-M03-K03-S01,Evimiz Nohut Standart,8690000501502,Paket,11,0,11,99
A1,Bakliyat Bölümü 1,3,3,2,A1-M03-K03-S02,Doğa Nohut Standart,8690000501519,Paket,11,11,22,99
A1,Bakliyat Bölümü 1,3,3,3,A1-M03-K03-S03,Premium Nohut Standart,8690000501526,Paket,11,22,33,99
A1,Bakliyat Bölümü 1,3,3,4,A1-M03-K03-S04,Emigro Nohut Standart,8690000501533,Paket,11,33,44,99
A1,Bakliyat Bölümü 1,3,3,5,A1-M03-K03-S05,Anadolu Nohut Standart,8690000501540,Paket,11,44,55,99
A1,Bakliyat Bölümü 1,3,3,6,A1-M03-K03-S06,Bereket Nohut Standart,8690000501557,Paket,11,55,66,99
A1,Bakliyat Bölümü 1,3,3,7,A1-M03-K03-S07,Marmara Nohut Standart,8690000501564,Paket,11,66,77,99
A1,Bakliyat Bölümü 1,3,3,8,A1-M03-K03-S08,Usta Nohut Standart,8690000501571,Paket,11,77,88,99
A1,Bakliyat Bölümü 1,3,3,9,A1-M03-K03-S09,Lezzet Nohut Standart,8690000501588,Paket,11,88,99,99
A1,Bakliyat Bölümü 1,3,4,1,A1-M03-K04-S01,Doğa Nohut Orta,8690000501595,Paket,10,0,10,100
A1,Bakliyat Bölümü 1,3,4,2,A1-M03-K04-S02,Premium Nohut Orta,8690000501601,Paket,10,10,20,100
A1,Bakliyat Bölümü 1,3,4,3,A1-M03-K04-S03,Emigro Nohut Orta,8690000501618,Paket,10,20,30,100
A1,Bakliyat Bölümü 1,3,4,4,A1-M03-K04-S04,Anadolu Nohut Orta,8690000501625,Paket,10,30,40,100
A1,Bakliyat Bölümü 1,3,4,5,A1-M03-K04-S05,Bereket Nohut Orta,8690000501632,Paket,10,40,50,100
A1,Bakliyat Bölümü 1,3,4,6,A1-M03-K04-S06,Marmara Nohut Orta,8690000501649,Paket,10,50,60,100
A1,Bakliyat Bölümü 1,3,4,7,A1-M03-K04-S07,Usta Nohut Orta,8690000501656,Paket,10,60,70,100
A1,Bakliyat Bölümü 1,3,4,8,A1-M03-K04-S08,Lezzet Nohut Orta,8690000501663,Paket,10,70,80,100
A1,Bakliyat Bölümü 1,3,4,9,A1-M03-K04-S09,Günlük Nohut Orta,8690000501670,Paket,10,80,90,100
A1,Bakliyat Bölümü 1,3,4,10,A1-M03-K04-S10,Evimiz Nohut Orta,8690000501687,Paket,10,90,100,100
A1,Bakliyat Bölümü 1,3,5,1,A1-M03-K05-S01,Premium Nohut Küçük,8690000501694,Paket,9,0,9,99
A1,Bakliyat Bölümü 1,3,5,2,A1-M03-K05-S02,Emigro Nohut Küçük,8690000501700,Paket,9,9,18,99
A1,Bakliyat Bölümü 1,3,5,3,A1-M03-K05-S03,Anadolu Nohut Küçük,8690000501717,Paket,9,18,27,99
A1,Bakliyat Bölümü 1,3,5,4,A1-M03-K05-S04,Bereket Nohut Küçük,8690000501724,Paket,9,27,36,99
A1,Bakliyat Bölümü 1,3,5,5,A1-M03-K05-S05,Marmara Nohut Küçük,8690000501731,Paket,9,36,45,99
A1,Bakliyat Bölümü 1,3,5,6,A1-M03-K05-S06,Usta Nohut Küçük,8690000501748,Paket,9,45,54,99
A1,Bakliyat Bölümü 1,3,5,7,A1-M03-K05-S07,Lezzet Nohut Küçük,8690000501755,Paket,9,54,63,99
A1,Bakliyat Bölümü 1,3,5,8,A1-M03-K05-S08,Günlük Nohut Küçük,8690000501762,Paket,9,63,72,99
A1,Bakliyat Bölümü 1,3,5,9,A1-M03-K05-S09,Evimiz Nohut Küçük,8690000501779,Paket,9,72,81,99
A1,Bakliyat Bölümü 1,3,5,10,A1-M03-K05-S10,Doğa Nohut Küçük,8690000501786,Paket,9,81,90,99
A1,Bakliyat Bölümü 1,3,5,11,A1-M03-K05-S11,Premium Nohut Küçük,8690000501793,Paket,9,90,99,99
A1,Bakliyat Bölümü 1,3,6,1,A1-M03-K06-S01,Emigro Nohut Mini,8690000501809,Paket,8,0,8,96
A1,Bakliyat Bölümü 1,3,6,2,A1-M03-K06-S02,Anadolu Nohut Mini,8690000501816,Paket,8,8,16,96
A1,Bakliyat Bölümü 1,3,6,3,A1-M03-K06-S03,Bereket Nohut Mini,8690000501823,Paket,8,16,24,96
A1,Bakliyat Bölümü 1,3,6,4,A1-M03-K06-S04,Marmara Nohut Mini,8690000501830,Paket,8,24,32,96
A1,Bakliyat Bölümü 1,3,6,5,A1-M03-K06-S05,Usta Nohut Mini,8690000501847,Paket,8,32,40,96
A1,Bakliyat Bölümü 1,3,6,6,A1-M03-K06-S06,Lezzet Nohut Mini,8690000501854,Paket,8,40,48,96
A1,Bakliyat Bölümü 1,3,6,7,A1-M03-K06-S07,Günlük Nohut Mini,8690000501861,Paket,8,48,56,96
A1,Bakliyat Bölümü 1,3,6,8,A1-M03-K06-S08,Evimiz Nohut Mini,8690000501878,Paket,8,56,64,96
A1,Bakliyat Bölümü 1,3,6,9,A1-M03-K06-S09,Doğa Nohut Mini,8690000501885,Paket,8,64,72,96
A1,Bakliyat Bölümü 1,3,6,10,A1-M03-K06-S10,Premium Nohut Mini,8690000501892,Paket,8,72,80,96
A1,Bakliyat Bölümü 1,3,6,11,A1-M03-K06-S11,Emigro Nohut Mini,8690000501908,Paket,8,80,88,96
A1,Bakliyat Bölümü 1,3,6,12,A1-M03-K06-S12,Anadolu Nohut Mini,8690000501915,Paket,8,88,96,96
A1,Bakliyat Bölümü 1,4,1,1,A1-M04-K01-S01,Günlük Kuru Fasulye XL,8690000501922,Paket,12,0,12,96
A1,Bakliyat Bölümü 1,4,1,2,A1-M04-K01-S02,Evimiz Kuru Fasulye XL,8690000501939,Paket,12,12,24,96
A1,Bakliyat Bölümü 1,4,1,3,A1-M04-K01-S03,Doğa Kuru Fasulye XL,8690000501946,Paket,12,24,36,96
A1,Bakliyat Bölümü 1,4,1,4,A1-M04-K01-S04,Premium Kuru Fasulye XL,8690000501953,Paket,12,36,48,96
A1,Bakliyat Bölümü 1,4,1,5,A1-M04-K01-S05,Emigro Kuru Fasulye XL,8690000501960,Paket,12,48,60,96
A1,Bakliyat Bölümü 1,4,1,6,A1-M04-K01-S06,Anadolu Kuru Fasulye XL,8690000501977,Paket,12,60,72,96
A1,Bakliyat Bölümü 1,4,1,7,A1-M04-K01-S07,Bereket Kuru Fasulye XL,8690000501984,Paket,12,72,84,96
A1,Bakliyat Bölümü 1,4,1,8,A1-M04-K01-S08,Marmara Kuru Fasulye XL,8690000501991,Paket,12,84,96,96
A1,Bakliyat Bölümü 1,4,2,1,A1-M04-K02-S01,Evimiz Kuru Fasulye Büyük,8690000502004,Paket,12,0,12,96
A1,Bakliyat Bölümü 1,4,2,2,A1-M04-K02-S02,Doğa Kuru Fasulye Büyük,8690000502011,Paket,12,12,24,96
A1,Bakliyat Bölümü 1,4,2,3,A1-M04-K02-S03,Premium Kuru Fasulye Büyük,8690000502028,Paket,12,24,36,96
A1,Bakliyat Bölümü 1,4,2,4,A1-M04-K02-S04,Emigro Kuru Fasulye Büyük,8690000502035,Paket,12,36,48,96
A1,Bakliyat Bölümü 1,4,2,5,A1-M04-K02-S05,Anadolu Kuru Fasulye Büyük,8690000502042,Paket,12,48,60,96
A1,Bakliyat Bölümü 1,4,2,6,A1-M04-K02-S06,Bereket Kuru Fasulye Büyük,8690000502059,Paket,12,60,72,96
A1,Bakliyat Bölümü 1,4,2,7,A1-M04-K02-S07,Marmara Kuru Fasulye Büyük,8690000502066,Paket,12,72,84,96
A1,Bakliyat Bölümü 1,4,2,8,A1-M04-K02-S08,Usta Kuru Fasulye Büyük,8690000502073,Paket,12,84,96,96
A1,Bakliyat Bölümü 1,4,3,1,A1-M04-K03-S01,Doğa Kuru Fasulye Standart,8690000502080,Paket,10,0,10,100
A1,Bakliyat Bölümü 1,4,3,2,A1-M04-K03-S02,Premium Kuru Fasulye Standart,8690000502097,Paket,10,10,20,100
A1,Bakliyat Bölümü 1,4,3,3,A1-M04-K03-S03,Emigro Kuru Fasulye Standart,8690000502103,Paket,10,20,30,100
A1,Bakliyat Bölümü 1,4,3,4,A1-M04-K03-S04,Anadolu Kuru Fasulye Standart,8690000502110,Paket,10,30,40,100
A1,Bakliyat Bölümü 1,4,3,5,A1-M04-K03-S05,Bereket Kuru Fasulye Standart,8690000502127,Paket,10,40,50,100
A1,Bakliyat Bölümü 1,4,3,6,A1-M04-K03-S06,Marmara Kuru Fasulye Standart,8690000502134,Paket,10,50,60,100
A1,Bakliyat Bölümü 1,4,3,7,A1-M04-K03-S07,Usta Kuru Fasulye Standart,8690000502141,Paket,10,60,70,100
A1,Bakliyat Bölümü 1,4,3,8,A1-M04-K03-S08,Lezzet Kuru Fasulye Standart,8690000502158,Paket,10,70,80,100
A1,Bakliyat Bölümü 1,4,3,9,A1-M04-K03-S09,Günlük Kuru Fasulye Standart,8690000502165,Paket,10,80,90,100
A1,Bakliyat Bölümü 1,4,3,10,A1-M04-K03-S10,Evimiz Kuru Fasulye Standart,8690000502172,Paket,10,90,100,100
A1,Bakliyat Bölümü 1,4,4,1,A1-M04-K04-S01,Premium Kuru Fasulye Orta,8690000502189,Paket,9,0,9,99
A1,Bakliyat Bölümü 1,4,4,2,A1-M04-K04-S02,Emigro Kuru Fasulye Orta,8690000502196,Paket,9,9,18,99
A1,Bakliyat Bölümü 1,4,4,3,A1-M04-K04-S03,Anadolu Kuru Fasulye Orta,8690000502202,Paket,9,18,27,99
A1,Bakliyat Bölümü 1,4,4,4,A1-M04-K04-S04,Bereket Kuru Fasulye Orta,8690000502219,Paket,9,27,36,99
A1,Bakliyat Bölümü 1,4,4,5,A1-M04-K04-S05,Marmara Kuru Fasulye Orta,8690000502226,Paket,9,36,45,99
A1,Bakliyat Bölümü 1,4,4,6,A1-M04-K04-S06,Usta Kuru Fasulye Orta,8690000502233,Paket,9,45,54,99
A1,Bakliyat Bölümü 1,4,4,7,A1-M04-K04-S07,Lezzet Kuru Fasulye Orta,8690000502240,Paket,9,54,63,99
A1,Bakliyat Bölümü 1,4,4,8,A1-M04-K04-S08,Günlük Kuru Fasulye Orta,8690000502257,Paket,9,63,72,99
A1,Bakliyat Bölümü 1,4,4,9,A1-M04-K04-S09,Evimiz Kuru Fasulye Orta,8690000502264,Paket,9,72,81,99
A1,Bakliyat Bölümü 1,4,4,10,A1-M04-K04-S10,Doğa Kuru Fasulye Orta,8690000502271,Paket,9,81,90,99
A1,Bakliyat Bölümü 1,4,4,11,A1-M04-K04-S11,Premium Kuru Fasulye Orta,8690000502288,Paket,9,90,99,99
A1,Bakliyat Bölümü 1,4,5,1,A1-M04-K05-S01,Emigro Kuru Fasulye Küçük,8690000502295,Paket,8,0,8,96
A1,Bakliyat Bölümü 1,4,5,2,A1-M04-K05-S02,Anadolu Kuru Fasulye Küçük,8690000502301,Paket,8,8,16,96
A1,Bakliyat Bölümü 1,4,5,3,A1-M04-K05-S03,Bereket Kuru Fasulye Küçük,8690000502318,Paket,8,16,24,96
A1,Bakliyat Bölümü 1,4,5,4,A1-M04-K05-S04,Marmara Kuru Fasulye Küçük,8690000502325,Paket,8,24,32,96
A1,Bakliyat Bölümü 1,4,5,5,A1-M04-K05-S05,Usta Kuru Fasulye Küçük,8690000502332,Paket,8,32,40,96
A1,Bakliyat Bölümü 1,4,5,6,A1-M04-K05-S06,Lezzet Kuru Fasulye Küçük,8690000502349,Paket,8,40,48,96
A1,Bakliyat Bölümü 1,4,5,7,A1-M04-K05-S07,Günlük Kuru Fasulye Küçük,8690000502356,Paket,8,48,56,96
A1,Bakliyat Bölümü 1,4,5,8,A1-M04-K05-S08,Evimiz Kuru Fasulye Küçük,8690000502363,Paket,8,56,64,96
A1,Bakliyat Bölümü 1,4,5,9,A1-M04-K05-S09,Doğa Kuru Fasulye Küçük,8690000502370,Paket,8,64,72,96
A1,Bakliyat Bölümü 1,4,5,10,A1-M04-K05-S10,Premium Kuru Fasulye Küçük,8690000502387,Paket,8,72,80,96
A1,Bakliyat Bölümü 1,4,5,11,A1-M04-K05-S11,Emigro Kuru Fasulye Küçük,8690000502394,Paket,8,80,88,96
A1,Bakliyat Bölümü 1,4,5,12,A1-M04-K05-S12,Anadolu Kuru Fasulye Küçük,8690000502400,Paket,8,88,96,96
A1,Bakliyat Bölümü 1,4,6,1,A1-M04-K06-S01,Anadolu Kuru Fasulye Mini,8690000502417,Paket,7,0,7,98
A1,Bakliyat Bölümü 1,4,6,2,A1-M04-K06-S02,Bereket Kuru Fasulye Mini,8690000502424,Paket,7,7,14,98
A1,Bakliyat Bölümü 1,4,6,3,A1-M04-K06-S03,Marmara Kuru Fasulye Mini,8690000502431,Paket,7,14,21,98
A1,Bakliyat Bölümü 1,4,6,4,A1-M04-K06-S04,Usta Kuru Fasulye Mini,8690000502448,Paket,7,21,28,98
A1,Bakliyat Bölümü 1,4,6,5,A1-M04-K06-S05,Lezzet Kuru Fasulye Mini,8690000502455,Paket,7,28,35,98
A1,Bakliyat Bölümü 1,4,6,6,A1-M04-K06-S06,Günlük Kuru Fasulye Mini,8690000502462,Paket,7,35,42,98
A1,Bakliyat Bölümü 1,4,6,7,A1-M04-K06-S07,Evimiz Kuru Fasulye Mini,8690000502479,Paket,7,42,49,98
A1,Bakliyat Bölümü 1,4,6,8,A1-M04-K06-S08,Doğa Kuru Fasulye Mini,8690000502486,Paket,7,49,56,98
A1,Bakliyat Bölümü 1,4,6,9,A1-M04-K06-S09,Premium Kuru Fasulye Mini,8690000502493,Paket,7,56,63,98
A1,Bakliyat Bölümü 1,4,6,10,A1-M04-K06-S10,Emigro Kuru Fasulye Mini,8690000502509,Paket,7,63,70,98
A1,Bakliyat Bölümü 1,4,6,11,A1-M04-K06-S11,Anadolu Kuru Fasulye Mini,8690000502516,Paket,7,70,77,98
A1,Bakliyat Bölümü 1,4,6,12,A1-M04-K06-S12,Bereket Kuru Fasulye Mini,8690000502523,Paket,7,77,84,98
A1,Bakliyat Bölümü 1,4,6,13,A1-M04-K06-S13,Marmara Kuru Fasulye Mini,8690000502530,Paket,7,84,91,98
A1,Bakliyat Bölümü 1,4,6,14,A1-M04-K06-S14,Usta Kuru Fasulye Mini,8690000502547,Paket,7,91,98,98
A1,Bakliyat Bölümü 1,5,1,1,A1-M05-K01-S01,Evimiz Barbunya XL,8690000502554,Paket,12,0,12,96
A1,Bakliyat Bölümü 1,5,1,2,A1-M05-K01-S02,Doğa Barbunya XL,8690000502561,Paket,12,12,24,96
A1,Bakliyat Bölümü 1,5,1,3,A1-M05-K01-S03,Premium Barbunya XL,8690000502578,Paket,12,24,36,96
A1,Bakliyat Bölümü 1,5,1,4,A1-M05-K01-S04,Emigro Barbunya XL,8690000502585,Paket,12,36,48,96
A1,Bakliyat Bölümü 1,5,1,5,A1-M05-K01-S05,Anadolu Barbunya XL,8690000502592,Paket,12,48,60,96
A1,Bakliyat Bölümü 1,5,1,6,A1-M05-K01-S06,Bereket Barbunya XL,8690000502608,Paket,12,60,72,96
A1,Bakliyat Bölümü 1,5,1,7,A1-M05-K01-S07,Marmara Barbunya XL,8690000502615,Paket,12,72,84,96
A1,Bakliyat Bölümü 1,5,1,8,A1-M05-K01-S08,Usta Barbunya XL,8690000502622,Paket,12,84,96,96
A1,Bakliyat Bölümü 1,5,2,1,A1-M05-K02-S01,Doğa Barbunya Büyük,8690000502639,Paket,12,0,12,96
A1,Bakliyat Bölümü 1,5,2,2,A1-M05-K02-S02,Premium Barbunya Büyük,8690000502646,Paket,12,12,24,96
A1,Bakliyat Bölümü 1,5,2,3,A1-M05-K02-S03,Emigro Barbunya Büyük,8690000502653,Paket,12,24,36,96
A1,Bakliyat Bölümü 1,5,2,4,A1-M05-K02-S04,Anadolu Barbunya Büyük,8690000502660,Paket,12,36,48,96
A1,Bakliyat Bölümü 1,5,2,5,A1-M05-K02-S05,Bereket Barbunya Büyük,8690000502677,Paket,12,48,60,96
A1,Bakliyat Bölümü 1,5,2,6,A1-M05-K02-S06,Marmara Barbunya Büyük,8690000502684,Paket,12,60,72,96
A1,Bakliyat Bölümü 1,5,2,7,A1-M05-K02-S07,Usta Barbunya Büyük,8690000502691,Paket,12,72,84,96
A1,Bakliyat Bölümü 1,5,2,8,A1-M05-K02-S08,Lezzet Barbunya Büyük,8690000502707,Paket,12,84,96,96
A1,Bakliyat Bölümü 1,5,3,1,A1-M05-K03-S01,Premium Barbunya Standart,8690000502714,Paket,10,0,10,100
A1,Bakliyat Bölümü 1,5,3,2,A1-M05-K03-S02,Emigro Barbunya Standart,8690000502721,Paket,10,10,20,100
A1,Bakliyat Bölümü 1,5,3,3,A1-M05-K03-S03,Anadolu Barbunya Standart,8690000502738,Paket,10,20,30,100
A1,Bakliyat Bölümü 1,5,3,4,A1-M05-K03-S04,Bereket Barbunya Standart,8690000502745,Paket,10,30,40,100
A1,Bakliyat Bölümü 1,5,3,5,A1-M05-K03-S05,Marmara Barbunya Standart,8690000502752,Paket,10,40,50,100
A1,Bakliyat Bölümü 1,5,3,6,A1-M05-K03-S06,Usta Barbunya Standart,8690000502769,Paket,10,50,60,100
A1,Bakliyat Bölümü 1,5,3,7,A1-M05-K03-S07,Lezzet Barbunya Standart,8690000502776,Paket,10,60,70,100
A1,Bakliyat Bölümü 1,5,3,8,A1-M05-K03-S08,Günlük Barbunya Standart,8690000502783,Paket,10,70,80,100
A1,Bakliyat Bölümü 1,5,3,9,A1-M05-K03-S09,Evimiz Barbunya Standart,8690000502790,Paket,10,80,90,100
A1,Bakliyat Bölümü 1,5,3,10,A1-M05-K03-S10,Doğa Barbunya Standart,8690000502806,Paket,10,90,100,100
A1,Bakliyat Bölümü 1,5,4,1,A1-M05-K04-S01,Emigro Barbunya Orta,8690000502813,Paket,9,0,9,99
A1,Bakliyat Bölümü 1,5,4,2,A1-M05-K04-S02,Anadolu Barbunya Orta,8690000502820,Paket,9,9,18,99
A1,Bakliyat Bölümü 1,5,4,3,A1-M05-K04-S03,Bereket Barbunya Orta,8690000502837,Paket,9,18,27,99
A1,Bakliyat Bölümü 1,5,4,4,A1-M05-K04-S04,Marmara Barbunya Orta,8690000502844,Paket,9,27,36,99
A1,Bakliyat Bölümü 1,5,4,5,A1-M05-K04-S05,Usta Barbunya Orta,8690000502851,Paket,9,36,45,99
A1,Bakliyat Bölümü 1,5,4,6,A1-M05-K04-S06,Lezzet Barbunya Orta,8690000502868,Paket,9,45,54,99
A1,Bakliyat Bölümü 1,5,4,7,A1-M05-K04-S07,Günlük Barbunya Orta,8690000502875,Paket,9,54,63,99
A1,Bakliyat Bölümü 1,5,4,8,A1-M05-K04-S08,Evimiz Barbunya Orta,8690000502882,Paket,9,63,72,99
A1,Bakliyat Bölümü 1,5,4,9,A1-M05-K04-S09,Doğa Barbunya Orta,8690000502899,Paket,9,72,81,99
A1,Bakliyat Bölümü 1,5,4,10,A1-M05-K04-S10,Premium Barbunya Orta,8690000502905,Paket,9,81,90,99
A1,Bakliyat Bölümü 1,5,4,11,A1-M05-K04-S11,Emigro Barbunya Orta,8690000502912,Paket,9,90,99,99
A1,Bakliyat Bölümü 1,5,5,1,A1-M05-K05-S01,Anadolu Barbunya Küçük,8690000502929,Paket,8,0,8,96
A1,Bakliyat Bölümü 1,5,5,2,A1-M05-K05-S02,Bereket Barbunya Küçük,8690000502936,Paket,8,8,16,96
A1,Bakliyat Bölümü 1,5,5,3,A1-M05-K05-S03,Marmara Barbunya Küçük,8690000502943,Paket,8,16,24,96
A1,Bakliyat Bölümü 1,5,5,4,A1-M05-K05-S04,Usta Barbunya Küçük,8690000502950,Paket,8,24,32,96
A1,Bakliyat Bölümü 1,5,5,5,A1-M05-K05-S05,Lezzet Barbunya Küçük,8690000502967,Paket,8,32,40,96
A1,Bakliyat Bölümü 1,5,5,6,A1-M05-K05-S06,Günlük Barbunya Küçük,8690000502974,Paket,8,40,48,96
A1,Bakliyat Bölümü 1,5,5,7,A1-M05-K05-S07,Evimiz Barbunya Küçük,8690000502981,Paket,8,48,56,96
A1,Bakliyat Bölümü 1,5,5,8,A1-M05-K05-S08,Doğa Barbunya Küçük,8690000502998,Paket,8,56,64,96
A1,Bakliyat Bölümü 1,5,5,9,A1-M05-K05-S09,Premium Barbunya Küçük,8690000503001,Paket,8,64,72,96
A1,Bakliyat Bölümü 1,5,5,10,A1-M05-K05-S10,Emigro Barbunya Küçük,8690000503018,Paket,8,72,80,96
A1,Bakliyat Bölümü 1,5,5,11,A1-M05-K05-S11,Anadolu Barbunya Küçük,8690000503025,Paket,8,80,88,96
A1,Bakliyat Bölümü 1,5,5,12,A1-M05-K05-S12,Bereket Barbunya Küçük,8690000503032,Paket,8,88,96,96
A1,Bakliyat Bölümü 1,5,6,1,A1-M05-K06-S01,Bereket Barbunya Mini,8690000503049,Paket,7,0,7,98
A1,Bakliyat Bölümü 1,5,6,2,A1-M05-K06-S02,Marmara Barbunya Mini,8690000503056,Paket,7,7,14,98
A1,Bakliyat Bölümü 1,5,6,3,A1-M05-K06-S03,Usta Barbunya Mini,8690000503063,Paket,7,14,21,98
A1,Bakliyat Bölümü 1,5,6,4,A1-M05-K06-S04,Lezzet Barbunya Mini,8690000503070,Paket,7,21,28,98
A1,Bakliyat Bölümü 1,5,6,5,A1-M05-K06-S05,Günlük Barbunya Mini,8690000503087,Paket,7,28,35,98
A1,Bakliyat Bölümü 1,5,6,6,A1-M05-K06-S06,Evimiz Barbunya Mini,8690000503094,Paket,7,35,42,98
A1,Bakliyat Bölümü 1,5,6,7,A1-M05-K06-S07,Doğa Barbunya Mini,8690000503100,Paket,7,42,49,98
A1,Bakliyat Bölümü 1,5,6,8,A1-M05-K06-S08,Premium Barbunya Mini,8690000503117,Paket,7,49,56,98
A1,Bakliyat Bölümü 1,5,6,9,A1-M05-K06-S09,Emigro Barbunya Mini,8690000503124,Paket,7,56,63,98
A1,Bakliyat Bölümü 1,5,6,10,A1-M05-K06-S10,Anadolu Barbunya Mini,8690000503131,Paket,7,63,70,98
A1,Bakliyat Bölümü 1,5,6,11,A1-M05-K06-S11,Bereket Barbunya Mini,8690000503148,Paket,7,70,77,98
A1,Bakliyat Bölümü 1,5,6,12,A1-M05-K06-S12,Marmara Barbunya Mini,8690000503155,Paket,7,77,84,98
A1,Bakliyat Bölümü 1,5,6,13,A1-M05-K06-S13,Usta Barbunya Mini,8690000503162,Paket,7,84,91,98
A1,Bakliyat Bölümü 1,5,6,14,A1-M05-K06-S14,Lezzet Barbunya Mini,8690000503179,Paket,7,91,98,98
A1,Bakliyat Bölümü 1,6,1,1,A1-M06-K01-S01,Doğa Börülce XL,8690000503186,Paket,11,0,11,99
A1,Bakliyat Bölümü 1,6,1,2,A1-M06-K01-S02,Premium Börülce XL,8690000503193,Paket,11,11,22,99
A1,Bakliyat Bölümü 1,6,1,3,A1-M06-K01-S03,Emigro Börülce XL,8690000503209,Paket,11,22,33,99
A1,Bakliyat Bölümü 1,6,1,4,A1-M06-K01-S04,Anadolu Börülce XL,8690000503216,Paket,11,33,44,99
A1,Bakliyat Bölümü 1,6,1,5,A1-M06-K01-S05,Bereket Börülce XL,8690000503223,Paket,11,44,55,99
A1,Bakliyat Bölümü 1,6,1,6,A1-M06-K01-S06,Marmara Börülce XL,8690000503230,Paket,11,55,66,99
A1,Bakliyat Bölümü 1,6,1,7,A1-M06-K01-S07,Usta Börülce XL,8690000503247,Paket,11,66,77,99
A1,Bakliyat Bölümü 1,6,1,8,A1-M06-K01-S08,Lezzet Börülce XL,8690000503254,Paket,11,77,88,99
A1,Bakliyat Bölümü 1,6,1,9,A1-M06-K01-S09,Günlük Börülce XL,8690000503261,Paket,11,88,99,99
A1,Bakliyat Bölümü 1,6,2,1,A1-M06-K02-S01,Premium Börülce Büyük,8690000503278,Paket,10,0,10,100
A1,Bakliyat Bölümü 1,6,2,2,A1-M06-K02-S02,Emigro Börülce Büyük,8690000503285,Paket,10,10,20,100
A1,Bakliyat Bölümü 1,6,2,3,A1-M06-K02-S03,Anadolu Börülce Büyük,8690000503292,Paket,10,20,30,100
A1,Bakliyat Bölümü 1,6,2,4,A1-M06-K02-S04,Bereket Börülce Büyük,8690000503308,Paket,10,30,40,100
A1,Bakliyat Bölümü 1,6,2,5,A1-M06-K02-S05,Marmara Börülce Büyük,8690000503315,Paket,10,40,50,100
A1,Bakliyat Bölümü 1,6,2,6,A1-M06-K02-S06,Usta Börülce Büyük,8690000503322,Paket,10,50,60,100
A1,Bakliyat Bölümü 1,6,2,7,A1-M06-K02-S07,Lezzet Börülce Büyük,8690000503339,Paket,10,60,70,100
A1,Bakliyat Bölümü 1,6,2,8,A1-M06-K02-S08,Günlük Börülce Büyük,8690000503346,Paket,10,70,80,100
A1,Bakliyat Bölümü 1,6,2,9,A1-M06-K02-S09,Evimiz Börülce Büyük,8690000503353,Paket,10,80,90,100
A1,Bakliyat Bölümü 1,6,2,10,A1-M06-K02-S10,Doğa Börülce Büyük,8690000503360,Paket,10,90,100,100
A1,Bakliyat Bölümü 1,6,3,1,A1-M06-K03-S01,Emigro Börülce Standart,8690000503377,Paket,9,0,9,99
A1,Bakliyat Bölümü 1,6,3,2,A1-M06-K03-S02,Anadolu Börülce Standart,8690000503384,Paket,9,9,18,99
A1,Bakliyat Bölümü 1,6,3,3,A1-M06-K03-S03,Bereket Börülce Standart,8690000503391,Paket,9,18,27,99
A1,Bakliyat Bölümü 1,6,3,4,A1-M06-K03-S04,Marmara Börülce Standart,8690000503407,Paket,9,27,36,99
A1,Bakliyat Bölümü 1,6,3,5,A1-M06-K03-S05,Usta Börülce Standart,8690000503414,Paket,9,36,45,99
A1,Bakliyat Bölümü 1,6,3,6,A1-M06-K03-S06,Lezzet Börülce Standart,8690000503421,Paket,9,45,54,99
A1,Bakliyat Bölümü 1,6,3,7,A1-M06-K03-S07,Günlük Börülce Standart,8690000503438,Paket,9,54,63,99
A1,Bakliyat Bölümü 1,6,3,8,A1-M06-K03-S08,Evimiz Börülce Standart,8690000503445,Paket,9,63,72,99
A1,Bakliyat Bölümü 1,6,3,9,A1-M06-K03-S09,Doğa Börülce Standart,8690000503452,Paket,9,72,81,99
A1,Bakliyat Bölümü 1,6,3,10,A1-M06-K03-S10,Premium Börülce Standart,8690000503469,Paket,9,81,90,99
A1,Bakliyat Bölümü 1,6,3,11,A1-M06-K03-S11,Emigro Börülce Standart,8690000503476,Paket,9,90,99,99
A1,Bakliyat Bölümü 1,6,4,1,A1-M06-K04-S01,Anadolu Börülce Orta,8690000503483,Paket,8,0,8,96
A1,Bakliyat Bölümü 1,6,4,2,A1-M06-K04-S02,Bereket Börülce Orta,8690000503490,Paket,8,8,16,96
A1,Bakliyat Bölümü 1,6,4,3,A1-M06-K04-S03,Marmara Börülce Orta,8690000503506,Paket,8,16,24,96
A1,Bakliyat Bölümü 1,6,4,4,A1-M06-K04-S04,Usta Börülce Orta,8690000503513,Paket,8,24,32,96
A1,Bakliyat Bölümü 1,6,4,5,A1-M06-K04-S05,Lezzet Börülce Orta,8690000503520,Paket,8,32,40,96
A1,Bakliyat Bölümü 1,6,4,6,A1-M06-K04-S06,Günlük Börülce Orta,8690000503537,Paket,8,40,48,96
A1,Bakliyat Bölümü 1,6,4,7,A1-M06-K04-S07,Evimiz Börülce Orta,8690000503544,Paket,8,48,56,96
A1,Bakliyat Bölümü 1,6,4,8,A1-M06-K04-S08,Doğa Börülce Orta,8690000503551,Paket,8,56,64,96
A1,Bakliyat Bölümü 1,6,4,9,A1-M06-K04-S09,Premium Börülce Orta,8690000503568,Paket,8,64,72,96
A1,Bakliyat Bölümü 1,6,4,10,A1-M06-K04-S10,Emigro Börülce Orta,8690000503575,Paket,8,72,80,96
A1,Bakliyat Bölümü 1,6,4,11,A1-M06-K04-S11,Anadolu Börülce Orta,8690000503582,Paket,8,80,88,96
A1,Bakliyat Bölümü 1,6,4,12,A1-M06-K04-S12,Bereket Börülce Orta,8690000503599,Paket,8,88,96,96
A1,Bakliyat Bölümü 1,6,5,1,A1-M06-K05-S01,Bereket Börülce Küçük,8690000503605,Paket,7,0,7,98
A1,Bakliyat Bölümü 1,6,5,2,A1-M06-K05-S02,Marmara Börülce Küçük,8690000503612,Paket,7,7,14,98
A1,Bakliyat Bölümü 1,6,5,3,A1-M06-K05-S03,Usta Börülce Küçük,8690000503629,Paket,7,14,21,98
A1,Bakliyat Bölümü 1,6,5,4,A1-M06-K05-S04,Lezzet Börülce Küçük,8690000503636,Paket,7,21,28,98
A1,Bakliyat Bölümü 1,6,5,5,A1-M06-K05-S05,Günlük Börülce Küçük,8690000503643,Paket,7,28,35,98
A1,Bakliyat Bölümü 1,6,5,6,A1-M06-K05-S06,Evimiz Börülce Küçük,8690000503650,Paket,7,35,42,98
A1,Bakliyat Bölümü 1,6,5,7,A1-M06-K05-S07,Doğa Börülce Küçük,8690000503667,Paket,7,42,49,98
A1,Bakliyat Bölümü 1,6,5,8,A1-M06-K05-S08,Premium Börülce Küçük,8690000503674,Paket,7,49,56,98
A1,Bakliyat Bölümü 1,6,5,9,A1-M06-K05-S09,Emigro Börülce Küçük,8690000503681,Paket,7,56,63,98
A1,Bakliyat Bölümü 1,6,5,10,A1-M06-K05-S10,Anadolu Börülce Küçük,8690000503698,Paket,7,63,70,98
A1,Bakliyat Bölümü 1,6,5,11,A1-M06-K05-S11,Bereket Börülce Küçük,8690000503704,Paket,7,70,77,98
A1,Bakliyat Bölümü 1,6,5,12,A1-M06-K05-S12,Marmara Börülce Küçük,8690000503711,Paket,7,77,84,98
A1,Bakliyat Bölümü 1,6,5,13,A1-M06-K05-S13,Usta Börülce Küçük,8690000503728,Paket,7,84,91,98
A1,Bakliyat Bölümü 1,6,5,14,A1-M06-K05-S14,Lezzet Börülce Küçük,8690000503735,Paket,7,91,98,98
A1,Bakliyat Bölümü 1,6,6,1,A1-M06-K06-S01,Marmara Börülce Mini,8690000503742,Paket,6,0,6,96
A1,Bakliyat Bölümü 1,6,6,2,A1-M06-K06-S02,Usta Börülce Mini,8690000503759,Paket,6,6,12,96
A1,Bakliyat Bölümü 1,6,6,3,A1-M06-K06-S03,Lezzet Börülce Mini,8690000503766,Paket,6,12,18,96
A1,Bakliyat Bölümü 1,6,6,4,A1-M06-K06-S04,Günlük Börülce Mini,8690000503773,Paket,6,18,24,96
A1,Bakliyat Bölümü 1,6,6,5,A1-M06-K06-S05,Evimiz Börülce Mini,8690000503780,Paket,6,24,30,96
A1,Bakliyat Bölümü 1,6,6,6,A1-M06-K06-S06,Doğa Börülce Mini,8690000503797,Paket,6,30,36,96
A1,Bakliyat Bölümü 1,6,6,7,A1-M06-K06-S07,Premium Börülce Mini,8690000503803,Paket,6,36,42,96
A1,Bakliyat Bölümü 1,6,6,8,A1-M06-K06-S08,Emigro Börülce Mini,8690000503810,Paket,6,42,48,96
A1,Bakliyat Bölümü 1,6,6,9,A1-M06-K06-S09,Anadolu Börülce Mini,8690000503827,Paket,6,48,54,96
A1,Bakliyat Bölümü 1,6,6,10,A1-M06-K06-S10,Bereket Börülce Mini,8690000503834,Paket,6,54,60,96
A1,Bakliyat Bölümü 1,6,6,11,A1-M06-K06-S11,Marmara Börülce Mini,8690000503841,Paket,6,60,66,96
A1,Bakliyat Bölümü 1,6,6,12,A1-M06-K06-S12,Usta Börülce Mini,8690000503858,Paket,6,66,72,96
A1,Bakliyat Bölümü 1,6,6,13,A1-M06-K06-S13,Lezzet Börülce Mini,8690000503865,Paket,6,72,78,96
A1,Bakliyat Bölümü 1,6,6,14,A1-M06-K06-S14,Günlük Börülce Mini,8690000503872,Paket,6,78,84,96
A1,Bakliyat Bölümü 1,6,6,15,A1-M06-K06-S15,Evimiz Börülce Mini,8690000503889,Paket,6,84,90,96
A1,Bakliyat Bölümü 1,6,6,16,A1-M06-K06-S16,Doğa Börülce Mini,8690000503896,Paket,6,90,96,96
A1,Bakliyat Bölümü 1,7,1,1,A1-M07-K01-S01,Premium Maş Fasulyesi XL,8690000503902,Paket,10,0,10,100
A1,Bakliyat Bölümü 1,7,1,2,A1-M07-K01-S02,Emigro Maş Fasulyesi XL,8690000503919,Paket,10,10,20,100
A1,Bakliyat Bölümü 1,7,1,3,A1-M07-K01-S03,Anadolu Maş Fasulyesi XL,8690000503926,Paket,10,20,30,100
A1,Bakliyat Bölümü 1,7,1,4,A1-M07-K01-S04,Bereket Maş Fasulyesi XL,8690000503933,Paket,10,30,40,100
A1,Bakliyat Bölümü 1,7,1,5,A1-M07-K01-S05,Marmara Maş Fasulyesi XL,8690000503940,Paket,10,40,50,100
A1,Bakliyat Bölümü 1,7,1,6,A1-M07-K01-S06,Usta Maş Fasulyesi XL,8690000503957,Paket,10,50,60,100
A1,Bakliyat Bölümü 1,7,1,7,A1-M07-K01-S07,Lezzet Maş Fasulyesi XL,8690000503964,Paket,10,60,70,100
A1,Bakliyat Bölümü 1,7,1,8,A1-M07-K01-S08,Günlük Maş Fasulyesi XL,8690000503971,Paket,10,70,80,100
A1,Bakliyat Bölümü 1,7,1,9,A1-M07-K01-S09,Evimiz Maş Fasulyesi XL,8690000503988,Paket,10,80,90,100
A1,Bakliyat Bölümü 1,7,1,10,A1-M07-K01-S10,Doğa Maş Fasulyesi XL,8690000503995,Paket,10,90,100,100
A1,Bakliyat Bölümü 1,7,2,1,A1-M07-K02-S01,Emigro Maş Fasulyesi Büyük,8690000504008,Paket,9,0,9,99
A1,Bakliyat Bölümü 1,7,2,2,A1-M07-K02-S02,Anadolu Maş Fasulyesi Büyük,8690000504015,Paket,9,9,18,99
A1,Bakliyat Bölümü 1,7,2,3,A1-M07-K02-S03,Bereket Maş Fasulyesi Büyük,8690000504022,Paket,9,18,27,99
A1,Bakliyat Bölümü 1,7,2,4,A1-M07-K02-S04,Marmara Maş Fasulyesi Büyük,8690000504039,Paket,9,27,36,99
A1,Bakliyat Bölümü 1,7,2,5,A1-M07-K02-S05,Usta Maş Fasulyesi Büyük,8690000504046,Paket,9,36,45,99
A1,Bakliyat Bölümü 1,7,2,6,A1-M07-K02-S06,Lezzet Maş Fasulyesi Büyük,8690000504053,Paket,9,45,54,99
A1,Bakliyat Bölümü 1,7,2,7,A1-M07-K02-S07,Günlük Maş Fasulyesi Büyük,8690000504060,Paket,9,54,63,99
A1,Bakliyat Bölümü 1,7,2,8,A1-M07-K02-S08,Evimiz Maş Fasulyesi Büyük,8690000504077,Paket,9,63,72,99
A1,Bakliyat Bölümü 1,7,2,9,A1-M07-K02-S09,Doğa Maş Fasulyesi Büyük,8690000504084,Paket,9,72,81,99
A1,Bakliyat Bölümü 1,7,2,10,A1-M07-K02-S10,Premium Maş Fasulyesi Büyük,8690000504091,Paket,9,81,90,99
A1,Bakliyat Bölümü 1,7,2,11,A1-M07-K02-S11,Emigro Maş Fasulyesi Büyük,8690000504107,Paket,9,90,99,99
A1,Bakliyat Bölümü 1,7,3,1,A1-M07-K03-S01,Anadolu Maş Fasulyesi Standart,8690000504114,Paket,8,0,8,96
A1,Bakliyat Bölümü 1,7,3,2,A1-M07-K03-S02,Bereket Maş Fasulyesi Standart,8690000504121,Paket,8,8,16,96
A1,Bakliyat Bölümü 1,7,3,3,A1-M07-K03-S03,Marmara Maş Fasulyesi Standart,8690000504138,Paket,8,16,24,96
A1,Bakliyat Bölümü 1,7,3,4,A1-M07-K03-S04,Usta Maş Fasulyesi Standart,8690000504145,Paket,8,24,32,96
A1,Bakliyat Bölümü 1,7,3,5,A1-M07-K03-S05,Lezzet Maş Fasulyesi Standart,8690000504152,Paket,8,32,40,96
A1,Bakliyat Bölümü 1,7,3,6,A1-M07-K03-S06,Günlük Maş Fasulyesi Standart,8690000504169,Paket,8,40,48,96
A1,Bakliyat Bölümü 1,7,3,7,A1-M07-K03-S07,Evimiz Maş Fasulyesi Standart,8690000504176,Paket,8,48,56,96
A1,Bakliyat Bölümü 1,7,3,8,A1-M07-K03-S08,Doğa Maş Fasulyesi Standart,8690000504183,Paket,8,56,64,96
A1,Bakliyat Bölümü 1,7,3,9,A1-M07-K03-S09,Premium Maş Fasulyesi Standart,8690000504190,Paket,8,64,72,96
A1,Bakliyat Bölümü 1,7,3,10,A1-M07-K03-S10,Emigro Maş Fasulyesi Standart,8690000504206,Paket,8,72,80,96
A1,Bakliyat Bölümü 1,7,3,11,A1-M07-K03-S11,Anadolu Maş Fasulyesi Standart,8690000504213,Paket,8,80,88,96
A1,Bakliyat Bölümü 1,7,3,12,A1-M07-K03-S12,Bereket Maş Fasulyesi Standart,8690000504220,Paket,8,88,96,96
A1,Bakliyat Bölümü 1,7,4,1,A1-M07-K04-S01,Bereket Maş Fasulyesi Orta,8690000504237,Paket,7,0,7,98
A1,Bakliyat Bölümü 1,7,4,2,A1-M07-K04-S02,Marmara Maş Fasulyesi Orta,8690000504244,Paket,7,7,14,98
A1,Bakliyat Bölümü 1,7,4,3,A1-M07-K04-S03,Usta Maş Fasulyesi Orta,8690000504251,Paket,7,14,21,98
A1,Bakliyat Bölümü 1,7,4,4,A1-M07-K04-S04,Lezzet Maş Fasulyesi Orta,8690000504268,Paket,7,21,28,98
A1,Bakliyat Bölümü 1,7,4,5,A1-M07-K04-S05,Günlük Maş Fasulyesi Orta,8690000504275,Paket,7,28,35,98
A1,Bakliyat Bölümü 1,7,4,6,A1-M07-K04-S06,Evimiz Maş Fasulyesi Orta,8690000504282,Paket,7,35,42,98
A1,Bakliyat Bölümü 1,7,4,7,A1-M07-K04-S07,Doğa Maş Fasulyesi Orta,8690000504299,Paket,7,42,49,98
A1,Bakliyat Bölümü 1,7,4,8,A1-M07-K04-S08,Premium Maş Fasulyesi Orta,8690000504305,Paket,7,49,56,98
A1,Bakliyat Bölümü 1,7,4,9,A1-M07-K04-S09,Emigro Maş Fasulyesi Orta,8690000504312,Paket,7,56,63,98
A1,Bakliyat Bölümü 1,7,4,10,A1-M07-K04-S10,Anadolu Maş Fasulyesi Orta,8690000504329,Paket,7,63,70,98
A1,Bakliyat Bölümü 1,7,4,11,A1-M07-K04-S11,Bereket Maş Fasulyesi Orta,8690000504336,Paket,7,70,77,98
A1,Bakliyat Bölümü 1,7,4,12,A1-M07-K04-S12,Marmara Maş Fasulyesi Orta,8690000504343,Paket,7,77,84,98
A1,Bakliyat Bölümü 1,7,4,13,A1-M07-K04-S13,Usta Maş Fasulyesi Orta,8690000504350,Paket,7,84,91,98
A1,Bakliyat Bölümü 1,7,4,14,A1-M07-K04-S14,Lezzet Maş Fasulyesi Orta,8690000504367,Paket,7,91,98,98
A1,Bakliyat Bölümü 1,7,5,1,A1-M07-K05-S01,Marmara Maş Fasulyesi Küçük,8690000504374,Paket,6,0,6,96
A1,Bakliyat Bölümü 1,7,5,2,A1-M07-K05-S02,Usta Maş Fasulyesi Küçük,8690000504381,Paket,6,6,12,96
A1,Bakliyat Bölümü 1,7,5,3,A1-M07-K05-S03,Lezzet Maş Fasulyesi Küçük,8690000504398,Paket,6,12,18,96
A1,Bakliyat Bölümü 1,7,5,4,A1-M07-K05-S04,Günlük Maş Fasulyesi Küçük,8690000504404,Paket,6,18,24,96
A1,Bakliyat Bölümü 1,7,5,5,A1-M07-K05-S05,Evimiz Maş Fasulyesi Küçük,8690000504411,Paket,6,24,30,96
A1,Bakliyat Bölümü 1,7,5,6,A1-M07-K05-S06,Doğa Maş Fasulyesi Küçük,8690000504428,Paket,6,30,36,96
A1,Bakliyat Bölümü 1,7,5,7,A1-M07-K05-S07,Premium Maş Fasulyesi Küçük,8690000504435,Paket,6,36,42,96
A1,Bakliyat Bölümü 1,7,5,8,A1-M07-K05-S08,Emigro Maş Fasulyesi Küçük,8690000504442,Paket,6,42,48,96
A1,Bakliyat Bölümü 1,7,5,9,A1-M07-K05-S09,Anadolu Maş Fasulyesi Küçük,8690000504459,Paket,6,48,54,96
A1,Bakliyat Bölümü 1,7,5,10,A1-M07-K05-S10,Bereket Maş Fasulyesi Küçük,8690000504466,Paket,6,54,60,96
A1,Bakliyat Bölümü 1,7,5,11,A1-M07-K05-S11,Marmara Maş Fasulyesi Küçük,8690000504473,Paket,6,60,66,96
A1,Bakliyat Bölümü 1,7,5,12,A1-M07-K05-S12,Usta Maş Fasulyesi Küçük,8690000504480,Paket,6,66,72,96
A1,Bakliyat Bölümü 1,7,5,13,A1-M07-K05-S13,Lezzet Maş Fasulyesi Küçük,8690000504497,Paket,6,72,78,96
A1,Bakliyat Bölümü 1,7,5,14,A1-M07-K05-S14,Günlük Maş Fasulyesi Küçük,8690000504503,Paket,6,78,84,96
A1,Bakliyat Bölümü 1,7,5,15,A1-M07-K05-S15,Evimiz Maş Fasulyesi Küçük,8690000504510,Paket,6,84,90,96
A1,Bakliyat Bölümü 1,7,5,16,A1-M07-K05-S16,Doğa Maş Fasulyesi Küçük,8690000504527,Paket,6,90,96,96
A1,Bakliyat Bölümü 1,7,6,1,A1-M07-K06-S01,Usta Maş Fasulyesi Mini,8690000504534,Paket,6,0,6,96
A1,Bakliyat Bölümü 1,7,6,2,A1-M07-K06-S02,Lezzet Maş Fasulyesi Mini,8690000504541,Paket,6,6,12,96
A1,Bakliyat Bölümü 1,7,6,3,A1-M07-K06-S03,Günlük Maş Fasulyesi Mini,8690000504558,Paket,6,12,18,96
A1,Bakliyat Bölümü 1,7,6,4,A1-M07-K06-S04,Evimiz Maş Fasulyesi Mini,8690000504565,Paket,6,18,24,96
A1,Bakliyat Bölümü 1,7,6,5,A1-M07-K06-S05,Doğa Maş Fasulyesi Mini,8690000504572,Paket,6,24,30,96
A1,Bakliyat Bölümü 1,7,6,6,A1-M07-K06-S06,Premium Maş Fasulyesi Mini,8690000504589,Paket,6,30,36,96
A1,Bakliyat Bölümü 1,7,6,7,A1-M07-K06-S07,Emigro Maş Fasulyesi Mini,8690000504596,Paket,6,36,42,96
A1,Bakliyat Bölümü 1,7,6,8,A1-M07-K06-S08,Anadolu Maş Fasulyesi Mini,8690000504602,Paket,6,42,48,96
A1,Bakliyat Bölümü 1,7,6,9,A1-M07-K06-S09,Bereket Maş Fasulyesi Mini,8690000504619,Paket,6,48,54,96
A1,Bakliyat Bölümü 1,7,6,10,A1-M07-K06-S10,Marmara Maş Fasulyesi Mini,8690000504626,Paket,6,54,60,96
A1,Bakliyat Bölümü 1,7,6,11,A1-M07-K06-S11,Usta Maş Fasulyesi Mini,8690000504633,Paket,6,60,66,96
A1,Bakliyat Bölümü 1,7,6,12,A1-M07-K06-S12,Lezzet Maş Fasulyesi Mini,8690000504640,Paket,6,66,72,96
A1,Bakliyat Bölümü 1,7,6,13,A1-M07-K06-S13,Günlük Maş Fasulyesi Mini,8690000504657,Paket,6,72,78,96
A1,Bakliyat Bölümü 1,7,6,14,A1-M07-K06-S14,Evimiz Maş Fasulyesi Mini,8690000504664,Paket,6,78,84,96
A1,Bakliyat Bölümü 1,7,6,15,A1-M07-K06-S15,Doğa Maş Fasulyesi Mini,8690000504671,Paket,6,84,90,96
A1,Bakliyat Bölümü 1,7,6,16,A1-M07-K06-S16,Premium Maş Fasulyesi Mini,8690000504688,Paket,6,90,96,96
A1,Bakliyat Bölümü 1,8,1,1,A1-M08-K01-S01,Emigro Sarı Mercimek XL,8690000504695,Paket,12,0,12,96
A1,Bakliyat Bölümü 1,8,1,2,A1-M08-K01-S02,Anadolu Sarı Mercimek XL,8690000504701,Paket,12,12,24,96
A1,Bakliyat Bölümü 1,8,1,3,A1-M08-K01-S03,Bereket Sarı Mercimek XL,8690000504718,Paket,12,24,36,96
A1,Bakliyat Bölümü 1,8,1,4,A1-M08-K01-S04,Marmara Sarı Mercimek XL,8690000504725,Paket,12,36,48,96
A1,Bakliyat Bölümü 1,8,1,5,A1-M08-K01-S05,Usta Sarı Mercimek XL,8690000504732,Paket,12,48,60,96
A1,Bakliyat Bölümü 1,8,1,6,A1-M08-K01-S06,Lezzet Sarı Mercimek XL,8690000504749,Paket,12,60,72,96
A1,Bakliyat Bölümü 1,8,1,7,A1-M08-K01-S07,Günlük Sarı Mercimek XL,8690000504756,Paket,12,72,84,96
A1,Bakliyat Bölümü 1,8,1,8,A1-M08-K01-S08,Evimiz Sarı Mercimek XL,8690000504763,Paket,12,84,96,96
A1,Bakliyat Bölümü 1,8,2,1,A1-M08-K02-S01,Anadolu Sarı Mercimek Büyük,8690000504770,Paket,12,0,12,96
A1,Bakliyat Bölümü 1,8,2,2,A1-M08-K02-S02,Bereket Sarı Mercimek Büyük,8690000504787,Paket,12,12,24,96
A1,Bakliyat Bölümü 1,8,2,3,A1-M08-K02-S03,Marmara Sarı Mercimek Büyük,8690000504794,Paket,12,24,36,96
A1,Bakliyat Bölümü 1,8,2,4,A1-M08-K02-S04,Usta Sarı Mercimek Büyük,8690000504800,Paket,12,36,48,96
A1,Bakliyat Bölümü 1,8,2,5,A1-M08-K02-S05,Lezzet Sarı Mercimek Büyük,8690000504817,Paket,12,48,60,96
A1,Bakliyat Bölümü 1,8,2,6,A1-M08-K02-S06,Günlük Sarı Mercimek Büyük,8690000504824,Paket,12,60,72,96
A1,Bakliyat Bölümü 1,8,2,7,A1-M08-K02-S07,Evimiz Sarı Mercimek Büyük,8690000504831,Paket,12,72,84,96
A1,Bakliyat Bölümü 1,8,2,8,A1-M08-K02-S08,Doğa Sarı Mercimek Büyük,8690000504848,Paket,12,84,96,96
A1,Bakliyat Bölümü 1,8,3,1,A1-M08-K03-S01,Bereket Sarı Mercimek Standart,8690000504855,Paket,10,0,10,100
A1,Bakliyat Bölümü 1,8,3,2,A1-M08-K03-S02,Marmara Sarı Mercimek Standart,8690000504862,Paket,10,10,20,100
A1,Bakliyat Bölümü 1,8,3,3,A1-M08-K03-S03,Usta Sarı Mercimek Standart,8690000504879,Paket,10,20,30,100
A1,Bakliyat Bölümü 1,8,3,4,A1-M08-K03-S04,Lezzet Sarı Mercimek Standart,8690000504886,Paket,10,30,40,100
A1,Bakliyat Bölümü 1,8,3,5,A1-M08-K03-S05,Günlük Sarı Mercimek Standart,8690000504893,Paket,10,40,50,100
A1,Bakliyat Bölümü 1,8,3,6,A1-M08-K03-S06,Evimiz Sarı Mercimek Standart,8690000504909,Paket,10,50,60,100
A1,Bakliyat Bölümü 1,8,3,7,A1-M08-K03-S07,Doğa Sarı Mercimek Standart,8690000504916,Paket,10,60,70,100
A1,Bakliyat Bölümü 1,8,3,8,A1-M08-K03-S08,Premium Sarı Mercimek Standart,8690000504923,Paket,10,70,80,100
A1,Bakliyat Bölümü 1,8,3,9,A1-M08-K03-S09,Emigro Sarı Mercimek Standart,8690000504930,Paket,10,80,90,100
A1,Bakliyat Bölümü 1,8,3,10,A1-M08-K03-S10,Anadolu Sarı Mercimek Standart,8690000504947,Paket,10,90,100,100
A1,Bakliyat Bölümü 1,8,4,1,A1-M08-K04-S01,Marmara Sarı Mercimek Orta,8690000504954,Paket,9,0,9,99
A1,Bakliyat Bölümü 1,8,4,2,A1-M08-K04-S02,Usta Sarı Mercimek Orta,8690000504961,Paket,9,9,18,99
A1,Bakliyat Bölümü 1,8,4,3,A1-M08-K04-S03,Lezzet Sarı Mercimek Orta,8690000504978,Paket,9,18,27,99
A1,Bakliyat Bölümü 1,8,4,4,A1-M08-K04-S04,Günlük Sarı Mercimek Orta,8690000504985,Paket,9,27,36,99
A1,Bakliyat Bölümü 1,8,4,5,A1-M08-K04-S05,Evimiz Sarı Mercimek Orta,8690000504992,Paket,9,36,45,99
A1,Bakliyat Bölümü 1,8,4,6,A1-M08-K04-S06,Doğa Sarı Mercimek Orta,8690000505005,Paket,9,45,54,99
A1,Bakliyat Bölümü 1,8,4,7,A1-M08-K04-S07,Premium Sarı Mercimek Orta,8690000505012,Paket,9,54,63,99
A1,Bakliyat Bölümü 1,8,4,8,A1-M08-K04-S08,Emigro Sarı Mercimek Orta,8690000505029,Paket,9,63,72,99
A1,Bakliyat Bölümü 1,8,4,9,A1-M08-K04-S09,Anadolu Sarı Mercimek Orta,8690000505036,Paket,9,72,81,99
A1,Bakliyat Bölümü 1,8,4,10,A1-M08-K04-S10,Bereket Sarı Mercimek Orta,8690000505043,Paket,9,81,90,99
A1,Bakliyat Bölümü 1,8,4,11,A1-M08-K04-S11,Marmara Sarı Mercimek Orta,8690000505050,Paket,9,90,99,99
A1,Bakliyat Bölümü 1,8,5,1,A1-M08-K05-S01,Usta Sarı Mercimek Küçük,8690000505067,Paket,8,0,8,96
A1,Bakliyat Bölümü 1,8,5,2,A1-M08-K05-S02,Lezzet Sarı Mercimek Küçük,8690000505074,Paket,8,8,16,96
A1,Bakliyat Bölümü 1,8,5,3,A1-M08-K05-S03,Günlük Sarı Mercimek Küçük,8690000505081,Paket,8,16,24,96
A1,Bakliyat Bölümü 1,8,5,4,A1-M08-K05-S04,Evimiz Sarı Mercimek Küçük,8690000505098,Paket,8,24,32,96
A1,Bakliyat Bölümü 1,8,5,5,A1-M08-K05-S05,Doğa Sarı Mercimek Küçük,8690000505104,Paket,8,32,40,96
A1,Bakliyat Bölümü 1,8,5,6,A1-M08-K05-S06,Premium Sarı Mercimek Küçük,8690000505111,Paket,8,40,48,96
A1,Bakliyat Bölümü 1,8,5,7,A1-M08-K05-S07,Emigro Sarı Mercimek Küçük,8690000505128,Paket,8,48,56,96
A1,Bakliyat Bölümü 1,8,5,8,A1-M08-K05-S08,Anadolu Sarı Mercimek Küçük,8690000505135,Paket,8,56,64,96
A1,Bakliyat Bölümü 1,8,5,9,A1-M08-K05-S09,Bereket Sarı Mercimek Küçük,8690000505142,Paket,8,64,72,96
A1,Bakliyat Bölümü 1,8,5,10,A1-M08-K05-S10,Marmara Sarı Mercimek Küçük,8690000505159,Paket,8,72,80,96
A1,Bakliyat Bölümü 1,8,5,11,A1-M08-K05-S11,Usta Sarı Mercimek Küçük,8690000505166,Paket,8,80,88,96
A1,Bakliyat Bölümü 1,8,5,12,A1-M08-K05-S12,Lezzet Sarı Mercimek Küçük,8690000505173,Paket,8,88,96,96
A1,Bakliyat Bölümü 1,8,6,1,A1-M08-K06-S01,Lezzet Sarı Mercimek Mini,8690000505180,Paket,7,0,7,98
A1,Bakliyat Bölümü 1,8,6,2,A1-M08-K06-S02,Günlük Sarı Mercimek Mini,8690000505197,Paket,7,7,14,98
A1,Bakliyat Bölümü 1,8,6,3,A1-M08-K06-S03,Evimiz Sarı Mercimek Mini,8690000505203,Paket,7,14,21,98
A1,Bakliyat Bölümü 1,8,6,4,A1-M08-K06-S04,Doğa Sarı Mercimek Mini,8690000505210,Paket,7,21,28,98
A1,Bakliyat Bölümü 1,8,6,5,A1-M08-K06-S05,Premium Sarı Mercimek Mini,8690000505227,Paket,7,28,35,98
A1,Bakliyat Bölümü 1,8,6,6,A1-M08-K06-S06,Emigro Sarı Mercimek Mini,8690000505234,Paket,7,35,42,98
A1,Bakliyat Bölümü 1,8,6,7,A1-M08-K06-S07,Anadolu Sarı Mercimek Mini,8690000505241,Paket,7,42,49,98
A1,Bakliyat Bölümü 1,8,6,8,A1-M08-K06-S08,Bereket Sarı Mercimek Mini,8690000505258,Paket,7,49,56,98
A1,Bakliyat Bölümü 1,8,6,9,A1-M08-K06-S09,Marmara Sarı Mercimek Mini,8690000505265,Paket,7,56,63,98
A1,Bakliyat Bölümü 1,8,6,10,A1-M08-K06-S10,Usta Sarı Mercimek Mini,8690000505272,Paket,7,63,70,98
A1,Bakliyat Bölümü 1,8,6,11,A1-M08-K06-S11,Lezzet Sarı Mercimek Mini,8690000505289,Paket,7,70,77,98
A1,Bakliyat Bölümü 1,8,6,12,A1-M08-K06-S12,Günlük Sarı Mercimek Mini,8690000505296,Paket,7,77,84,98
A1,Bakliyat Bölümü 1,8,6,13,A1-M08-K06-S13,Evimiz Sarı Mercimek Mini,8690000505302,Paket,7,84,91,98
A1,Bakliyat Bölümü 1,8,6,14,A1-M08-K06-S14,Doğa Sarı Mercimek Mini,8690000505319,Paket,7,91,98,98
A1,Bakliyat Bölümü 1,9,1,1,A1-M09-K01-S01,Anadolu Aşurelik Buğday XL,8690000505326,Paket,15,0,15,90
A1,Bakliyat Bölümü 1,9,1,2,A1-M09-K01-S02,Bereket Aşurelik Buğday XL,8690000505333,Paket,15,15,30,90
A1,Bakliyat Bölümü 1,9,1,3,A1-M09-K01-S03,Marmara Aşurelik Buğday XL,8690000505340,Paket,15,30,45,90
A1,Bakliyat Bölümü 1,9,1,4,A1-M09-K01-S04,Usta Aşurelik Buğday XL,8690000505357,Paket,15,45,60,90
A1,Bakliyat Bölümü 1,9,1,5,A1-M09-K01-S05,Lezzet Aşurelik Buğday XL,8690000505364,Paket,15,60,75,90
A1,Bakliyat Bölümü 1,9,1,6,A1-M09-K01-S06,Günlük Aşurelik Buğday XL,8690000505371,Paket,15,75,90,90
A1,Bakliyat Bölümü 1,9,2,1,A1-M09-K02-S01,Bereket Aşurelik Buğday Büyük,8690000505388,Paket,14,0,14,98
A1,Bakliyat Bölümü 1,9,2,2,A1-M09-K02-S02,Marmara Aşurelik Buğday Büyük,8690000505395,Paket,14,14,28,98
A1,Bakliyat Bölümü 1,9,2,3,A1-M09-K02-S03,Usta Aşurelik Buğday Büyük,8690000505401,Paket,14,28,42,98
A1,Bakliyat Bölümü 1,9,2,4,A1-M09-K02-S04,Lezzet Aşurelik Buğday Büyük,8690000505418,Paket,14,42,56,98
A1,Bakliyat Bölümü 1,9,2,5,A1-M09-K02-S05,Günlük Aşurelik Buğday Büyük,8690000505425,Paket,14,56,70,98
A1,Bakliyat Bölümü 1,9,2,6,A1-M09-K02-S06,Evimiz Aşurelik Buğday Büyük,8690000505432,Paket,14,70,84,98
A1,Bakliyat Bölümü 1,9,2,7,A1-M09-K02-S07,Doğa Aşurelik Buğday Büyük,8690000505449,Paket,14,84,98,98
A1,Bakliyat Bölümü 1,9,3,1,A1-M09-K03-S01,Marmara Aşurelik Buğday Standart,8690000505456,Paket,12,0,12,96
A1,Bakliyat Bölümü 1,9,3,2,A1-M09-K03-S02,Usta Aşurelik Buğday Standart,8690000505463,Paket,12,12,24,96
A1,Bakliyat Bölümü 1,9,3,3,A1-M09-K03-S03,Lezzet Aşurelik Buğday Standart,8690000505470,Paket,12,24,36,96
A1,Bakliyat Bölümü 1,9,3,4,A1-M09-K03-S04,Günlük Aşurelik Buğday Standart,8690000505487,Paket,12,36,48,96
A1,Bakliyat Bölümü 1,9,3,5,A1-M09-K03-S05,Evimiz Aşurelik Buğday Standart,8690000505494,Paket,12,48,60,96
A1,Bakliyat Bölümü 1,9,3,6,A1-M09-K03-S06,Doğa Aşurelik Buğday Standart,8690000505500,Paket,12,60,72,96
A1,Bakliyat Bölümü 1,9,3,7,A1-M09-K03-S07,Premium Aşurelik Buğday Standart,8690000505517,Paket,12,72,84,96
A1,Bakliyat Bölümü 1,9,3,8,A1-M09-K03-S08,Emigro Aşurelik Buğday Standart,8690000505524,Paket,12,84,96,96
A1,Bakliyat Bölümü 1,9,4,1,A1-M09-K04-S01,Usta Aşurelik Buğday Orta,8690000505531,Paket,11,0,11,99
A1,Bakliyat Bölümü 1,9,4,2,A1-M09-K04-S02,Lezzet Aşurelik Buğday Orta,8690000505548,Paket,11,11,22,99
A1,Bakliyat Bölümü 1,9,4,3,A1-M09-K04-S03,Günlük Aşurelik Buğday Orta,8690000505555,Paket,11,22,33,99
A1,Bakliyat Bölümü 1,9,4,4,A1-M09-K04-S04,Evimiz Aşurelik Buğday Orta,8690000505562,Paket,11,33,44,99
A1,Bakliyat Bölümü 1,9,4,5,A1-M09-K04-S05,Doğa Aşurelik Buğday Orta,8690000505579,Paket,11,44,55,99
A1,Bakliyat Bölümü 1,9,4,6,A1-M09-K04-S06,Premium Aşurelik Buğday Orta,8690000505586,Paket,11,55,66,99
A1,Bakliyat Bölümü 1,9,4,7,A1-M09-K04-S07,Emigro Aşurelik Buğday Orta,8690000505593,Paket,11,66,77,99
A1,Bakliyat Bölümü 1,9,4,8,A1-M09-K04-S08,Anadolu Aşurelik Buğday Orta,8690000505609,Paket,11,77,88,99
A1,Bakliyat Bölümü 1,9,4,9,A1-M09-K04-S09,Bereket Aşurelik Buğday Orta,8690000505616,Paket,11,88,99,99
A1,Bakliyat Bölümü 1,9,5,1,A1-M09-K05-S01,Lezzet Aşurelik Buğday Küçük,8690000505623,Paket,10,0,10,100
A1,Bakliyat Bölümü 1,9,5,2,A1-M09-K05-S02,Günlük Aşurelik Buğday Küçük,8690000505630,Paket,10,10,20,100
A1,Bakliyat Bölümü 1,9,5,3,A1-M09-K05-S03,Evimiz Aşurelik Buğday Küçük,8690000505647,Paket,10,20,30,100
A1,Bakliyat Bölümü 1,9,5,4,A1-M09-K05-S04,Doğa Aşurelik Buğday Küçük,8690000505654,Paket,10,30,40,100
A1,Bakliyat Bölümü 1,9,5,5,A1-M09-K05-S05,Premium Aşurelik Buğday Küçük,8690000505661,Paket,10,40,50,100
A1,Bakliyat Bölümü 1,9,5,6,A1-M09-K05-S06,Emigro Aşurelik Buğday Küçük,8690000505678,Paket,10,50,60,100
A1,Bakliyat Bölümü 1,9,5,7,A1-M09-K05-S07,Anadolu Aşurelik Buğday Küçük,8690000505685,Paket,10,60,70,100
A1,Bakliyat Bölümü 1,9,5,8,A1-M09-K05-S08,Bereket Aşurelik Buğday Küçük,8690000505692,Paket,10,70,80,100
A1,Bakliyat Bölümü 1,9,5,9,A1-M09-K05-S09,Marmara Aşurelik Buğday Küçük,8690000505708,Paket,10,80,90,100
A1,Bakliyat Bölümü 1,9,5,10,A1-M09-K05-S10,Usta Aşurelik Buğday Küçük,8690000505715,Paket,10,90,100,100
A1,Bakliyat Bölümü 1,9,6,1,A1-M09-K06-S01,Günlük Aşurelik Buğday Mini,8690000505722,Paket,8,0,8,96
A1,Bakliyat Bölümü 1,9,6,2,A1-M09-K06-S02,Evimiz Aşurelik Buğday Mini,8690000505739,Paket,8,8,16,96
A1,Bakliyat Bölümü 1,9,6,3,A1-M09-K06-S03,Doğa Aşurelik Buğday Mini,8690000505746,Paket,8,16,24,96
A1,Bakliyat Bölümü 1,9,6,4,A1-M09-K06-S04,Premium Aşurelik Buğday Mini,8690000505753,Paket,8,24,32,96
A1,Bakliyat Bölümü 1,9,6,5,A1-M09-K06-S05,Emigro Aşurelik Buğday Mini,8690000505760,Paket,8,32,40,96
A1,Bakliyat Bölümü 1,9,6,6,A1-M09-K06-S06,Anadolu Aşurelik Buğday Mini,8690000505777,Paket,8,40,48,96
A1,Bakliyat Bölümü 1,9,6,7,A1-M09-K06-S07,Bereket Aşurelik Buğday Mini,8690000505784,Paket,8,48,56,96
A1,Bakliyat Bölümü 1,9,6,8,A1-M09-K06-S08,Marmara Aşurelik Buğday Mini,8690000505791,Paket,8,56,64,96
A1,Bakliyat Bölümü 1,9,6,9,A1-M09-K06-S09,Usta Aşurelik Buğday Mini,8690000505807,Paket,8,64,72,96
A1,Bakliyat Bölümü 1,9,6,10,A1-M09-K06-S10,Lezzet Aşurelik Buğday Mini,8690000505814,Paket,8,72,80,96
A1,Bakliyat Bölümü 1,9,6,11,A1-M09-K06-S11,Günlük Aşurelik Buğday Mini,8690000505821,Paket,8,80,88,96
A1,Bakliyat Bölümü 1,9,6,12,A1-M09-K06-S12,Evimiz Aşurelik Buğday Mini,8690000505838,Paket,8,88,96,96
A1,Bakliyat Bölümü 1,10,1,1,A1-M10-K01-S01,Bereket Kuru Bezelye XL,8690000505845,Paket,11,0,11,99
A1,Bakliyat Bölümü 1,10,1,2,A1-M10-K01-S02,Marmara Kuru Bezelye XL,8690000505852,Paket,11,11,22,99
A1,Bakliyat Bölümü 1,10,1,3,A1-M10-K01-S03,Usta Kuru Bezelye XL,8690000505869,Paket,11,22,33,99
A1,Bakliyat Bölümü 1,10,1,4,A1-M10-K01-S04,Lezzet Kuru Bezelye XL,8690000505876,Paket,11,33,44,99
A1,Bakliyat Bölümü 1,10,1,5,A1-M10-K01-S05,Günlük Kuru Bezelye XL,8690000505883,Paket,11,44,55,99
A1,Bakliyat Bölümü 1,10,1,6,A1-M10-K01-S06,Evimiz Kuru Bezelye XL,8690000505890,Paket,11,55,66,99
A1,Bakliyat Bölümü 1,10,1,7,A1-M10-K01-S07,Doğa Kuru Bezelye XL,8690000505906,Paket,11,66,77,99
A1,Bakliyat Bölümü 1,10,1,8,A1-M10-K01-S08,Premium Kuru Bezelye XL,8690000505913,Paket,11,77,88,99
A1,Bakliyat Bölümü 1,10,1,9,A1-M10-K01-S09,Emigro Kuru Bezelye XL,8690000505920,Paket,11,88,99,99
A1,Bakliyat Bölümü 1,10,2,1,A1-M10-K02-S01,Marmara Kuru Bezelye Büyük,8690000505937,Paket,10,0,10,100
A1,Bakliyat Bölümü 1,10,2,2,A1-M10-K02-S02,Usta Kuru Bezelye Büyük,8690000505944,Paket,10,10,20,100
A1,Bakliyat Bölümü 1,10,2,3,A1-M10-K02-S03,Lezzet Kuru Bezelye Büyük,8690000505951,Paket,10,20,30,100
A1,Bakliyat Bölümü 1,10,2,4,A1-M10-K02-S04,Günlük Kuru Bezelye Büyük,8690000505968,Paket,10,30,40,100
A1,Bakliyat Bölümü 1,10,2,5,A1-M10-K02-S05,Evimiz Kuru Bezelye Büyük,8690000505975,Paket,10,40,50,100
A1,Bakliyat Bölümü 1,10,2,6,A1-M10-K02-S06,Doğa Kuru Bezelye Büyük,8690000505982,Paket,10,50,60,100
A1,Bakliyat Bölümü 1,10,2,7,A1-M10-K02-S07,Premium Kuru Bezelye Büyük,8690000505999,Paket,10,60,70,100
A1,Bakliyat Bölümü 1,10,2,8,A1-M10-K02-S08,Emigro Kuru Bezelye Büyük,8690000506002,Paket,10,70,80,100
A1,Bakliyat Bölümü 1,10,2,9,A1-M10-K02-S09,Anadolu Kuru Bezelye Büyük,8690000506019,Paket,10,80,90,100
A1,Bakliyat Bölümü 1,10,2,10,A1-M10-K02-S10,Bereket Kuru Bezelye Büyük,8690000506026,Paket,10,90,100,100
A1,Bakliyat Bölümü 1,10,3,1,A1-M10-K03-S01,Usta Kuru Bezelye Standart,8690000506033,Paket,9,0,9,99
A1,Bakliyat Bölümü 1,10,3,2,A1-M10-K03-S02,Lezzet Kuru Bezelye Standart,8690000506040,Paket,9,9,18,99
A1,Bakliyat Bölümü 1,10,3,3,A1-M10-K03-S03,Günlük Kuru Bezelye Standart,8690000506057,Paket,9,18,27,99
A1,Bakliyat Bölümü 1,10,3,4,A1-M10-K03-S04,Evimiz Kuru Bezelye Standart,8690000506064,Paket,9,27,36,99
A1,Bakliyat Bölümü 1,10,3,5,A1-M10-K03-S05,Doğa Kuru Bezelye Standart,8690000506071,Paket,9,36,45,99
A1,Bakliyat Bölümü 1,10,3,6,A1-M10-K03-S06,Premium Kuru Bezelye Standart,8690000506088,Paket,9,45,54,99
A1,Bakliyat Bölümü 1,10,3,7,A1-M10-K03-S07,Emigro Kuru Bezelye Standart,8690000506095,Paket,9,54,63,99
A1,Bakliyat Bölümü 1,10,3,8,A1-M10-K03-S08,Anadolu Kuru Bezelye Standart,8690000506101,Paket,9,63,72,99
A1,Bakliyat Bölümü 1,10,3,9,A1-M10-K03-S09,Bereket Kuru Bezelye Standart,8690000506118,Paket,9,72,81,99
A1,Bakliyat Bölümü 1,10,3,10,A1-M10-K03-S10,Marmara Kuru Bezelye Standart,8690000506125,Paket,9,81,90,99
A1,Bakliyat Bölümü 1,10,3,11,A1-M10-K03-S11,Usta Kuru Bezelye Standart,8690000506132,Paket,9,90,99,99
A1,Bakliyat Bölümü 1,10,4,1,A1-M10-K04-S01,Lezzet Kuru Bezelye Orta,8690000506149,Paket,8,0,8,96
A1,Bakliyat Bölümü 1,10,4,2,A1-M10-K04-S02,Günlük Kuru Bezelye Orta,8690000506156,Paket,8,8,16,96
A1,Bakliyat Bölümü 1,10,4,3,A1-M10-K04-S03,Evimiz Kuru Bezelye Orta,8690000506163,Paket,8,16,24,96
A1,Bakliyat Bölümü 1,10,4,4,A1-M10-K04-S04,Doğa Kuru Bezelye Orta,8690000506170,Paket,8,24,32,96
A1,Bakliyat Bölümü 1,10,4,5,A1-M10-K04-S05,Premium Kuru Bezelye Orta,8690000506187,Paket,8,32,40,96
A1,Bakliyat Bölümü 1,10,4,6,A1-M10-K04-S06,Emigro Kuru Bezelye Orta,8690000506194,Paket,8,40,48,96
A1,Bakliyat Bölümü 1,10,4,7,A1-M10-K04-S07,Anadolu Kuru Bezelye Orta,8690000506200,Paket,8,48,56,96
A1,Bakliyat Bölümü 1,10,4,8,A1-M10-K04-S08,Bereket Kuru Bezelye Orta,8690000506217,Paket,8,56,64,96
A1,Bakliyat Bölümü 1,10,4,9,A1-M10-K04-S09,Marmara Kuru Bezelye Orta,8690000506224,Paket,8,64,72,96
A1,Bakliyat Bölümü 1,10,4,10,A1-M10-K04-S10,Usta Kuru Bezelye Orta,8690000506231,Paket,8,72,80,96
A1,Bakliyat Bölümü 1,10,4,11,A1-M10-K04-S11,Lezzet Kuru Bezelye Orta,8690000506248,Paket,8,80,88,96
A1,Bakliyat Bölümü 1,10,4,12,A1-M10-K04-S12,Günlük Kuru Bezelye Orta,8690000506255,Paket,8,88,96,96
A1,Bakliyat Bölümü 1,10,5,1,A1-M10-K05-S01,Günlük Kuru Bezelye Küçük,8690000506262,Paket,7,0,7,98
A1,Bakliyat Bölümü 1,10,5,2,A1-M10-K05-S02,Evimiz Kuru Bezelye Küçük,8690000506279,Paket,7,7,14,98
A1,Bakliyat Bölümü 1,10,5,3,A1-M10-K05-S03,Doğa Kuru Bezelye Küçük,8690000506286,Paket,7,14,21,98
A1,Bakliyat Bölümü 1,10,5,4,A1-M10-K05-S04,Premium Kuru Bezelye Küçük,8690000506293,Paket,7,21,28,98
A1,Bakliyat Bölümü 1,10,5,5,A1-M10-K05-S05,Emigro Kuru Bezelye Küçük,8690000506309,Paket,7,28,35,98
A1,Bakliyat Bölümü 1,10,5,6,A1-M10-K05-S06,Anadolu Kuru Bezelye Küçük,8690000506316,Paket,7,35,42,98
A1,Bakliyat Bölümü 1,10,5,7,A1-M10-K05-S07,Bereket Kuru Bezelye Küçük,8690000506323,Paket,7,42,49,98
A1,Bakliyat Bölümü 1,10,5,8,A1-M10-K05-S08,Marmara Kuru Bezelye Küçük,8690000506330,Paket,7,49,56,98
A1,Bakliyat Bölümü 1,10,5,9,A1-M10-K05-S09,Usta Kuru Bezelye Küçük,8690000506347,Paket,7,56,63,98
A1,Bakliyat Bölümü 1,10,5,10,A1-M10-K05-S10,Lezzet Kuru Bezelye Küçük,8690000506354,Paket,7,63,70,98
A1,Bakliyat Bölümü 1,10,5,11,A1-M10-K05-S11,Günlük Kuru Bezelye Küçük,8690000506361,Paket,7,70,77,98
A1,Bakliyat Bölümü 1,10,5,12,A1-M10-K05-S12,Evimiz Kuru Bezelye Küçük,8690000506378,Paket,7,77,84,98
A1,Bakliyat Bölümü 1,10,5,13,A1-M10-K05-S13,Doğa Kuru Bezelye Küçük,8690000506385,Paket,7,84,91,98
A1,Bakliyat Bölümü 1,10,5,14,A1-M10-K05-S14,Premium Kuru Bezelye Küçük,8690000506392,Paket,7,91,98,98
A1,Bakliyat Bölümü 1,10,6,1,A1-M10-K06-S01,Evimiz Kuru Bezelye Mini,8690000506408,Paket,6,0,6,96
A1,Bakliyat Bölümü 1,10,6,2,A1-M10-K06-S02,Doğa Kuru Bezelye Mini,8690000506415,Paket,6,6,12,96
A1,Bakliyat Bölümü 1,10,6,3,A1-M10-K06-S03,Premium Kuru Bezelye Mini,8690000506422,Paket,6,12,18,96
A1,Bakliyat Bölümü 1,10,6,4,A1-M10-K06-S04,Emigro Kuru Bezelye Mini,8690000506439,Paket,6,18,24,96
A1,Bakliyat Bölümü 1,10,6,5,A1-M10-K06-S05,Anadolu Kuru Bezelye Mini,8690000506446,Paket,6,24,30,96
A1,Bakliyat Bölümü 1,10,6,6,A1-M10-K06-S06,Bereket Kuru Bezelye Mini,8690000506453,Paket,6,30,36,96
A1,Bakliyat Bölümü 1,10,6,7,A1-M10-K06-S07,Marmara Kuru Bezelye Mini,8690000506460,Paket,6,36,42,96
A1,Bakliyat Bölümü 1,10,6,8,A1-M10-K06-S08,Usta Kuru Bezelye Mini,8690000506477,Paket,6,42,48,96
A1,Bakliyat Bölümü 1,10,6,9,A1-M10-K06-S09,Lezzet Kuru Bezelye Mini,8690000506484,Paket,6,48,54,96
A1,Bakliyat Bölümü 1,10,6,10,A1-M10-K06-S10,Günlük Kuru Bezelye Mini,8690000506491,Paket,6,54,60,96
A1,Bakliyat Bölümü 1,10,6,11,A1-M10-K06-S11,Evimiz Kuru Bezelye Mini,8690000506507,Paket,6,60,66,96
A1,Bakliyat Bölümü 1,10,6,12,A1-M10-K06-S12,Doğa Kuru Bezelye Mini,8690000506514,Paket,6,66,72,96
A1,Bakliyat Bölümü 1,10,6,13,A1-M10-K06-S13,Premium Kuru Bezelye Mini,8690000506521,Paket,6,72,78,96
A1,Bakliyat Bölümü 1,10,6,14,A1-M10-K06-S14,Emigro Kuru Bezelye Mini,8690000506538,Paket,6,78,84,96
A1,Bakliyat Bölümü 1,10,6,15,A1-M10-K06-S15,Anadolu Kuru Bezelye Mini,8690000506545,Paket,6,84,90,96
A1,Bakliyat Bölümü 1,10,6,16,A1-M10-K06-S16,Bereket Kuru Bezelye Mini,8690000506552,Paket,6,90,96,96
A2,Bakliyat Bölümü 2,1,1,1,A2-M01-K01-S01,Marmara Baldo Pirinç XL,8690000506569,Paket,16,0,16,96
A2,Bakliyat Bölümü 2,1,1,2,A2-M01-K01-S02,Usta Baldo Pirinç XL,8690000506576,Paket,16,16,32,96
A2,Bakliyat Bölümü 2,1,1,3,A2-M01-K01-S03,Lezzet Baldo Pirinç XL,8690000506583,Paket,16,32,48,96
A2,Bakliyat Bölümü 2,1,1,4,A2-M01-K01-S04,Günlük Baldo Pirinç XL,8690000506590,Paket,16,48,64,96
A2,Bakliyat Bölümü 2,1,1,5,A2-M01-K01-S05,Evimiz Baldo Pirinç XL,8690000506606,Paket,16,64,80,96
A2,Bakliyat Bölümü 2,1,1,6,A2-M01-K01-S06,Doğa Baldo Pirinç XL,8690000506613,Paket,16,80,96,96
A2,Bakliyat Bölümü 2,1,2,1,A2-M01-K02-S01,Usta Baldo Pirinç Büyük,8690000506620,Paket,15,0,15,90
A2,Bakliyat Bölümü 2,1,2,2,A2-M01-K02-S02,Lezzet Baldo Pirinç Büyük,8690000506637,Paket,15,15,30,90
A2,Bakliyat Bölümü 2,1,2,3,A2-M01-K02-S03,Günlük Baldo Pirinç Büyük,8690000506644,Paket,15,30,45,90
A2,Bakliyat Bölümü 2,1,2,4,A2-M01-K02-S04,Evimiz Baldo Pirinç Büyük,8690000506651,Paket,15,45,60,90
A2,Bakliyat Bölümü 2,1,2,5,A2-M01-K02-S05,Doğa Baldo Pirinç Büyük,8690000506668,Paket,15,60,75,90
A2,Bakliyat Bölümü 2,1,2,6,A2-M01-K02-S06,Premium Baldo Pirinç Büyük,8690000506675,Paket,15,75,90,90
A2,Bakliyat Bölümü 2,1,3,1,A2-M01-K03-S01,Lezzet Baldo Pirinç Standart,8690000506682,Paket,13,0,13,91
A2,Bakliyat Bölümü 2,1,3,2,A2-M01-K03-S02,Günlük Baldo Pirinç Standart,8690000506699,Paket,13,13,26,91
A2,Bakliyat Bölümü 2,1,3,3,A2-M01-K03-S03,Evimiz Baldo Pirinç Standart,8690000506705,Paket,13,26,39,91
A2,Bakliyat Bölümü 2,1,3,4,A2-M01-K03-S04,Doğa Baldo Pirinç Standart,8690000506712,Paket,13,39,52,91
A2,Bakliyat Bölümü 2,1,3,5,A2-M01-K03-S05,Premium Baldo Pirinç Standart,8690000506729,Paket,13,52,65,91
A2,Bakliyat Bölümü 2,1,3,6,A2-M01-K03-S06,Emigro Baldo Pirinç Standart,8690000506736,Paket,13,65,78,91
A2,Bakliyat Bölümü 2,1,3,7,A2-M01-K03-S07,Anadolu Baldo Pirinç Standart,8690000506743,Paket,13,78,91,91
A2,Bakliyat Bölümü 2,1,4,1,A2-M01-K04-S01,Günlük Baldo Pirinç Orta,8690000506750,Paket,12,0,12,96
A2,Bakliyat Bölümü 2,1,4,2,A2-M01-K04-S02,Evimiz Baldo Pirinç Orta,8690000506767,Paket,12,12,24,96
A2,Bakliyat Bölümü 2,1,4,3,A2-M01-K04-S03,Doğa Baldo Pirinç Orta,8690000506774,Paket,12,24,36,96
A2,Bakliyat Bölümü 2,1,4,4,A2-M01-K04-S04,Premium Baldo Pirinç Orta,8690000506781,Paket,12,36,48,96
A2,Bakliyat Bölümü 2,1,4,5,A2-M01-K04-S05,Emigro Baldo Pirinç Orta,8690000506798,Paket,12,48,60,96
A2,Bakliyat Bölümü 2,1,4,6,A2-M01-K04-S06,Anadolu Baldo Pirinç Orta,8690000506804,Paket,12,60,72,96
A2,Bakliyat Bölümü 2,1,4,7,A2-M01-K04-S07,Bereket Baldo Pirinç Orta,8690000506811,Paket,12,72,84,96
A2,Bakliyat Bölümü 2,1,4,8,A2-M01-K04-S08,Marmara Baldo Pirinç Orta,8690000506828,Paket,12,84,96,96
A2,Bakliyat Bölümü 2,1,5,1,A2-M01-K05-S01,Evimiz Baldo Pirinç Küçük,8690000506835,Paket,10,0,10,100
A2,Bakliyat Bölümü 2,1,5,2,A2-M01-K05-S02,Doğa Baldo Pirinç Küçük,8690000506842,Paket,10,10,20,100
A2,Bakliyat Bölümü 2,1,5,3,A2-M01-K05-S03,Premium Baldo Pirinç Küçük,8690000506859,Paket,10,20,30,100
A2,Bakliyat Bölümü 2,1,5,4,A2-M01-K05-S04,Emigro Baldo Pirinç Küçük,8690000506866,Paket,10,30,40,100
A2,Bakliyat Bölümü 2,1,5,5,A2-M01-K05-S05,Anadolu Baldo Pirinç Küçük,8690000506873,Paket,10,40,50,100
A2,Bakliyat Bölümü 2,1,5,6,A2-M01-K05-S06,Bereket Baldo Pirinç Küçük,8690000506880,Paket,10,50,60,100
A2,Bakliyat Bölümü 2,1,5,7,A2-M01-K05-S07,Marmara Baldo Pirinç Küçük,8690000506897,Paket,10,60,70,100
A2,Bakliyat Bölümü 2,1,5,8,A2-M01-K05-S08,Usta Baldo Pirinç Küçük,8690000506903,Paket,10,70,80,100
A2,Bakliyat Bölümü 2,1,5,9,A2-M01-K05-S09,Lezzet Baldo Pirinç Küçük,8690000506910,Paket,10,80,90,100
A2,Bakliyat Bölümü 2,1,5,10,A2-M01-K05-S10,Günlük Baldo Pirinç Küçük,8690000506927,Paket,10,90,100,100
A2,Bakliyat Bölümü 2,1,6,1,A2-M01-K06-S01,Doğa Baldo Pirinç Mini,8690000506934,Paket,9,0,9,99
A2,Bakliyat Bölümü 2,1,6,2,A2-M01-K06-S02,Premium Baldo Pirinç Mini,8690000506941,Paket,9,9,18,99
A2,Bakliyat Bölümü 2,1,6,3,A2-M01-K06-S03,Emigro Baldo Pirinç Mini,8690000506958,Paket,9,18,27,99
A2,Bakliyat Bölümü 2,1,6,4,A2-M01-K06-S04,Anadolu Baldo Pirinç Mini,8690000506965,Paket,9,27,36,99
A2,Bakliyat Bölümü 2,1,6,5,A2-M01-K06-S05,Bereket Baldo Pirinç Mini,8690000506972,Paket,9,36,45,99
A2,Bakliyat Bölümü 2,1,6,6,A2-M01-K06-S06,Marmara Baldo Pirinç Mini,8690000506989,Paket,9,45,54,99
A2,Bakliyat Bölümü 2,1,6,7,A2-M01-K06-S07,Usta Baldo Pirinç Mini,8690000506996,Paket,9,54,63,99
A2,Bakliyat Bölümü 2,1,6,8,A2-M01-K06-S08,Lezzet Baldo Pirinç Mini,8690000507009,Paket,9,63,72,99
A2,Bakliyat Bölümü 2,1,6,9,A2-M01-K06-S09,Günlük Baldo Pirinç Mini,8690000507016,Paket,9,72,81,99
A2,Bakliyat Bölümü 2,1,6,10,A2-M01-K06-S10,Evimiz Baldo Pirinç Mini,8690000507023,Paket,9,81,90,99
A2,Bakliyat Bölümü 2,1,6,11,A2-M01-K06-S11,Doğa Baldo Pirinç Mini,8690000507030,Paket,9,90,99,99
A2,Bakliyat Bölümü 2,2,1,1,A2-M02-K01-S01,Usta Osmancık Pirinç XL,8690000507047,Paket,15,0,15,90
A2,Bakliyat Bölümü 2,2,1,2,A2-M02-K01-S02,Lezzet Osmancık Pirinç XL,8690000507054,Paket,15,15,30,90
A2,Bakliyat Bölümü 2,2,1,3,A2-M02-K01-S03,Günlük Osmancık Pirinç XL,8690000507061,Paket,15,30,45,90
A2,Bakliyat Bölümü 2,2,1,4,A2-M02-K01-S04,Evimiz Osmancık Pirinç XL,8690000507078,Paket,15,45,60,90
A2,Bakliyat Bölümü 2,2,1,5,A2-M02-K01-S05,Doğa Osmancık Pirinç XL,8690000507085,Paket,15,60,75,90
A2,Bakliyat Bölümü 2,2,1,6,A2-M02-K01-S06,Premium Osmancık Pirinç XL,8690000507092,Paket,15,75,90,90
A2,Bakliyat Bölümü 2,2,2,1,A2-M02-K02-S01,Lezzet Osmancık Pirinç Büyük,8690000507108,Paket,14,0,14,98
A2,Bakliyat Bölümü 2,2,2,2,A2-M02-K02-S02,Günlük Osmancık Pirinç Büyük,8690000507115,Paket,14,14,28,98
A2,Bakliyat Bölümü 2,2,2,3,A2-M02-K02-S03,Evimiz Osmancık Pirinç Büyük,8690000507122,Paket,14,28,42,98
A2,Bakliyat Bölümü 2,2,2,4,A2-M02-K02-S04,Doğa Osmancık Pirinç Büyük,8690000507139,Paket,14,42,56,98
A2,Bakliyat Bölümü 2,2,2,5,A2-M02-K02-S05,Premium Osmancık Pirinç Büyük,8690000507146,Paket,14,56,70,98
A2,Bakliyat Bölümü 2,2,2,6,A2-M02-K02-S06,Emigro Osmancık Pirinç Büyük,8690000507153,Paket,14,70,84,98
A2,Bakliyat Bölümü 2,2,2,7,A2-M02-K02-S07,Anadolu Osmancık Pirinç Büyük,8690000507160,Paket,14,84,98,98
A2,Bakliyat Bölümü 2,2,3,1,A2-M02-K03-S01,Günlük Osmancık Pirinç Standart,8690000507177,Paket,12,0,12,96
A2,Bakliyat Bölümü 2,2,3,2,A2-M02-K03-S02,Evimiz Osmancık Pirinç Standart,8690000507184,Paket,12,12,24,96
A2,Bakliyat Bölümü 2,2,3,3,A2-M02-K03-S03,Doğa Osmancık Pirinç Standart,8690000507191,Paket,12,24,36,96
A2,Bakliyat Bölümü 2,2,3,4,A2-M02-K03-S04,Premium Osmancık Pirinç Standart,8690000507207,Paket,12,36,48,96
A2,Bakliyat Bölümü 2,2,3,5,A2-M02-K03-S05,Emigro Osmancık Pirinç Standart,8690000507214,Paket,12,48,60,96
A2,Bakliyat Bölümü 2,2,3,6,A2-M02-K03-S06,Anadolu Osmancık Pirinç Standart,8690000507221,Paket,12,60,72,96
A2,Bakliyat Bölümü 2,2,3,7,A2-M02-K03-S07,Bereket Osmancık Pirinç Standart,8690000507238,Paket,12,72,84,96
A2,Bakliyat Bölümü 2,2,3,8,A2-M02-K03-S08,Marmara Osmancık Pirinç Standart,8690000507245,Paket,12,84,96,96
A2,Bakliyat Bölümü 2,2,4,1,A2-M02-K04-S01,Evimiz Osmancık Pirinç Orta,8690000507252,Paket,11,0,11,99
A2,Bakliyat Bölümü 2,2,4,2,A2-M02-K04-S02,Doğa Osmancık Pirinç Orta,8690000507269,Paket,11,11,22,99
A2,Bakliyat Bölümü 2,2,4,3,A2-M02-K04-S03,Premium Osmancık Pirinç Orta,8690000507276,Paket,11,22,33,99
A2,Bakliyat Bölümü 2,2,4,4,A2-M02-K04-S04,Emigro Osmancık Pirinç Orta,8690000507283,Paket,11,33,44,99
A2,Bakliyat Bölümü 2,2,4,5,A2-M02-K04-S05,Anadolu Osmancık Pirinç Orta,8690000507290,Paket,11,44,55,99
A2,Bakliyat Bölümü 2,2,4,6,A2-M02-K04-S06,Bereket Osmancık Pirinç Orta,8690000507306,Paket,11,55,66,99
A2,Bakliyat Bölümü 2,2,4,7,A2-M02-K04-S07,Marmara Osmancık Pirinç Orta,8690000507313,Paket,11,66,77,99
A2,Bakliyat Bölümü 2,2,4,8,A2-M02-K04-S08,Usta Osmancık Pirinç Orta,8690000507320,Paket,11,77,88,99
A2,Bakliyat Bölümü 2,2,4,9,A2-M02-K04-S09,Lezzet Osmancık Pirinç Orta,8690000507337,Paket,11,88,99,99
A2,Bakliyat Bölümü 2,2,5,1,A2-M02-K05-S01,Doğa Osmancık Pirinç Küçük,8690000507344,Paket,10,0,10,100
A2,Bakliyat Bölümü 2,2,5,2,A2-M02-K05-S02,Premium Osmancık Pirinç Küçük,8690000507351,Paket,10,10,20,100
A2,Bakliyat Bölümü 2,2,5,3,A2-M02-K05-S03,Emigro Osmancık Pirinç Küçük,8690000507368,Paket,10,20,30,100
A2,Bakliyat Bölümü 2,2,5,4,A2-M02-K05-S04,Anadolu Osmancık Pirinç Küçük,8690000507375,Paket,10,30,40,100
A2,Bakliyat Bölümü 2,2,5,5,A2-M02-K05-S05,Bereket Osmancık Pirinç Küçük,8690000507382,Paket,10,40,50,100
A2,Bakliyat Bölümü 2,2,5,6,A2-M02-K05-S06,Marmara Osmancık Pirinç Küçük,8690000507399,Paket,10,50,60,100
A2,Bakliyat Bölümü 2,2,5,7,A2-M02-K05-S07,Usta Osmancık Pirinç Küçük,8690000507405,Paket,10,60,70,100
A2,Bakliyat Bölümü 2,2,5,8,A2-M02-K05-S08,Lezzet Osmancık Pirinç Küçük,8690000507412,Paket,10,70,80,100
A2,Bakliyat Bölümü 2,2,5,9,A2-M02-K05-S09,Günlük Osmancık Pirinç Küçük,8690000507429,Paket,10,80,90,100
A2,Bakliyat Bölümü 2,2,5,10,A2-M02-K05-S10,Evimiz Osmancık Pirinç Küçük,8690000507436,Paket,10,90,100,100
A2,Bakliyat Bölümü 2,2,6,1,A2-M02-K06-S01,Premium Osmancık Pirinç Mini,8690000507443,Paket,8,0,8,96
A2,Bakliyat Bölümü 2,2,6,2,A2-M02-K06-S02,Emigro Osmancık Pirinç Mini,8690000507450,Paket,8,8,16,96
A2,Bakliyat Bölümü 2,2,6,3,A2-M02-K06-S03,Anadolu Osmancık Pirinç Mini,8690000507467,Paket,8,16,24,96
A2,Bakliyat Bölümü 2,2,6,4,A2-M02-K06-S04,Bereket Osmancık Pirinç Mini,8690000507474,Paket,8,24,32,96
A2,Bakliyat Bölümü 2,2,6,5,A2-M02-K06-S05,Marmara Osmancık Pirinç Mini,8690000507481,Paket,8,32,40,96
A2,Bakliyat Bölümü 2,2,6,6,A2-M02-K06-S06,Usta Osmancık Pirinç Mini,8690000507498,Paket,8,40,48,96
A2,Bakliyat Bölümü 2,2,6,7,A2-M02-K06-S07,Lezzet Osmancık Pirinç Mini,8690000507504,Paket,8,48,56,96
A2,Bakliyat Bölümü 2,2,6,8,A2-M02-K06-S08,Günlük Osmancık Pirinç Mini,8690000507511,Paket,8,56,64,96
A2,Bakliyat Bölümü 2,2,6,9,A2-M02-K06-S09,Evimiz Osmancık Pirinç Mini,8690000507528,Paket,8,64,72,96
A2,Bakliyat Bölümü 2,2,6,10,A2-M02-K06-S10,Doğa Osmancık Pirinç Mini,8690000507535,Paket,8,72,80,96
A2,Bakliyat Bölümü 2,2,6,11,A2-M02-K06-S11,Premium Osmancık Pirinç Mini,8690000507542,Paket,8,80,88,96
A2,Bakliyat Bölümü 2,2,6,12,A2-M02-K06-S12,Emigro Osmancık Pirinç Mini,8690000507559,Paket,8,88,96,96
A2,Bakliyat Bölümü 2,3,1,1,A2-M03-K01-S01,Lezzet Basmati Pirinç XL,8690000507566,Paket,14,0,14,98
A2,Bakliyat Bölümü 2,3,1,2,A2-M03-K01-S02,Günlük Basmati Pirinç XL,8690000507573,Paket,14,14,28,98
A2,Bakliyat Bölümü 2,3,1,3,A2-M03-K01-S03,Evimiz Basmati Pirinç XL,8690000507580,Paket,14,28,42,98
A2,Bakliyat Bölümü 2,3,1,4,A2-M03-K01-S04,Doğa Basmati Pirinç XL,8690000507597,Paket,14,42,56,98
A2,Bakliyat Bölümü 2,3,1,5,A2-M03-K01-S05,Premium Basmati Pirinç XL,8690000507603,Paket,14,56,70,98
A2,Bakliyat Bölümü 2,3,1,6,A2-M03-K01-S06,Emigro Basmati Pirinç XL,8690000507610,Paket,14,70,84,98
A2,Bakliyat Bölümü 2,3,1,7,A2-M03-K01-S07,Anadolu Basmati Pirinç XL,8690000507627,Paket,14,84,98,98
A2,Bakliyat Bölümü 2,3,2,1,A2-M03-K02-S01,Günlük Basmati Pirinç Büyük,8690000507634,Paket,13,0,13,91
A2,Bakliyat Bölümü 2,3,2,2,A2-M03-K02-S02,Evimiz Basmati Pirinç Büyük,8690000507641,Paket,13,13,26,91
A2,Bakliyat Bölümü 2,3,2,3,A2-M03-K02-S03,Doğa Basmati Pirinç Büyük,8690000507658,Paket,13,26,39,91
A2,Bakliyat Bölümü 2,3,2,4,A2-M03-K02-S04,Premium Basmati Pirinç Büyük,8690000507665,Paket,13,39,52,91
A2,Bakliyat Bölümü 2,3,2,5,A2-M03-K02-S05,Emigro Basmati Pirinç Büyük,8690000507672,Paket,13,52,65,91
A2,Bakliyat Bölümü 2,3,2,6,A2-M03-K02-S06,Anadolu Basmati Pirinç Büyük,8690000507689,Paket,13,65,78,91
A2,Bakliyat Bölümü 2,3,2,7,A2-M03-K02-S07,Bereket Basmati Pirinç Büyük,8690000507696,Paket,13,78,91,91
A2,Bakliyat Bölümü 2,3,3,1,A2-M03-K03-S01,Evimiz Basmati Pirinç Standart,8690000507702,Paket,11,0,11,99
A2,Bakliyat Bölümü 2,3,3,2,A2-M03-K03-S02,Doğa Basmati Pirinç Standart,8690000507719,Paket,11,11,22,99
A2,Bakliyat Bölümü 2,3,3,3,A2-M03-K03-S03,Premium Basmati Pirinç Standart,8690000507726,Paket,11,22,33,99
A2,Bakliyat Bölümü 2,3,3,4,A2-M03-K03-S04,Emigro Basmati Pirinç Standart,8690000507733,Paket,11,33,44,99
A2,Bakliyat Bölümü 2,3,3,5,A2-M03-K03-S05,Anadolu Basmati Pirinç Standart,8690000507740,Paket,11,44,55,99
A2,Bakliyat Bölümü 2,3,3,6,A2-M03-K03-S06,Bereket Basmati Pirinç Standart,8690000507757,Paket,11,55,66,99
A2,Bakliyat Bölümü 2,3,3,7,A2-M03-K03-S07,Marmara Basmati Pirinç Standart,8690000507764,Paket,11,66,77,99
A2,Bakliyat Bölümü 2,3,3,8,A2-M03-K03-S08,Usta Basmati Pirinç Standart,8690000507771,Paket,11,77,88,99
A2,Bakliyat Bölümü 2,3,3,9,A2-M03-K03-S09,Lezzet Basmati Pirinç Standart,8690000507788,Paket,11,88,99,99
A2,Bakliyat Bölümü 2,3,4,1,A2-M03-K04-S01,Doğa Basmati Pirinç Orta,8690000507795,Paket,10,0,10,100
A2,Bakliyat Bölümü 2,3,4,2,A2-M03-K04-S02,Premium Basmati Pirinç Orta,8690000507801,Paket,10,10,20,100
A2,Bakliyat Bölümü 2,3,4,3,A2-M03-K04-S03,Emigro Basmati Pirinç Orta,8690000507818,Paket,10,20,30,100
A2,Bakliyat Bölümü 2,3,4,4,A2-M03-K04-S04,Anadolu Basmati Pirinç Orta,8690000507825,Paket,10,30,40,100
A2,Bakliyat Bölümü 2,3,4,5,A2-M03-K04-S05,Bereket Basmati Pirinç Orta,8690000507832,Paket,10,40,50,100
A2,Bakliyat Bölümü 2,3,4,6,A2-M03-K04-S06,Marmara Basmati Pirinç Orta,8690000507849,Paket,10,50,60,100
A2,Bakliyat Bölümü 2,3,4,7,A2-M03-K04-S07,Usta Basmati Pirinç Orta,8690000507856,Paket,10,60,70,100
A2,Bakliyat Bölümü 2,3,4,8,A2-M03-K04-S08,Lezzet Basmati Pirinç Orta,8690000507863,Paket,10,70,80,100
A2,Bakliyat Bölümü 2,3,4,9,A2-M03-K04-S09,Günlük Basmati Pirinç Orta,8690000507870,Paket,10,80,90,100
A2,Bakliyat Bölümü 2,3,4,10,A2-M03-K04-S10,Evimiz Basmati Pirinç Orta,8690000507887,Paket,10,90,100,100
A2,Bakliyat Bölümü 2,3,5,1,A2-M03-K05-S01,Premium Basmati Pirinç Küçük,8690000507894,Paket,9,0,9,99
A2,Bakliyat Bölümü 2,3,5,2,A2-M03-K05-S02,Emigro Basmati Pirinç Küçük,8690000507900,Paket,9,9,18,99
A2,Bakliyat Bölümü 2,3,5,3,A2-M03-K05-S03,Anadolu Basmati Pirinç Küçük,8690000507917,Paket,9,18,27,99
A2,Bakliyat Bölümü 2,3,5,4,A2-M03-K05-S04,Bereket Basmati Pirinç Küçük,8690000507924,Paket,9,27,36,99
A2,Bakliyat Bölümü 2,3,5,5,A2-M03-K05-S05,Marmara Basmati Pirinç Küçük,8690000507931,Paket,9,36,45,99
A2,Bakliyat Bölümü 2,3,5,6,A2-M03-K05-S06,Usta Basmati Pirinç Küçük,8690000507948,Paket,9,45,54,99
A2,Bakliyat Bölümü 2,3,5,7,A2-M03-K05-S07,Lezzet Basmati Pirinç Küçük,8690000507955,Paket,9,54,63,99
A2,Bakliyat Bölümü 2,3,5,8,A2-M03-K05-S08,Günlük Basmati Pirinç Küçük,8690000507962,Paket,9,63,72,99
A2,Bakliyat Bölümü 2,3,5,9,A2-M03-K05-S09,Evimiz Basmati Pirinç Küçük,8690000507979,Paket,9,72,81,99
A2,Bakliyat Bölümü 2,3,5,10,A2-M03-K05-S10,Doğa Basmati Pirinç Küçük,8690000507986,Paket,9,81,90,99
A2,Bakliyat Bölümü 2,3,5,11,A2-M03-K05-S11,Premium Basmati Pirinç Küçük,8690000507993,Paket,9,90,99,99
A2,Bakliyat Bölümü 2,3,6,1,A2-M03-K06-S01,Emigro Basmati Pirinç Mini,8690000508006,Paket,8,0,8,96
A2,Bakliyat Bölümü 2,3,6,2,A2-M03-K06-S02,Anadolu Basmati Pirinç Mini,8690000508013,Paket,8,8,16,96
A2,Bakliyat Bölümü 2,3,6,3,A2-M03-K06-S03,Bereket Basmati Pirinç Mini,8690000508020,Paket,8,16,24,96
A2,Bakliyat Bölümü 2,3,6,4,A2-M03-K06-S04,Marmara Basmati Pirinç Mini,8690000508037,Paket,8,24,32,96
A2,Bakliyat Bölümü 2,3,6,5,A2-M03-K06-S05,Usta Basmati Pirinç Mini,8690000508044,Paket,8,32,40,96
A2,Bakliyat Bölümü 2,3,6,6,A2-M03-K06-S06,Lezzet Basmati Pirinç Mini,8690000508051,Paket,8,40,48,96
A2,Bakliyat Bölümü 2,3,6,7,A2-M03-K06-S07,Günlük Basmati Pirinç Mini,8690000508068,Paket,8,48,56,96
A2,Bakliyat Bölümü 2,3,6,8,A2-M03-K06-S08,Evimiz Basmati Pirinç Mini,8690000508075,Paket,8,56,64,96
A2,Bakliyat Bölümü 2,3,6,9,A2-M03-K06-S09,Doğa Basmati Pirinç Mini,8690000508082,Paket,8,64,72,96
A2,Bakliyat Bölümü 2,3,6,10,A2-M03-K06-S10,Premium Basmati Pirinç Mini,8690000508099,Paket,8,72,80,96
A2,Bakliyat Bölümü 2,3,6,11,A2-M03-K06-S11,Emigro Basmati Pirinç Mini,8690000508105,Paket,8,80,88,96
A2,Bakliyat Bölümü 2,3,6,12,A2-M03-K06-S12,Anadolu Basmati Pirinç Mini,8690000508112,Paket,8,88,96,96
A2,Bakliyat Bölümü 2,4,1,1,A2-M04-K01-S01,Günlük Jasmin Pirinç XL,8690000508129,Paket,14,0,14,98
A2,Bakliyat Bölümü 2,4,1,2,A2-M04-K01-S02,Evimiz Jasmin Pirinç XL,8690000508136,Paket,14,14,28,98
A2,Bakliyat Bölümü 2,4,1,3,A2-M04-K01-S03,Doğa Jasmin Pirinç XL,8690000508143,Paket,14,28,42,98
A2,Bakliyat Bölümü 2,4,1,4,A2-M04-K01-S04,Premium Jasmin Pirinç XL,8690000508150,Paket,14,42,56,98
A2,Bakliyat Bölümü 2,4,1,5,A2-M04-K01-S05,Emigro Jasmin Pirinç XL,8690000508167,Paket,14,56,70,98
A2,Bakliyat Bölümü 2,4,1,6,A2-M04-K01-S06,Anadolu Jasmin Pirinç XL,8690000508174,Paket,14,70,84,98
A2,Bakliyat Bölümü 2,4,1,7,A2-M04-K01-S07,Bereket Jasmin Pirinç XL,8690000508181,Paket,14,84,98,98
A2,Bakliyat Bölümü 2,4,2,1,A2-M04-K02-S01,Evimiz Jasmin Pirinç Büyük,8690000508198,Paket,13,0,13,91
A2,Bakliyat Bölümü 2,4,2,2,A2-M04-K02-S02,Doğa Jasmin Pirinç Büyük,8690000508204,Paket,13,13,26,91
A2,Bakliyat Bölümü 2,4,2,3,A2-M04-K02-S03,Premium Jasmin Pirinç Büyük,8690000508211,Paket,13,26,39,91
A2,Bakliyat Bölümü 2,4,2,4,A2-M04-K02-S04,Emigro Jasmin Pirinç Büyük,8690000508228,Paket,13,39,52,91
A2,Bakliyat Bölümü 2,4,2,5,A2-M04-K02-S05,Anadolu Jasmin Pirinç Büyük,8690000508235,Paket,13,52,65,91
A2,Bakliyat Bölümü 2,4,2,6,A2-M04-K02-S06,Bereket Jasmin Pirinç Büyük,8690000508242,Paket,13,65,78,91
A2,Bakliyat Bölümü 2,4,2,7,A2-M04-K02-S07,Marmara Jasmin Pirinç Büyük,8690000508259,Paket,13,78,91,91
A2,Bakliyat Bölümü 2,4,3,1,A2-M04-K03-S01,Doğa Jasmin Pirinç Standart,8690000508266,Paket,11,0,11,99
A2,Bakliyat Bölümü 2,4,3,2,A2-M04-K03-S02,Premium Jasmin Pirinç Standart,8690000508273,Paket,11,11,22,99
A2,Bakliyat Bölümü 2,4,3,3,A2-M04-K03-S03,Emigro Jasmin Pirinç Standart,8690000508280,Paket,11,22,33,99
A2,Bakliyat Bölümü 2,4,3,4,A2-M04-K03-S04,Anadolu Jasmin Pirinç Standart,8690000508297,Paket,11,33,44,99
A2,Bakliyat Bölümü 2,4,3,5,A2-M04-K03-S05,Bereket Jasmin Pirinç Standart,8690000508303,Paket,11,44,55,99
A2,Bakliyat Bölümü 2,4,3,6,A2-M04-K03-S06,Marmara Jasmin Pirinç Standart,8690000508310,Paket,11,55,66,99
A2,Bakliyat Bölümü 2,4,3,7,A2-M04-K03-S07,Usta Jasmin Pirinç Standart,8690000508327,Paket,11,66,77,99
A2,Bakliyat Bölümü 2,4,3,8,A2-M04-K03-S08,Lezzet Jasmin Pirinç Standart,8690000508334,Paket,11,77,88,99
A2,Bakliyat Bölümü 2,4,3,9,A2-M04-K03-S09,Günlük Jasmin Pirinç Standart,8690000508341,Paket,11,88,99,99
A2,Bakliyat Bölümü 2,4,4,1,A2-M04-K04-S01,Premium Jasmin Pirinç Orta,8690000508358,Paket,10,0,10,100
A2,Bakliyat Bölümü 2,4,4,2,A2-M04-K04-S02,Emigro Jasmin Pirinç Orta,8690000508365,Paket,10,10,20,100
A2,Bakliyat Bölümü 2,4,4,3,A2-M04-K04-S03,Anadolu Jasmin Pirinç Orta,8690000508372,Paket,10,20,30,100
A2,Bakliyat Bölümü 2,4,4,4,A2-M04-K04-S04,Bereket Jasmin Pirinç Orta,8690000508389,Paket,10,30,40,100
A2,Bakliyat Bölümü 2,4,4,5,A2-M04-K04-S05,Marmara Jasmin Pirinç Orta,8690000508396,Paket,10,40,50,100
A2,Bakliyat Bölümü 2,4,4,6,A2-M04-K04-S06,Usta Jasmin Pirinç Orta,8690000508402,Paket,10,50,60,100
A2,Bakliyat Bölümü 2,4,4,7,A2-M04-K04-S07,Lezzet Jasmin Pirinç Orta,8690000508419,Paket,10,60,70,100
A2,Bakliyat Bölümü 2,4,4,8,A2-M04-K04-S08,Günlük Jasmin Pirinç Orta,8690000508426,Paket,10,70,80,100
A2,Bakliyat Bölümü 2,4,4,9,A2-M04-K04-S09,Evimiz Jasmin Pirinç Orta,8690000508433,Paket,10,80,90,100
A2,Bakliyat Bölümü 2,4,4,10,A2-M04-K04-S10,Doğa Jasmin Pirinç Orta,8690000508440,Paket,10,90,100,100
A2,Bakliyat Bölümü 2,4,5,1,A2-M04-K05-S01,Emigro Jasmin Pirinç Küçük,8690000508457,Paket,9,0,9,99
A2,Bakliyat Bölümü 2,4,5,2,A2-M04-K05-S02,Anadolu Jasmin Pirinç Küçük,8690000508464,Paket,9,9,18,99
A2,Bakliyat Bölümü 2,4,5,3,A2-M04-K05-S03,Bereket Jasmin Pirinç Küçük,8690000508471,Paket,9,18,27,99
A2,Bakliyat Bölümü 2,4,5,4,A2-M04-K05-S04,Marmara Jasmin Pirinç Küçük,8690000508488,Paket,9,27,36,99
A2,Bakliyat Bölümü 2,4,5,5,A2-M04-K05-S05,Usta Jasmin Pirinç Küçük,8690000508495,Paket,9,36,45,99
A2,Bakliyat Bölümü 2,4,5,6,A2-M04-K05-S06,Lezzet Jasmin Pirinç Küçük,8690000508501,Paket,9,45,54,99
A2,Bakliyat Bölümü 2,4,5,7,A2-M04-K05-S07,Günlük Jasmin Pirinç Küçük,8690000508518,Paket,9,54,63,99
A2,Bakliyat Bölümü 2,4,5,8,A2-M04-K05-S08,Evimiz Jasmin Pirinç Küçük,8690000508525,Paket,9,63,72,99
A2,Bakliyat Bölümü 2,4,5,9,A2-M04-K05-S09,Doğa Jasmin Pirinç Küçük,8690000508532,Paket,9,72,81,99
A2,Bakliyat Bölümü 2,4,5,10,A2-M04-K05-S10,Premium Jasmin Pirinç Küçük,8690000508549,Paket,9,81,90,99
A2,Bakliyat Bölümü 2,4,5,11,A2-M04-K05-S11,Emigro Jasmin Pirinç Küçük,8690000508556,Paket,9,90,99,99
A2,Bakliyat Bölümü 2,4,6,1,A2-M04-K06-S01,Anadolu Jasmin Pirinç Mini,8690000508563,Paket,8,0,8,96
A2,Bakliyat Bölümü 2,4,6,2,A2-M04-K06-S02,Bereket Jasmin Pirinç Mini,8690000508570,Paket,8,8,16,96
A2,Bakliyat Bölümü 2,4,6,3,A2-M04-K06-S03,Marmara Jasmin Pirinç Mini,8690000508587,Paket,8,16,24,96
A2,Bakliyat Bölümü 2,4,6,4,A2-M04-K06-S04,Usta Jasmin Pirinç Mini,8690000508594,Paket,8,24,32,96
A2,Bakliyat Bölümü 2,4,6,5,A2-M04-K06-S05,Lezzet Jasmin Pirinç Mini,8690000508600,Paket,8,32,40,96
A2,Bakliyat Bölümü 2,4,6,6,A2-M04-K06-S06,Günlük Jasmin Pirinç Mini,8690000508617,Paket,8,40,48,96
A2,Bakliyat Bölümü 2,4,6,7,A2-M04-K06-S07,Evimiz Jasmin Pirinç Mini,8690000508624,Paket,8,48,56,96
A2,Bakliyat Bölümü 2,4,6,8,A2-M04-K06-S08,Doğa Jasmin Pirinç Mini,8690000508631,Paket,8,56,64,96
A2,Bakliyat Bölümü 2,4,6,9,A2-M04-K06-S09,Premium Jasmin Pirinç Mini,8690000508648,Paket,8,64,72,96
A2,Bakliyat Bölümü 2,4,6,10,A2-M04-K06-S10,Emigro Jasmin Pirinç Mini,8690000508655,Paket,8,72,80,96
A2,Bakliyat Bölümü 2,4,6,11,A2-M04-K06-S11,Anadolu Jasmin Pirinç Mini,8690000508662,Paket,8,80,88,96
A2,Bakliyat Bölümü 2,4,6,12,A2-M04-K06-S12,Bereket Jasmin Pirinç Mini,8690000508679,Paket,8,88,96,96
A2,Bakliyat Bölümü 2,5,1,1,A2-M05-K01-S01,Evimiz Pilavlık Bulgur XL,8690000508686,Paket,12,0,12,96
A2,Bakliyat Bölümü 2,5,1,2,A2-M05-K01-S02,Doğa Pilavlık Bulgur XL,8690000508693,Paket,12,12,24,96
A2,Bakliyat Bölümü 2,5,1,3,A2-M05-K01-S03,Premium Pilavlık Bulgur XL,8690000508709,Paket,12,24,36,96
A2,Bakliyat Bölümü 2,5,1,4,A2-M05-K01-S04,Emigro Pilavlık Bulgur XL,8690000508716,Paket,12,36,48,96
A2,Bakliyat Bölümü 2,5,1,5,A2-M05-K01-S05,Anadolu Pilavlık Bulgur XL,8690000508723,Paket,12,48,60,96
A2,Bakliyat Bölümü 2,5,1,6,A2-M05-K01-S06,Bereket Pilavlık Bulgur XL,8690000508730,Paket,12,60,72,96
A2,Bakliyat Bölümü 2,5,1,7,A2-M05-K01-S07,Marmara Pilavlık Bulgur XL,8690000508747,Paket,12,72,84,96
A2,Bakliyat Bölümü 2,5,1,8,A2-M05-K01-S08,Usta Pilavlık Bulgur XL,8690000508754,Paket,12,84,96,96
A2,Bakliyat Bölümü 2,5,2,1,A2-M05-K02-S01,Doğa Pilavlık Bulgur Büyük,8690000508761,Paket,12,0,12,96
A2,Bakliyat Bölümü 2,5,2,2,A2-M05-K02-S02,Premium Pilavlık Bulgur Büyük,8690000508778,Paket,12,12,24,96
A2,Bakliyat Bölümü 2,5,2,3,A2-M05-K02-S03,Emigro Pilavlık Bulgur Büyük,8690000508785,Paket,12,24,36,96
A2,Bakliyat Bölümü 2,5,2,4,A2-M05-K02-S04,Anadolu Pilavlık Bulgur Büyük,8690000508792,Paket,12,36,48,96
A2,Bakliyat Bölümü 2,5,2,5,A2-M05-K02-S05,Bereket Pilavlık Bulgur Büyük,8690000508808,Paket,12,48,60,96
A2,Bakliyat Bölümü 2,5,2,6,A2-M05-K02-S06,Marmara Pilavlık Bulgur Büyük,8690000508815,Paket,12,60,72,96
A2,Bakliyat Bölümü 2,5,2,7,A2-M05-K02-S07,Usta Pilavlık Bulgur Büyük,8690000508822,Paket,12,72,84,96
A2,Bakliyat Bölümü 2,5,2,8,A2-M05-K02-S08,Lezzet Pilavlık Bulgur Büyük,8690000508839,Paket,12,84,96,96
A2,Bakliyat Bölümü 2,5,3,1,A2-M05-K03-S01,Premium Pilavlık Bulgur Standart,8690000508846,Paket,10,0,10,100
A2,Bakliyat Bölümü 2,5,3,2,A2-M05-K03-S02,Emigro Pilavlık Bulgur Standart,8690000508853,Paket,10,10,20,100
A2,Bakliyat Bölümü 2,5,3,3,A2-M05-K03-S03,Anadolu Pilavlık Bulgur Standart,8690000508860,Paket,10,20,30,100
A2,Bakliyat Bölümü 2,5,3,4,A2-M05-K03-S04,Bereket Pilavlık Bulgur Standart,8690000508877,Paket,10,30,40,100
A2,Bakliyat Bölümü 2,5,3,5,A2-M05-K03-S05,Marmara Pilavlık Bulgur Standart,8690000508884,Paket,10,40,50,100
A2,Bakliyat Bölümü 2,5,3,6,A2-M05-K03-S06,Usta Pilavlık Bulgur Standart,8690000508891,Paket,10,50,60,100
A2,Bakliyat Bölümü 2,5,3,7,A2-M05-K03-S07,Lezzet Pilavlık Bulgur Standart,8690000508907,Paket,10,60,70,100
A2,Bakliyat Bölümü 2,5,3,8,A2-M05-K03-S08,Günlük Pilavlık Bulgur Standart,8690000508914,Paket,10,70,80,100
A2,Bakliyat Bölümü 2,5,3,9,A2-M05-K03-S09,Evimiz Pilavlık Bulgur Standart,8690000508921,Paket,10,80,90,100
A2,Bakliyat Bölümü 2,5,3,10,A2-M05-K03-S10,Doğa Pilavlık Bulgur Standart,8690000508938,Paket,10,90,100,100
A2,Bakliyat Bölümü 2,5,4,1,A2-M05-K04-S01,Emigro Pilavlık Bulgur Orta,8690000508945,Paket,9,0,9,99
A2,Bakliyat Bölümü 2,5,4,2,A2-M05-K04-S02,Anadolu Pilavlık Bulgur Orta,8690000508952,Paket,9,9,18,99
A2,Bakliyat Bölümü 2,5,4,3,A2-M05-K04-S03,Bereket Pilavlık Bulgur Orta,8690000508969,Paket,9,18,27,99
A2,Bakliyat Bölümü 2,5,4,4,A2-M05-K04-S04,Marmara Pilavlık Bulgur Orta,8690000508976,Paket,9,27,36,99
A2,Bakliyat Bölümü 2,5,4,5,A2-M05-K04-S05,Usta Pilavlık Bulgur Orta,8690000508983,Paket,9,36,45,99
A2,Bakliyat Bölümü 2,5,4,6,A2-M05-K04-S06,Lezzet Pilavlık Bulgur Orta,8690000508990,Paket,9,45,54,99
A2,Bakliyat Bölümü 2,5,4,7,A2-M05-K04-S07,Günlük Pilavlık Bulgur Orta,8690000509003,Paket,9,54,63,99
A2,Bakliyat Bölümü 2,5,4,8,A2-M05-K04-S08,Evimiz Pilavlık Bulgur Orta,8690000509010,Paket,9,63,72,99
A2,Bakliyat Bölümü 2,5,4,9,A2-M05-K04-S09,Doğa Pilavlık Bulgur Orta,8690000509027,Paket,9,72,81,99
A2,Bakliyat Bölümü 2,5,4,10,A2-M05-K04-S10,Premium Pilavlık Bulgur Orta,8690000509034,Paket,9,81,90,99
A2,Bakliyat Bölümü 2,5,4,11,A2-M05-K04-S11,Emigro Pilavlık Bulgur Orta,8690000509041,Paket,9,90,99,99
A2,Bakliyat Bölümü 2,5,5,1,A2-M05-K05-S01,Anadolu Pilavlık Bulgur Küçük,8690000509058,Paket,8,0,8,96
A2,Bakliyat Bölümü 2,5,5,2,A2-M05-K05-S02,Bereket Pilavlık Bulgur Küçük,8690000509065,Paket,8,8,16,96
A2,Bakliyat Bölümü 2,5,5,3,A2-M05-K05-S03,Marmara Pilavlık Bulgur Küçük,8690000509072,Paket,8,16,24,96
A2,Bakliyat Bölümü 2,5,5,4,A2-M05-K05-S04,Usta Pilavlık Bulgur Küçük,8690000509089,Paket,8,24,32,96
A2,Bakliyat Bölümü 2,5,5,5,A2-M05-K05-S05,Lezzet Pilavlık Bulgur Küçük,8690000509096,Paket,8,32,40,96
A2,Bakliyat Bölümü 2,5,5,6,A2-M05-K05-S06,Günlük Pilavlık Bulgur Küçük,8690000509102,Paket,8,40,48,96
A2,Bakliyat Bölümü 2,5,5,7,A2-M05-K05-S07,Evimiz Pilavlık Bulgur Küçük,8690000509119,Paket,8,48,56,96
A2,Bakliyat Bölümü 2,5,5,8,A2-M05-K05-S08,Doğa Pilavlık Bulgur Küçük,8690000509126,Paket,8,56,64,96
A2,Bakliyat Bölümü 2,5,5,9,A2-M05-K05-S09,Premium Pilavlık Bulgur Küçük,8690000509133,Paket,8,64,72,96
A2,Bakliyat Bölümü 2,5,5,10,A2-M05-K05-S10,Emigro Pilavlık Bulgur Küçük,8690000509140,Paket,8,72,80,96
A2,Bakliyat Bölümü 2,5,5,11,A2-M05-K05-S11,Anadolu Pilavlık Bulgur Küçük,8690000509157,Paket,8,80,88,96
A2,Bakliyat Bölümü 2,5,5,12,A2-M05-K05-S12,Bereket Pilavlık Bulgur Küçük,8690000509164,Paket,8,88,96,96
A2,Bakliyat Bölümü 2,5,6,1,A2-M05-K06-S01,Bereket Pilavlık Bulgur Mini,8690000509171,Paket,7,0,7,98
A2,Bakliyat Bölümü 2,5,6,2,A2-M05-K06-S02,Marmara Pilavlık Bulgur Mini,8690000509188,Paket,7,7,14,98
A2,Bakliyat Bölümü 2,5,6,3,A2-M05-K06-S03,Usta Pilavlık Bulgur Mini,8690000509195,Paket,7,14,21,98
A2,Bakliyat Bölümü 2,5,6,4,A2-M05-K06-S04,Lezzet Pilavlık Bulgur Mini,8690000509201,Paket,7,21,28,98
A2,Bakliyat Bölümü 2,5,6,5,A2-M05-K06-S05,Günlük Pilavlık Bulgur Mini,8690000509218,Paket,7,28,35,98
A2,Bakliyat Bölümü 2,5,6,6,A2-M05-K06-S06,Evimiz Pilavlık Bulgur Mini,8690000509225,Paket,7,35,42,98
A2,Bakliyat Bölümü 2,5,6,7,A2-M05-K06-S07,Doğa Pilavlık Bulgur Mini,8690000509232,Paket,7,42,49,98
A2,Bakliyat Bölümü 2,5,6,8,A2-M05-K06-S08,Premium Pilavlık Bulgur Mini,8690000509249,Paket,7,49,56,98
A2,Bakliyat Bölümü 2,5,6,9,A2-M05-K06-S09,Emigro Pilavlık Bulgur Mini,8690000509256,Paket,7,56,63,98
A2,Bakliyat Bölümü 2,5,6,10,A2-M05-K06-S10,Anadolu Pilavlık Bulgur Mini,8690000509263,Paket,7,63,70,98
A2,Bakliyat Bölümü 2,5,6,11,A2-M05-K06-S11,Bereket Pilavlık Bulgur Mini,8690000509270,Paket,7,70,77,98
A2,Bakliyat Bölümü 2,5,6,12,A2-M05-K06-S12,Marmara Pilavlık Bulgur Mini,8690000509287,Paket,7,77,84,98
A2,Bakliyat Bölümü 2,5,6,13,A2-M05-K06-S13,Usta Pilavlık Bulgur Mini,8690000509294,Paket,7,84,91,98
A2,Bakliyat Bölümü 2,5,6,14,A2-M05-K06-S14,Lezzet Pilavlık Bulgur Mini,8690000509300,Paket,7,91,98,98
A2,Bakliyat Bölümü 2,6,1,1,A2-M06-K01-S01,Doğa Köftelik Bulgur XL,8690000509317,Paket,11,0,11,99
A2,Bakliyat Bölümü 2,6,1,2,A2-M06-K01-S02,Premium Köftelik Bulgur XL,8690000509324,Paket,11,11,22,99
A2,Bakliyat Bölümü 2,6,1,3,A2-M06-K01-S03,Emigro Köftelik Bulgur XL,8690000509331,Paket,11,22,33,99
A2,Bakliyat Bölümü 2,6,1,4,A2-M06-K01-S04,Anadolu Köftelik Bulgur XL,8690000509348,Paket,11,33,44,99
A2,Bakliyat Bölümü 2,6,1,5,A2-M06-K01-S05,Bereket Köftelik Bulgur XL,8690000509355,Paket,11,44,55,99
A2,Bakliyat Bölümü 2,6,1,6,A2-M06-K01-S06,Marmara Köftelik Bulgur XL,8690000509362,Paket,11,55,66,99
A2,Bakliyat Bölümü 2,6,1,7,A2-M06-K01-S07,Usta Köftelik Bulgur XL,8690000509379,Paket,11,66,77,99
A2,Bakliyat Bölümü 2,6,1,8,A2-M06-K01-S08,Lezzet Köftelik Bulgur XL,8690000509386,Paket,11,77,88,99
A2,Bakliyat Bölümü 2,6,1,9,A2-M06-K01-S09,Günlük Köftelik Bulgur XL,8690000509393,Paket,11,88,99,99
A2,Bakliyat Bölümü 2,6,2,1,A2-M06-K02-S01,Premium Köftelik Bulgur Büyük,8690000509409,Paket,10,0,10,100
A2,Bakliyat Bölümü 2,6,2,2,A2-M06-K02-S02,Emigro Köftelik Bulgur Büyük,8690000509416,Paket,10,10,20,100
A2,Bakliyat Bölümü 2,6,2,3,A2-M06-K02-S03,Anadolu Köftelik Bulgur Büyük,8690000509423,Paket,10,20,30,100
A2,Bakliyat Bölümü 2,6,2,4,A2-M06-K02-S04,Bereket Köftelik Bulgur Büyük,8690000509430,Paket,10,30,40,100
A2,Bakliyat Bölümü 2,6,2,5,A2-M06-K02-S05,Marmara Köftelik Bulgur Büyük,8690000509447,Paket,10,40,50,100
A2,Bakliyat Bölümü 2,6,2,6,A2-M06-K02-S06,Usta Köftelik Bulgur Büyük,8690000509454,Paket,10,50,60,100
A2,Bakliyat Bölümü 2,6,2,7,A2-M06-K02-S07,Lezzet Köftelik Bulgur Büyük,8690000509461,Paket,10,60,70,100
A2,Bakliyat Bölümü 2,6,2,8,A2-M06-K02-S08,Günlük Köftelik Bulgur Büyük,8690000509478,Paket,10,70,80,100
A2,Bakliyat Bölümü 2,6,2,9,A2-M06-K02-S09,Evimiz Köftelik Bulgur Büyük,8690000509485,Paket,10,80,90,100
A2,Bakliyat Bölümü 2,6,2,10,A2-M06-K02-S10,Doğa Köftelik Bulgur Büyük,8690000509492,Paket,10,90,100,100
A2,Bakliyat Bölümü 2,6,3,1,A2-M06-K03-S01,Emigro Köftelik Bulgur Standart,8690000509508,Paket,9,0,9,99
A2,Bakliyat Bölümü 2,6,3,2,A2-M06-K03-S02,Anadolu Köftelik Bulgur Standart,8690000509515,Paket,9,9,18,99
A2,Bakliyat Bölümü 2,6,3,3,A2-M06-K03-S03,Bereket Köftelik Bulgur Standart,8690000509522,Paket,9,18,27,99
A2,Bakliyat Bölümü 2,6,3,4,A2-M06-K03-S04,Marmara Köftelik Bulgur Standart,8690000509539,Paket,9,27,36,99
A2,Bakliyat Bölümü 2,6,3,5,A2-M06-K03-S05,Usta Köftelik Bulgur Standart,8690000509546,Paket,9,36,45,99
A2,Bakliyat Bölümü 2,6,3,6,A2-M06-K03-S06,Lezzet Köftelik Bulgur Standart,8690000509553,Paket,9,45,54,99
A2,Bakliyat Bölümü 2,6,3,7,A2-M06-K03-S07,Günlük Köftelik Bulgur Standart,8690000509560,Paket,9,54,63,99
A2,Bakliyat Bölümü 2,6,3,8,A2-M06-K03-S08,Evimiz Köftelik Bulgur Standart,8690000509577,Paket,9,63,72,99
A2,Bakliyat Bölümü 2,6,3,9,A2-M06-K03-S09,Doğa Köftelik Bulgur Standart,8690000509584,Paket,9,72,81,99
A2,Bakliyat Bölümü 2,6,3,10,A2-M06-K03-S10,Premium Köftelik Bulgur Standart,8690000509591,Paket,9,81,90,99
A2,Bakliyat Bölümü 2,6,3,11,A2-M06-K03-S11,Emigro Köftelik Bulgur Standart,8690000509607,Paket,9,90,99,99
A2,Bakliyat Bölümü 2,6,4,1,A2-M06-K04-S01,Anadolu Köftelik Bulgur Orta,8690000509614,Paket,8,0,8,96
A2,Bakliyat Bölümü 2,6,4,2,A2-M06-K04-S02,Bereket Köftelik Bulgur Orta,8690000509621,Paket,8,8,16,96
A2,Bakliyat Bölümü 2,6,4,3,A2-M06-K04-S03,Marmara Köftelik Bulgur Orta,8690000509638,Paket,8,16,24,96
A2,Bakliyat Bölümü 2,6,4,4,A2-M06-K04-S04,Usta Köftelik Bulgur Orta,8690000509645,Paket,8,24,32,96
A2,Bakliyat Bölümü 2,6,4,5,A2-M06-K04-S05,Lezzet Köftelik Bulgur Orta,8690000509652,Paket,8,32,40,96
A2,Bakliyat Bölümü 2,6,4,6,A2-M06-K04-S06,Günlük Köftelik Bulgur Orta,8690000509669,Paket,8,40,48,96
A2,Bakliyat Bölümü 2,6,4,7,A2-M06-K04-S07,Evimiz Köftelik Bulgur Orta,8690000509676,Paket,8,48,56,96
A2,Bakliyat Bölümü 2,6,4,8,A2-M06-K04-S08,Doğa Köftelik Bulgur Orta,8690000509683,Paket,8,56,64,96
A2,Bakliyat Bölümü 2,6,4,9,A2-M06-K04-S09,Premium Köftelik Bulgur Orta,8690000509690,Paket,8,64,72,96
A2,Bakliyat Bölümü 2,6,4,10,A2-M06-K04-S10,Emigro Köftelik Bulgur Orta,8690000509706,Paket,8,72,80,96
A2,Bakliyat Bölümü 2,6,4,11,A2-M06-K04-S11,Anadolu Köftelik Bulgur Orta,8690000509713,Paket,8,80,88,96
A2,Bakliyat Bölümü 2,6,4,12,A2-M06-K04-S12,Bereket Köftelik Bulgur Orta,8690000509720,Paket,8,88,96,96
A2,Bakliyat Bölümü 2,6,5,1,A2-M06-K05-S01,Bereket Köftelik Bulgur Küçük,8690000509737,Paket,7,0,7,98
A2,Bakliyat Bölümü 2,6,5,2,A2-M06-K05-S02,Marmara Köftelik Bulgur Küçük,8690000509744,Paket,7,7,14,98
A2,Bakliyat Bölümü 2,6,5,3,A2-M06-K05-S03,Usta Köftelik Bulgur Küçük,8690000509751,Paket,7,14,21,98
A2,Bakliyat Bölümü 2,6,5,4,A2-M06-K05-S04,Lezzet Köftelik Bulgur Küçük,8690000509768,Paket,7,21,28,98
A2,Bakliyat Bölümü 2,6,5,5,A2-M06-K05-S05,Günlük Köftelik Bulgur Küçük,8690000509775,Paket,7,28,35,98
A2,Bakliyat Bölümü 2,6,5,6,A2-M06-K05-S06,Evimiz Köftelik Bulgur Küçük,8690000509782,Paket,7,35,42,98
A2,Bakliyat Bölümü 2,6,5,7,A2-M06-K05-S07,Doğa Köftelik Bulgur Küçük,8690000509799,Paket,7,42,49,98
A2,Bakliyat Bölümü 2,6,5,8,A2-M06-K05-S08,Premium Köftelik Bulgur Küçük,8690000509805,Paket,7,49,56,98
A2,Bakliyat Bölümü 2,6,5,9,A2-M06-K05-S09,Emigro Köftelik Bulgur Küçük,8690000509812,Paket,7,56,63,98
A2,Bakliyat Bölümü 2,6,5,10,A2-M06-K05-S10,Anadolu Köftelik Bulgur Küçük,8690000509829,Paket,7,63,70,98
A2,Bakliyat Bölümü 2,6,5,11,A2-M06-K05-S11,Bereket Köftelik Bulgur Küçük,8690000509836,Paket,7,70,77,98
A2,Bakliyat Bölümü 2,6,5,12,A2-M06-K05-S12,Marmara Köftelik Bulgur Küçük,8690000509843,Paket,7,77,84,98
A2,Bakliyat Bölümü 2,6,5,13,A2-M06-K05-S13,Usta Köftelik Bulgur Küçük,8690000509850,Paket,7,84,91,98
A2,Bakliyat Bölümü 2,6,5,14,A2-M06-K05-S14,Lezzet Köftelik Bulgur Küçük,8690000509867,Paket,7,91,98,98
A2,Bakliyat Bölümü 2,6,6,1,A2-M06-K06-S01,Marmara Köftelik Bulgur Mini,8690000509874,Paket,6,0,6,96
A2,Bakliyat Bölümü 2,6,6,2,A2-M06-K06-S02,Usta Köftelik Bulgur Mini,8690000509881,Paket,6,6,12,96
A2,Bakliyat Bölümü 2,6,6,3,A2-M06-K06-S03,Lezzet Köftelik Bulgur Mini,8690000509898,Paket,6,12,18,96
A2,Bakliyat Bölümü 2,6,6,4,A2-M06-K06-S04,Günlük Köftelik Bulgur Mini,8690000509904,Paket,6,18,24,96
A2,Bakliyat Bölümü 2,6,6,5,A2-M06-K06-S05,Evimiz Köftelik Bulgur Mini,8690000509911,Paket,6,24,30,96
A2,Bakliyat Bölümü 2,6,6,6,A2-M06-K06-S06,Doğa Köftelik Bulgur Mini,8690000509928,Paket,6,30,36,96
A2,Bakliyat Bölümü 2,6,6,7,A2-M06-K06-S07,Premium Köftelik Bulgur Mini,8690000509935,Paket,6,36,42,96
A2,Bakliyat Bölümü 2,6,6,8,A2-M06-K06-S08,Emigro Köftelik Bulgur Mini,8690000509942,Paket,6,42,48,96
A2,Bakliyat Bölümü 2,6,6,9,A2-M06-K06-S09,Anadolu Köftelik Bulgur Mini,8690000509959,Paket,6,48,54,96
A2,Bakliyat Bölümü 2,6,6,10,A2-M06-K06-S10,Bereket Köftelik Bulgur Mini,8690000509966,Paket,6,54,60,96
A2,Bakliyat Bölümü 2,6,6,11,A2-M06-K06-S11,Marmara Köftelik Bulgur Mini,8690000509973,Paket,6,60,66,96
A2,Bakliyat Bölümü 2,6,6,12,A2-M06-K06-S12,Usta Köftelik Bulgur Mini,8690000509980,Paket,6,66,72,96
A2,Bakliyat Bölümü 2,6,6,13,A2-M06-K06-S13,Lezzet Köftelik Bulgur Mini,8690000509997,Paket,6,72,78,96
A2,Bakliyat Bölümü 2,6,6,14,A2-M06-K06-S14,Günlük Köftelik Bulgur Mini,8690000510009,Paket,6,78,84,96
A2,Bakliyat Bölümü 2,6,6,15,A2-M06-K06-S15,Evimiz Köftelik Bulgur Mini,8690000510016,Paket,6,84,90,96
A2,Bakliyat Bölümü 2,6,6,16,A2-M06-K06-S16,Doğa Köftelik Bulgur Mini,8690000510023,Paket,6,90,96,96
A2,Bakliyat Bölümü 2,7,1,1,A2-M07-K01-S01,Premium İnce Bulgur XL,8690000510030,Paket,11,0,11,99
A2,Bakliyat Bölümü 2,7,1,2,A2-M07-K01-S02,Emigro İnce Bulgur XL,8690000510047,Paket,11,11,22,99
A2,Bakliyat Bölümü 2,7,1,3,A2-M07-K01-S03,Anadolu İnce Bulgur XL,8690000510054,Paket,11,22,33,99
A2,Bakliyat Bölümü 2,7,1,4,A2-M07-K01-S04,Bereket İnce Bulgur XL,8690000510061,Paket,11,33,44,99
A2,Bakliyat Bölümü 2,7,1,5,A2-M07-K01-S05,Marmara İnce Bulgur XL,8690000510078,Paket,11,44,55,99
A2,Bakliyat Bölümü 2,7,1,6,A2-M07-K01-S06,Usta İnce Bulgur XL,8690000510085,Paket,11,55,66,99
A2,Bakliyat Bölümü 2,7,1,7,A2-M07-K01-S07,Lezzet İnce Bulgur XL,8690000510092,Paket,11,66,77,99
A2,Bakliyat Bölümü 2,7,1,8,A2-M07-K01-S08,Günlük İnce Bulgur XL,8690000510108,Paket,11,77,88,99
A2,Bakliyat Bölümü 2,7,1,9,A2-M07-K01-S09,Evimiz İnce Bulgur XL,8690000510115,Paket,11,88,99,99
A2,Bakliyat Bölümü 2,7,2,1,A2-M07-K02-S01,Emigro İnce Bulgur Büyük,8690000510122,Paket,10,0,10,100
A2,Bakliyat Bölümü 2,7,2,2,A2-M07-K02-S02,Anadolu İnce Bulgur Büyük,8690000510139,Paket,10,10,20,100
A2,Bakliyat Bölümü 2,7,2,3,A2-M07-K02-S03,Bereket İnce Bulgur Büyük,8690000510146,Paket,10,20,30,100
A2,Bakliyat Bölümü 2,7,2,4,A2-M07-K02-S04,Marmara İnce Bulgur Büyük,8690000510153,Paket,10,30,40,100
A2,Bakliyat Bölümü 2,7,2,5,A2-M07-K02-S05,Usta İnce Bulgur Büyük,8690000510160,Paket,10,40,50,100
A2,Bakliyat Bölümü 2,7,2,6,A2-M07-K02-S06,Lezzet İnce Bulgur Büyük,8690000510177,Paket,10,50,60,100
A2,Bakliyat Bölümü 2,7,2,7,A2-M07-K02-S07,Günlük İnce Bulgur Büyük,8690000510184,Paket,10,60,70,100
A2,Bakliyat Bölümü 2,7,2,8,A2-M07-K02-S08,Evimiz İnce Bulgur Büyük,8690000510191,Paket,10,70,80,100
A2,Bakliyat Bölümü 2,7,2,9,A2-M07-K02-S09,Doğa İnce Bulgur Büyük,8690000510207,Paket,10,80,90,100
A2,Bakliyat Bölümü 2,7,2,10,A2-M07-K02-S10,Premium İnce Bulgur Büyük,8690000510214,Paket,10,90,100,100
A2,Bakliyat Bölümü 2,7,3,1,A2-M07-K03-S01,Anadolu İnce Bulgur Standart,8690000510221,Paket,9,0,9,99
A2,Bakliyat Bölümü 2,7,3,2,A2-M07-K03-S02,Bereket İnce Bulgur Standart,8690000510238,Paket,9,9,18,99
A2,Bakliyat Bölümü 2,7,3,3,A2-M07-K03-S03,Marmara İnce Bulgur Standart,8690000510245,Paket,9,18,27,99
A2,Bakliyat Bölümü 2,7,3,4,A2-M07-K03-S04,Usta İnce Bulgur Standart,8690000510252,Paket,9,27,36,99
A2,Bakliyat Bölümü 2,7,3,5,A2-M07-K03-S05,Lezzet İnce Bulgur Standart,8690000510269,Paket,9,36,45,99
A2,Bakliyat Bölümü 2,7,3,6,A2-M07-K03-S06,Günlük İnce Bulgur Standart,8690000510276,Paket,9,45,54,99
A2,Bakliyat Bölümü 2,7,3,7,A2-M07-K03-S07,Evimiz İnce Bulgur Standart,8690000510283,Paket,9,54,63,99
A2,Bakliyat Bölümü 2,7,3,8,A2-M07-K03-S08,Doğa İnce Bulgur Standart,8690000510290,Paket,9,63,72,99
A2,Bakliyat Bölümü 2,7,3,9,A2-M07-K03-S09,Premium İnce Bulgur Standart,8690000510306,Paket,9,72,81,99
A2,Bakliyat Bölümü 2,7,3,10,A2-M07-K03-S10,Emigro İnce Bulgur Standart,8690000510313,Paket,9,81,90,99
A2,Bakliyat Bölümü 2,7,3,11,A2-M07-K03-S11,Anadolu İnce Bulgur Standart,8690000510320,Paket,9,90,99,99
A2,Bakliyat Bölümü 2,7,4,1,A2-M07-K04-S01,Bereket İnce Bulgur Orta,8690000510337,Paket,8,0,8,96
A2,Bakliyat Bölümü 2,7,4,2,A2-M07-K04-S02,Marmara İnce Bulgur Orta,8690000510344,Paket,8,8,16,96
A2,Bakliyat Bölümü 2,7,4,3,A2-M07-K04-S03,Usta İnce Bulgur Orta,8690000510351,Paket,8,16,24,96
A2,Bakliyat Bölümü 2,7,4,4,A2-M07-K04-S04,Lezzet İnce Bulgur Orta,8690000510368,Paket,8,24,32,96
A2,Bakliyat Bölümü 2,7,4,5,A2-M07-K04-S05,Günlük İnce Bulgur Orta,8690000510375,Paket,8,32,40,96
A2,Bakliyat Bölümü 2,7,4,6,A2-M07-K04-S06,Evimiz İnce Bulgur Orta,8690000510382,Paket,8,40,48,96
A2,Bakliyat Bölümü 2,7,4,7,A2-M07-K04-S07,Doğa İnce Bulgur Orta,8690000510399,Paket,8,48,56,96
A2,Bakliyat Bölümü 2,7,4,8,A2-M07-K04-S08,Premium İnce Bulgur Orta,8690000510405,Paket,8,56,64,96
A2,Bakliyat Bölümü 2,7,4,9,A2-M07-K04-S09,Emigro İnce Bulgur Orta,8690000510412,Paket,8,64,72,96
A2,Bakliyat Bölümü 2,7,4,10,A2-M07-K04-S10,Anadolu İnce Bulgur Orta,8690000510429,Paket,8,72,80,96
A2,Bakliyat Bölümü 2,7,4,11,A2-M07-K04-S11,Bereket İnce Bulgur Orta,8690000510436,Paket,8,80,88,96
A2,Bakliyat Bölümü 2,7,4,12,A2-M07-K04-S12,Marmara İnce Bulgur Orta,8690000510443,Paket,8,88,96,96
A2,Bakliyat Bölümü 2,7,5,1,A2-M07-K05-S01,Marmara İnce Bulgur Küçük,8690000510450,Paket,7,0,7,98
A2,Bakliyat Bölümü 2,7,5,2,A2-M07-K05-S02,Usta İnce Bulgur Küçük,8690000510467,Paket,7,7,14,98
A2,Bakliyat Bölümü 2,7,5,3,A2-M07-K05-S03,Lezzet İnce Bulgur Küçük,8690000510474,Paket,7,14,21,98
A2,Bakliyat Bölümü 2,7,5,4,A2-M07-K05-S04,Günlük İnce Bulgur Küçük,8690000510481,Paket,7,21,28,98
A2,Bakliyat Bölümü 2,7,5,5,A2-M07-K05-S05,Evimiz İnce Bulgur Küçük,8690000510498,Paket,7,28,35,98
A2,Bakliyat Bölümü 2,7,5,6,A2-M07-K05-S06,Doğa İnce Bulgur Küçük,8690000510504,Paket,7,35,42,98
A2,Bakliyat Bölümü 2,7,5,7,A2-M07-K05-S07,Premium İnce Bulgur Küçük,8690000510511,Paket,7,42,49,98
A2,Bakliyat Bölümü 2,7,5,8,A2-M07-K05-S08,Emigro İnce Bulgur Küçük,8690000510528,Paket,7,49,56,98
A2,Bakliyat Bölümü 2,7,5,9,A2-M07-K05-S09,Anadolu İnce Bulgur Küçük,8690000510535,Paket,7,56,63,98
A2,Bakliyat Bölümü 2,7,5,10,A2-M07-K05-S10,Bereket İnce Bulgur Küçük,8690000510542,Paket,7,63,70,98
A2,Bakliyat Bölümü 2,7,5,11,A2-M07-K05-S11,Marmara İnce Bulgur Küçük,8690000510559,Paket,7,70,77,98
A2,Bakliyat Bölümü 2,7,5,12,A2-M07-K05-S12,Usta İnce Bulgur Küçük,8690000510566,Paket,7,77,84,98
A2,Bakliyat Bölümü 2,7,5,13,A2-M07-K05-S13,Lezzet İnce Bulgur Küçük,8690000510573,Paket,7,84,91,98
A2,Bakliyat Bölümü 2,7,5,14,A2-M07-K05-S14,Günlük İnce Bulgur Küçük,8690000510580,Paket,7,91,98,98
A2,Bakliyat Bölümü 2,7,6,1,A2-M07-K06-S01,Usta İnce Bulgur Mini,8690000510597,Paket,6,0,6,96
A2,Bakliyat Bölümü 2,7,6,2,A2-M07-K06-S02,Lezzet İnce Bulgur Mini,8690000510603,Paket,6,6,12,96
A2,Bakliyat Bölümü 2,7,6,3,A2-M07-K06-S03,Günlük İnce Bulgur Mini,8690000510610,Paket,6,12,18,96
A2,Bakliyat Bölümü 2,7,6,4,A2-M07-K06-S04,Evimiz İnce Bulgur Mini,8690000510627,Paket,6,18,24,96
A2,Bakliyat Bölümü 2,7,6,5,A2-M07-K06-S05,Doğa İnce Bulgur Mini,8690000510634,Paket,6,24,30,96
A2,Bakliyat Bölümü 2,7,6,6,A2-M07-K06-S06,Premium İnce Bulgur Mini,8690000510641,Paket,6,30,36,96
A2,Bakliyat Bölümü 2,7,6,7,A2-M07-K06-S07,Emigro İnce Bulgur Mini,8690000510658,Paket,6,36,42,96
A2,Bakliyat Bölümü 2,7,6,8,A2-M07-K06-S08,Anadolu İnce Bulgur Mini,8690000510665,Paket,6,42,48,96
A2,Bakliyat Bölümü 2,7,6,9,A2-M07-K06-S09,Bereket İnce Bulgur Mini,8690000510672,Paket,6,48,54,96
A2,Bakliyat Bölümü 2,7,6,10,A2-M07-K06-S10,Marmara İnce Bulgur Mini,8690000510689,Paket,6,54,60,96
A2,Bakliyat Bölümü 2,7,6,11,A2-M07-K06-S11,Usta İnce Bulgur Mini,8690000510696,Paket,6,60,66,96
A2,Bakliyat Bölümü 2,7,6,12,A2-M07-K06-S12,Lezzet İnce Bulgur Mini,8690000510702,Paket,6,66,72,96
A2,Bakliyat Bölümü 2,7,6,13,A2-M07-K06-S13,Günlük İnce Bulgur Mini,8690000510719,Paket,6,72,78,96
A2,Bakliyat Bölümü 2,7,6,14,A2-M07-K06-S14,Evimiz İnce Bulgur Mini,8690000510726,Paket,6,78,84,96
A2,Bakliyat Bölümü 2,7,6,15,A2-M07-K06-S15,Doğa İnce Bulgur Mini,8690000510733,Paket,6,84,90,96
A2,Bakliyat Bölümü 2,7,6,16,A2-M07-K06-S16,Premium İnce Bulgur Mini,8690000510740,Paket,6,90,96,96
A2,Bakliyat Bölümü 2,8,1,1,A2-M08-K01-S01,Emigro İri Bulgur XL,8690000510757,Paket,12,0,12,96
A2,Bakliyat Bölümü 2,8,1,2,A2-M08-K01-S02,Anadolu İri Bulgur XL,8690000510764,Paket,12,12,24,96
A2,Bakliyat Bölümü 2,8,1,3,A2-M08-K01-S03,Bereket İri Bulgur XL,8690000510771,Paket,12,24,36,96
A2,Bakliyat Bölümü 2,8,1,4,A2-M08-K01-S04,Marmara İri Bulgur XL,8690000510788,Paket,12,36,48,96
A2,Bakliyat Bölümü 2,8,1,5,A2-M08-K01-S05,Usta İri Bulgur XL,8690000510795,Paket,12,48,60,96
A2,Bakliyat Bölümü 2,8,1,6,A2-M08-K01-S06,Lezzet İri Bulgur XL,8690000510801,Paket,12,60,72,96
A2,Bakliyat Bölümü 2,8,1,7,A2-M08-K01-S07,Günlük İri Bulgur XL,8690000510818,Paket,12,72,84,96
A2,Bakliyat Bölümü 2,8,1,8,A2-M08-K01-S08,Evimiz İri Bulgur XL,8690000510825,Paket,12,84,96,96
A2,Bakliyat Bölümü 2,8,2,1,A2-M08-K02-S01,Anadolu İri Bulgur Büyük,8690000510832,Paket,12,0,12,96
A2,Bakliyat Bölümü 2,8,2,2,A2-M08-K02-S02,Bereket İri Bulgur Büyük,8690000510849,Paket,12,12,24,96
A2,Bakliyat Bölümü 2,8,2,3,A2-M08-K02-S03,Marmara İri Bulgur Büyük,8690000510856,Paket,12,24,36,96
A2,Bakliyat Bölümü 2,8,2,4,A2-M08-K02-S04,Usta İri Bulgur Büyük,8690000510863,Paket,12,36,48,96
A2,Bakliyat Bölümü 2,8,2,5,A2-M08-K02-S05,Lezzet İri Bulgur Büyük,8690000510870,Paket,12,48,60,96
A2,Bakliyat Bölümü 2,8,2,6,A2-M08-K02-S06,Günlük İri Bulgur Büyük,8690000510887,Paket,12,60,72,96
A2,Bakliyat Bölümü 2,8,2,7,A2-M08-K02-S07,Evimiz İri Bulgur Büyük,8690000510894,Paket,12,72,84,96
A2,Bakliyat Bölümü 2,8,2,8,A2-M08-K02-S08,Doğa İri Bulgur Büyük,8690000510900,Paket,12,84,96,96
A2,Bakliyat Bölümü 2,8,3,1,A2-M08-K03-S01,Bereket İri Bulgur Standart,8690000510917,Paket,10,0,10,100
A2,Bakliyat Bölümü 2,8,3,2,A2-M08-K03-S02,Marmara İri Bulgur Standart,8690000510924,Paket,10,10,20,100
A2,Bakliyat Bölümü 2,8,3,3,A2-M08-K03-S03,Usta İri Bulgur Standart,8690000510931,Paket,10,20,30,100
A2,Bakliyat Bölümü 2,8,3,4,A2-M08-K03-S04,Lezzet İri Bulgur Standart,8690000510948,Paket,10,30,40,100
A2,Bakliyat Bölümü 2,8,3,5,A2-M08-K03-S05,Günlük İri Bulgur Standart,8690000510955,Paket,10,40,50,100
A2,Bakliyat Bölümü 2,8,3,6,A2-M08-K03-S06,Evimiz İri Bulgur Standart,8690000510962,Paket,10,50,60,100
A2,Bakliyat Bölümü 2,8,3,7,A2-M08-K03-S07,Doğa İri Bulgur Standart,8690000510979,Paket,10,60,70,100
A2,Bakliyat Bölümü 2,8,3,8,A2-M08-K03-S08,Premium İri Bulgur Standart,8690000510986,Paket,10,70,80,100
A2,Bakliyat Bölümü 2,8,3,9,A2-M08-K03-S09,Emigro İri Bulgur Standart,8690000510993,Paket,10,80,90,100
A2,Bakliyat Bölümü 2,8,3,10,A2-M08-K03-S10,Anadolu İri Bulgur Standart,8690000511006,Paket,10,90,100,100
A2,Bakliyat Bölümü 2,8,4,1,A2-M08-K04-S01,Marmara İri Bulgur Orta,8690000511013,Paket,9,0,9,99
A2,Bakliyat Bölümü 2,8,4,2,A2-M08-K04-S02,Usta İri Bulgur Orta,8690000511020,Paket,9,9,18,99
A2,Bakliyat Bölümü 2,8,4,3,A2-M08-K04-S03,Lezzet İri Bulgur Orta,8690000511037,Paket,9,18,27,99
A2,Bakliyat Bölümü 2,8,4,4,A2-M08-K04-S04,Günlük İri Bulgur Orta,8690000511044,Paket,9,27,36,99
A2,Bakliyat Bölümü 2,8,4,5,A2-M08-K04-S05,Evimiz İri Bulgur Orta,8690000511051,Paket,9,36,45,99
A2,Bakliyat Bölümü 2,8,4,6,A2-M08-K04-S06,Doğa İri Bulgur Orta,8690000511068,Paket,9,45,54,99
A2,Bakliyat Bölümü 2,8,4,7,A2-M08-K04-S07,Premium İri Bulgur Orta,8690000511075,Paket,9,54,63,99
A2,Bakliyat Bölümü 2,8,4,8,A2-M08-K04-S08,Emigro İri Bulgur Orta,8690000511082,Paket,9,63,72,99
A2,Bakliyat Bölümü 2,8,4,9,A2-M08-K04-S09,Anadolu İri Bulgur Orta,8690000511099,Paket,9,72,81,99
A2,Bakliyat Bölümü 2,8,4,10,A2-M08-K04-S10,Bereket İri Bulgur Orta,8690000511105,Paket,9,81,90,99
A2,Bakliyat Bölümü 2,8,4,11,A2-M08-K04-S11,Marmara İri Bulgur Orta,8690000511112,Paket,9,90,99,99
A2,Bakliyat Bölümü 2,8,5,1,A2-M08-K05-S01,Usta İri Bulgur Küçük,8690000511129,Paket,8,0,8,96
A2,Bakliyat Bölümü 2,8,5,2,A2-M08-K05-S02,Lezzet İri Bulgur Küçük,8690000511136,Paket,8,8,16,96
A2,Bakliyat Bölümü 2,8,5,3,A2-M08-K05-S03,Günlük İri Bulgur Küçük,8690000511143,Paket,8,16,24,96
A2,Bakliyat Bölümü 2,8,5,4,A2-M08-K05-S04,Evimiz İri Bulgur Küçük,8690000511150,Paket,8,24,32,96
A2,Bakliyat Bölümü 2,8,5,5,A2-M08-K05-S05,Doğa İri Bulgur Küçük,8690000511167,Paket,8,32,40,96
A2,Bakliyat Bölümü 2,8,5,6,A2-M08-K05-S06,Premium İri Bulgur Küçük,8690000511174,Paket,8,40,48,96
A2,Bakliyat Bölümü 2,8,5,7,A2-M08-K05-S07,Emigro İri Bulgur Küçük,8690000511181,Paket,8,48,56,96
A2,Bakliyat Bölümü 2,8,5,8,A2-M08-K05-S08,Anadolu İri Bulgur Küçük,8690000511198,Paket,8,56,64,96
A2,Bakliyat Bölümü 2,8,5,9,A2-M08-K05-S09,Bereket İri Bulgur Küçük,8690000511204,Paket,8,64,72,96
A2,Bakliyat Bölümü 2,8,5,10,A2-M08-K05-S10,Marmara İri Bulgur Küçük,8690000511211,Paket,8,72,80,96
A2,Bakliyat Bölümü 2,8,5,11,A2-M08-K05-S11,Usta İri Bulgur Küçük,8690000511228,Paket,8,80,88,96
A2,Bakliyat Bölümü 2,8,5,12,A2-M08-K05-S12,Lezzet İri Bulgur Küçük,8690000511235,Paket,8,88,96,96
A2,Bakliyat Bölümü 2,8,6,1,A2-M08-K06-S01,Lezzet İri Bulgur Mini,8690000511242,Paket,7,0,7,98
A2,Bakliyat Bölümü 2,8,6,2,A2-M08-K06-S02,Günlük İri Bulgur Mini,8690000511259,Paket,7,7,14,98
A2,Bakliyat Bölümü 2,8,6,3,A2-M08-K06-S03,Evimiz İri Bulgur Mini,8690000511266,Paket,7,14,21,98
A2,Bakliyat Bölümü 2,8,6,4,A2-M08-K06-S04,Doğa İri Bulgur Mini,8690000511273,Paket,7,21,28,98
A2,Bakliyat Bölümü 2,8,6,5,A2-M08-K06-S05,Premium İri Bulgur Mini,8690000511280,Paket,7,28,35,98
A2,Bakliyat Bölümü 2,8,6,6,A2-M08-K06-S06,Emigro İri Bulgur Mini,8690000511297,Paket,7,35,42,98
A2,Bakliyat Bölümü 2,8,6,7,A2-M08-K06-S07,Anadolu İri Bulgur Mini,8690000511303,Paket,7,42,49,98
A2,Bakliyat Bölümü 2,8,6,8,A2-M08-K06-S08,Bereket İri Bulgur Mini,8690000511310,Paket,7,49,56,98
A2,Bakliyat Bölümü 2,8,6,9,A2-M08-K06-S09,Marmara İri Bulgur Mini,8690000511327,Paket,7,56,63,98
A2,Bakliyat Bölümü 2,8,6,10,A2-M08-K06-S10,Usta İri Bulgur Mini,8690000511334,Paket,7,63,70,98
A2,Bakliyat Bölümü 2,8,6,11,A2-M08-K06-S11,Lezzet İri Bulgur Mini,8690000511341,Paket,7,70,77,98
A2,Bakliyat Bölümü 2,8,6,12,A2-M08-K06-S12,Günlük İri Bulgur Mini,8690000511358,Paket,7,77,84,98
A2,Bakliyat Bölümü 2,8,6,13,A2-M08-K06-S13,Evimiz İri Bulgur Mini,8690000511365,Paket,7,84,91,98
A2,Bakliyat Bölümü 2,8,6,14,A2-M08-K06-S14,Doğa İri Bulgur Mini,8690000511372,Paket,7,91,98,98
A2,Bakliyat Bölümü 2,9,1,1,A2-M09-K01-S01,Anadolu Kuskus XL,8690000511389,Paket,10,0,10,100
A2,Bakliyat Bölümü 2,9,1,2,A2-M09-K01-S02,Bereket Kuskus XL,8690000511396,Paket,10,10,20,100
A2,Bakliyat Bölümü 2,9,1,3,A2-M09-K01-S03,Marmara Kuskus XL,8690000511402,Paket,10,20,30,100
A2,Bakliyat Bölümü 2,9,1,4,A2-M09-K01-S04,Usta Kuskus XL,8690000511419,Paket,10,30,40,100
A2,Bakliyat Bölümü 2,9,1,5,A2-M09-K01-S05,Lezzet Kuskus XL,8690000511426,Paket,10,40,50,100
A2,Bakliyat Bölümü 2,9,1,6,A2-M09-K01-S06,Günlük Kuskus XL,8690000511433,Paket,10,50,60,100
A2,Bakliyat Bölümü 2,9,1,7,A2-M09-K01-S07,Evimiz Kuskus XL,8690000511440,Paket,10,60,70,100
A2,Bakliyat Bölümü 2,9,1,8,A2-M09-K01-S08,Doğa Kuskus XL,8690000511457,Paket,10,70,80,100
A2,Bakliyat Bölümü 2,9,1,9,A2-M09-K01-S09,Premium Kuskus XL,8690000511464,Paket,10,80,90,100
A2,Bakliyat Bölümü 2,9,1,10,A2-M09-K01-S10,Emigro Kuskus XL,8690000511471,Paket,10,90,100,100
A2,Bakliyat Bölümü 2,9,2,1,A2-M09-K02-S01,Bereket Kuskus Büyük,8690000511488,Paket,9,0,9,99
A2,Bakliyat Bölümü 2,9,2,2,A2-M09-K02-S02,Marmara Kuskus Büyük,8690000511495,Paket,9,9,18,99
A2,Bakliyat Bölümü 2,9,2,3,A2-M09-K02-S03,Usta Kuskus Büyük,8690000511501,Paket,9,18,27,99
A2,Bakliyat Bölümü 2,9,2,4,A2-M09-K02-S04,Lezzet Kuskus Büyük,8690000511518,Paket,9,27,36,99
A2,Bakliyat Bölümü 2,9,2,5,A2-M09-K02-S05,Günlük Kuskus Büyük,8690000511525,Paket,9,36,45,99
A2,Bakliyat Bölümü 2,9,2,6,A2-M09-K02-S06,Evimiz Kuskus Büyük,8690000511532,Paket,9,45,54,99
A2,Bakliyat Bölümü 2,9,2,7,A2-M09-K02-S07,Doğa Kuskus Büyük,8690000511549,Paket,9,54,63,99
A2,Bakliyat Bölümü 2,9,2,8,A2-M09-K02-S08,Premium Kuskus Büyük,8690000511556,Paket,9,63,72,99
A2,Bakliyat Bölümü 2,9,2,9,A2-M09-K02-S09,Emigro Kuskus Büyük,8690000511563,Paket,9,72,81,99
A2,Bakliyat Bölümü 2,9,2,10,A2-M09-K02-S10,Anadolu Kuskus Büyük,8690000511570,Paket,9,81,90,99
A2,Bakliyat Bölümü 2,9,2,11,A2-M09-K02-S11,Bereket Kuskus Büyük,8690000511587,Paket,9,90,99,99
A2,Bakliyat Bölümü 2,9,3,1,A2-M09-K03-S01,Marmara Kuskus Standart,8690000511594,Paket,8,0,8,96
A2,Bakliyat Bölümü 2,9,3,2,A2-M09-K03-S02,Usta Kuskus Standart,8690000511600,Paket,8,8,16,96
A2,Bakliyat Bölümü 2,9,3,3,A2-M09-K03-S03,Lezzet Kuskus Standart,8690000511617,Paket,8,16,24,96
A2,Bakliyat Bölümü 2,9,3,4,A2-M09-K03-S04,Günlük Kuskus Standart,8690000511624,Paket,8,24,32,96
A2,Bakliyat Bölümü 2,9,3,5,A2-M09-K03-S05,Evimiz Kuskus Standart,8690000511631,Paket,8,32,40,96
A2,Bakliyat Bölümü 2,9,3,6,A2-M09-K03-S06,Doğa Kuskus Standart,8690000511648,Paket,8,40,48,96
A2,Bakliyat Bölümü 2,9,3,7,A2-M09-K03-S07,Premium Kuskus Standart,8690000511655,Paket,8,48,56,96
A2,Bakliyat Bölümü 2,9,3,8,A2-M09-K03-S08,Emigro Kuskus Standart,8690000511662,Paket,8,56,64,96
A2,Bakliyat Bölümü 2,9,3,9,A2-M09-K03-S09,Anadolu Kuskus Standart,8690000511679,Paket,8,64,72,96
A2,Bakliyat Bölümü 2,9,3,10,A2-M09-K03-S10,Bereket Kuskus Standart,8690000511686,Paket,8,72,80,96
A2,Bakliyat Bölümü 2,9,3,11,A2-M09-K03-S11,Marmara Kuskus Standart,8690000511693,Paket,8,80,88,96
A2,Bakliyat Bölümü 2,9,3,12,A2-M09-K03-S12,Usta Kuskus Standart,8690000511709,Paket,8,88,96,96
A2,Bakliyat Bölümü 2,9,4,1,A2-M09-K04-S01,Usta Kuskus Orta,8690000511716,Paket,7,0,7,98
A2,Bakliyat Bölümü 2,9,4,2,A2-M09-K04-S02,Lezzet Kuskus Orta,8690000511723,Paket,7,7,14,98
A2,Bakliyat Bölümü 2,9,4,3,A2-M09-K04-S03,Günlük Kuskus Orta,8690000511730,Paket,7,14,21,98
A2,Bakliyat Bölümü 2,9,4,4,A2-M09-K04-S04,Evimiz Kuskus Orta,8690000511747,Paket,7,21,28,98
A2,Bakliyat Bölümü 2,9,4,5,A2-M09-K04-S05,Doğa Kuskus Orta,8690000511754,Paket,7,28,35,98
A2,Bakliyat Bölümü 2,9,4,6,A2-M09-K04-S06,Premium Kuskus Orta,8690000511761,Paket,7,35,42,98
A2,Bakliyat Bölümü 2,9,4,7,A2-M09-K04-S07,Emigro Kuskus Orta,8690000511778,Paket,7,42,49,98
A2,Bakliyat Bölümü 2,9,4,8,A2-M09-K04-S08,Anadolu Kuskus Orta,8690000511785,Paket,7,49,56,98
A2,Bakliyat Bölümü 2,9,4,9,A2-M09-K04-S09,Bereket Kuskus Orta,8690000511792,Paket,7,56,63,98
A2,Bakliyat Bölümü 2,9,4,10,A2-M09-K04-S10,Marmara Kuskus Orta,8690000511808,Paket,7,63,70,98
A2,Bakliyat Bölümü 2,9,4,11,A2-M09-K04-S11,Usta Kuskus Orta,8690000511815,Paket,7,70,77,98
A2,Bakliyat Bölümü 2,9,4,12,A2-M09-K04-S12,Lezzet Kuskus Orta,8690000511822,Paket,7,77,84,98
A2,Bakliyat Bölümü 2,9,4,13,A2-M09-K04-S13,Günlük Kuskus Orta,8690000511839,Paket,7,84,91,98
A2,Bakliyat Bölümü 2,9,4,14,A2-M09-K04-S14,Evimiz Kuskus Orta,8690000511846,Paket,7,91,98,98
A2,Bakliyat Bölümü 2,9,5,1,A2-M09-K05-S01,Lezzet Kuskus Küçük,8690000511853,Paket,6,0,6,96
A2,Bakliyat Bölümü 2,9,5,2,A2-M09-K05-S02,Günlük Kuskus Küçük,8690000511860,Paket,6,6,12,96
A2,Bakliyat Bölümü 2,9,5,3,A2-M09-K05-S03,Evimiz Kuskus Küçük,8690000511877,Paket,6,12,18,96
A2,Bakliyat Bölümü 2,9,5,4,A2-M09-K05-S04,Doğa Kuskus Küçük,8690000511884,Paket,6,18,24,96
A2,Bakliyat Bölümü 2,9,5,5,A2-M09-K05-S05,Premium Kuskus Küçük,8690000511891,Paket,6,24,30,96
A2,Bakliyat Bölümü 2,9,5,6,A2-M09-K05-S06,Emigro Kuskus Küçük,8690000511907,Paket,6,30,36,96
A2,Bakliyat Bölümü 2,9,5,7,A2-M09-K05-S07,Anadolu Kuskus Küçük,8690000511914,Paket,6,36,42,96
A2,Bakliyat Bölümü 2,9,5,8,A2-M09-K05-S08,Bereket Kuskus Küçük,8690000511921,Paket,6,42,48,96
A2,Bakliyat Bölümü 2,9,5,9,A2-M09-K05-S09,Marmara Kuskus Küçük,8690000511938,Paket,6,48,54,96
A2,Bakliyat Bölümü 2,9,5,10,A2-M09-K05-S10,Usta Kuskus Küçük,8690000511945,Paket,6,54,60,96
A2,Bakliyat Bölümü 2,9,5,11,A2-M09-K05-S11,Lezzet Kuskus Küçük,8690000511952,Paket,6,60,66,96
A2,Bakliyat Bölümü 2,9,5,12,A2-M09-K05-S12,Günlük Kuskus Küçük,8690000511969,Paket,6,66,72,96
A2,Bakliyat Bölümü 2,9,5,13,A2-M09-K05-S13,Evimiz Kuskus Küçük,8690000511976,Paket,6,72,78,96
A2,Bakliyat Bölümü 2,9,5,14,A2-M09-K05-S14,Doğa Kuskus Küçük,8690000511983,Paket,6,78,84,96
A2,Bakliyat Bölümü 2,9,5,15,A2-M09-K05-S15,Premium Kuskus Küçük,8690000511990,Paket,6,84,90,96
A2,Bakliyat Bölümü 2,9,5,16,A2-M09-K05-S16,Emigro Kuskus Küçük,8690000512003,Paket,6,90,96,96
A2,Bakliyat Bölümü 2,9,6,1,A2-M09-K06-S01,Günlük Kuskus Mini,8690000512010,Paket,6,0,6,96
A2,Bakliyat Bölümü 2,9,6,2,A2-M09-K06-S02,Evimiz Kuskus Mini,8690000512027,Paket,6,6,12,96
A2,Bakliyat Bölümü 2,9,6,3,A2-M09-K06-S03,Doğa Kuskus Mini,8690000512034,Paket,6,12,18,96
A2,Bakliyat Bölümü 2,9,6,4,A2-M09-K06-S04,Premium Kuskus Mini,8690000512041,Paket,6,18,24,96
A2,Bakliyat Bölümü 2,9,6,5,A2-M09-K06-S05,Emigro Kuskus Mini,8690000512058,Paket,6,24,30,96
A2,Bakliyat Bölümü 2,9,6,6,A2-M09-K06-S06,Anadolu Kuskus Mini,8690000512065,Paket,6,30,36,96
A2,Bakliyat Bölümü 2,9,6,7,A2-M09-K06-S07,Bereket Kuskus Mini,8690000512072,Paket,6,36,42,96
A2,Bakliyat Bölümü 2,9,6,8,A2-M09-K06-S08,Marmara Kuskus Mini,8690000512089,Paket,6,42,48,96
A2,Bakliyat Bölümü 2,9,6,9,A2-M09-K06-S09,Usta Kuskus Mini,8690000512096,Paket,6,48,54,96
A2,Bakliyat Bölümü 2,9,6,10,A2-M09-K06-S10,Lezzet Kuskus Mini,8690000512102,Paket,6,54,60,96
A2,Bakliyat Bölümü 2,9,6,11,A2-M09-K06-S11,Günlük Kuskus Mini,8690000512119,Paket,6,60,66,96
A2,Bakliyat Bölümü 2,9,6,12,A2-M09-K06-S12,Evimiz Kuskus Mini,8690000512126,Paket,6,66,72,96
A2,Bakliyat Bölümü 2,9,6,13,A2-M09-K06-S13,Doğa Kuskus Mini,8690000512133,Paket,6,72,78,96
A2,Bakliyat Bölümü 2,9,6,14,A2-M09-K06-S14,Premium Kuskus Mini,8690000512140,Paket,6,78,84,96
A2,Bakliyat Bölümü 2,9,6,15,A2-M09-K06-S15,Emigro Kuskus Mini,8690000512157,Paket,6,84,90,96
A2,Bakliyat Bölümü 2,9,6,16,A2-M09-K06-S16,Anadolu Kuskus Mini,8690000512164,Paket,6,90,96,96
A2,Bakliyat Bölümü 2,10,1,1,A2-M10-K01-S01,Bereket İrmik XL,8690000512171,Paket,10,0,10,100
A2,Bakliyat Bölümü 2,10,1,2,A2-M10-K01-S02,Marmara İrmik XL,8690000512188,Paket,10,10,20,100
A2,Bakliyat Bölümü 2,10,1,3,A2-M10-K01-S03,Usta İrmik XL,8690000512195,Paket,10,20,30,100
A2,Bakliyat Bölümü 2,10,1,4,A2-M10-K01-S04,Lezzet İrmik XL,8690000512201,Paket,10,30,40,100
A2,Bakliyat Bölümü 2,10,1,5,A2-M10-K01-S05,Günlük İrmik XL,8690000512218,Paket,10,40,50,100
A2,Bakliyat Bölümü 2,10,1,6,A2-M10-K01-S06,Evimiz İrmik XL,8690000512225,Paket,10,50,60,100
A2,Bakliyat Bölümü 2,10,1,7,A2-M10-K01-S07,Doğa İrmik XL,8690000512232,Paket,10,60,70,100
A2,Bakliyat Bölümü 2,10,1,8,A2-M10-K01-S08,Premium İrmik XL,8690000512249,Paket,10,70,80,100
A2,Bakliyat Bölümü 2,10,1,9,A2-M10-K01-S09,Emigro İrmik XL,8690000512256,Paket,10,80,90,100
A2,Bakliyat Bölümü 2,10,1,10,A2-M10-K01-S10,Anadolu İrmik XL,8690000512263,Paket,10,90,100,100
A2,Bakliyat Bölümü 2,10,2,1,A2-M10-K02-S01,Marmara İrmik Büyük,8690000512270,Paket,9,0,9,99
A2,Bakliyat Bölümü 2,10,2,2,A2-M10-K02-S02,Usta İrmik Büyük,8690000512287,Paket,9,9,18,99
A2,Bakliyat Bölümü 2,10,2,3,A2-M10-K02-S03,Lezzet İrmik Büyük,8690000512294,Paket,9,18,27,99
A2,Bakliyat Bölümü 2,10,2,4,A2-M10-K02-S04,Günlük İrmik Büyük,8690000512300,Paket,9,27,36,99
A2,Bakliyat Bölümü 2,10,2,5,A2-M10-K02-S05,Evimiz İrmik Büyük,8690000512317,Paket,9,36,45,99
A2,Bakliyat Bölümü 2,10,2,6,A2-M10-K02-S06,Doğa İrmik Büyük,8690000512324,Paket,9,45,54,99
A2,Bakliyat Bölümü 2,10,2,7,A2-M10-K02-S07,Premium İrmik Büyük,8690000512331,Paket,9,54,63,99
A2,Bakliyat Bölümü 2,10,2,8,A2-M10-K02-S08,Emigro İrmik Büyük,8690000512348,Paket,9,63,72,99
A2,Bakliyat Bölümü 2,10,2,9,A2-M10-K02-S09,Anadolu İrmik Büyük,8690000512355,Paket,9,72,81,99
A2,Bakliyat Bölümü 2,10,2,10,A2-M10-K02-S10,Bereket İrmik Büyük,8690000512362,Paket,9,81,90,99
A2,Bakliyat Bölümü 2,10,2,11,A2-M10-K02-S11,Marmara İrmik Büyük,8690000512379,Paket,9,90,99,99
A2,Bakliyat Bölümü 2,10,3,1,A2-M10-K03-S01,Usta İrmik Standart,8690000512386,Paket,8,0,8,96
A2,Bakliyat Bölümü 2,10,3,2,A2-M10-K03-S02,Lezzet İrmik Standart,8690000512393,Paket,8,8,16,96
A2,Bakliyat Bölümü 2,10,3,3,A2-M10-K03-S03,Günlük İrmik Standart,8690000512409,Paket,8,16,24,96
A2,Bakliyat Bölümü 2,10,3,4,A2-M10-K03-S04,Evimiz İrmik Standart,8690000512416,Paket,8,24,32,96
A2,Bakliyat Bölümü 2,10,3,5,A2-M10-K03-S05,Doğa İrmik Standart,8690000512423,Paket,8,32,40,96
A2,Bakliyat Bölümü 2,10,3,6,A2-M10-K03-S06,Premium İrmik Standart,8690000512430,Paket,8,40,48,96
A2,Bakliyat Bölümü 2,10,3,7,A2-M10-K03-S07,Emigro İrmik Standart,8690000512447,Paket,8,48,56,96
A2,Bakliyat Bölümü 2,10,3,8,A2-M10-K03-S08,Anadolu İrmik Standart,8690000512454,Paket,8,56,64,96
A2,Bakliyat Bölümü 2,10,3,9,A2-M10-K03-S09,Bereket İrmik Standart,8690000512461,Paket,8,64,72,96
A2,Bakliyat Bölümü 2,10,3,10,A2-M10-K03-S10,Marmara İrmik Standart,8690000512478,Paket,8,72,80,96
A2,Bakliyat Bölümü 2,10,3,11,A2-M10-K03-S11,Usta İrmik Standart,8690000512485,Paket,8,80,88,96
A2,Bakliyat Bölümü 2,10,3,12,A2-M10-K03-S12,Lezzet İrmik Standart,8690000512492,Paket,8,88,96,96
A2,Bakliyat Bölümü 2,10,4,1,A2-M10-K04-S01,Lezzet İrmik Orta,8690000512508,Paket,7,0,7,98
A2,Bakliyat Bölümü 2,10,4,2,A2-M10-K04-S02,Günlük İrmik Orta,8690000512515,Paket,7,7,14,98
A2,Bakliyat Bölümü 2,10,4,3,A2-M10-K04-S03,Evimiz İrmik Orta,8690000512522,Paket,7,14,21,98
A2,Bakliyat Bölümü 2,10,4,4,A2-M10-K04-S04,Doğa İrmik Orta,8690000512539,Paket,7,21,28,98
A2,Bakliyat Bölümü 2,10,4,5,A2-M10-K04-S05,Premium İrmik Orta,8690000512546,Paket,7,28,35,98
A2,Bakliyat Bölümü 2,10,4,6,A2-M10-K04-S06,Emigro İrmik Orta,8690000512553,Paket,7,35,42,98
A2,Bakliyat Bölümü 2,10,4,7,A2-M10-K04-S07,Anadolu İrmik Orta,8690000512560,Paket,7,42,49,98
A2,Bakliyat Bölümü 2,10,4,8,A2-M10-K04-S08,Bereket İrmik Orta,8690000512577,Paket,7,49,56,98
A2,Bakliyat Bölümü 2,10,4,9,A2-M10-K04-S09,Marmara İrmik Orta,8690000512584,Paket,7,56,63,98
A2,Bakliyat Bölümü 2,10,4,10,A2-M10-K04-S10,Usta İrmik Orta,8690000512591,Paket,7,63,70,98
A2,Bakliyat Bölümü 2,10,4,11,A2-M10-K04-S11,Lezzet İrmik Orta,8690000512607,Paket,7,70,77,98
A2,Bakliyat Bölümü 2,10,4,12,A2-M10-K04-S12,Günlük İrmik Orta,8690000512614,Paket,7,77,84,98
A2,Bakliyat Bölümü 2,10,4,13,A2-M10-K04-S13,Evimiz İrmik Orta,8690000512621,Paket,7,84,91,98
A2,Bakliyat Bölümü 2,10,4,14,A2-M10-K04-S14,Doğa İrmik Orta,8690000512638,Paket,7,91,98,98
A2,Bakliyat Bölümü 2,10,5,1,A2-M10-K05-S01,Günlük İrmik Küçük,8690000512645,Paket,6,0,6,96
A2,Bakliyat Bölümü 2,10,5,2,A2-M10-K05-S02,Evimiz İrmik Küçük,8690000512652,Paket,6,6,12,96
A2,Bakliyat Bölümü 2,10,5,3,A2-M10-K05-S03,Doğa İrmik Küçük,8690000512669,Paket,6,12,18,96
A2,Bakliyat Bölümü 2,10,5,4,A2-M10-K05-S04,Premium İrmik Küçük,8690000512676,Paket,6,18,24,96
A2,Bakliyat Bölümü 2,10,5,5,A2-M10-K05-S05,Emigro İrmik Küçük,8690000512683,Paket,6,24,30,96
A2,Bakliyat Bölümü 2,10,5,6,A2-M10-K05-S06,Anadolu İrmik Küçük,8690000512690,Paket,6,30,36,96
A2,Bakliyat Bölümü 2,10,5,7,A2-M10-K05-S07,Bereket İrmik Küçük,8690000512706,Paket,6,36,42,96
A2,Bakliyat Bölümü 2,10,5,8,A2-M10-K05-S08,Marmara İrmik Küçük,8690000512713,Paket,6,42,48,96
A2,Bakliyat Bölümü 2,10,5,9,A2-M10-K05-S09,Usta İrmik Küçük,8690000512720,Paket,6,48,54,96
A2,Bakliyat Bölümü 2,10,5,10,A2-M10-K05-S10,Lezzet İrmik Küçük,8690000512737,Paket,6,54,60,96
A2,Bakliyat Bölümü 2,10,5,11,A2-M10-K05-S11,Günlük İrmik Küçük,8690000512744,Paket,6,60,66,96
A2,Bakliyat Bölümü 2,10,5,12,A2-M10-K05-S12,Evimiz İrmik Küçük,8690000512751,Paket,6,66,72,96
A2,Bakliyat Bölümü 2,10,5,13,A2-M10-K05-S13,Doğa İrmik Küçük,8690000512768,Paket,6,72,78,96
A2,Bakliyat Bölümü 2,10,5,14,A2-M10-K05-S14,Premium İrmik Küçük,8690000512775,Paket,6,78,84,96
A2,Bakliyat Bölümü 2,10,5,15,A2-M10-K05-S15,Emigro İrmik Küçük,8690000512782,Paket,6,84,90,96
A2,Bakliyat Bölümü 2,10,5,16,A2-M10-K05-S16,Anadolu İrmik Küçük,8690000512799,Paket,6,90,96,96
A2,Bakliyat Bölümü 2,10,6,1,A2-M10-K06-S01,Evimiz İrmik Mini,8690000512805,Paket,6,0,6,96
A2,Bakliyat Bölümü 2,10,6,2,A2-M10-K06-S02,Doğa İrmik Mini,8690000512812,Paket,6,6,12,96
A2,Bakliyat Bölümü 2,10,6,3,A2-M10-K06-S03,Premium İrmik Mini,8690000512829,Paket,6,12,18,96
A2,Bakliyat Bölümü 2,10,6,4,A2-M10-K06-S04,Emigro İrmik Mini,8690000512836,Paket,6,18,24,96
A2,Bakliyat Bölümü 2,10,6,5,A2-M10-K06-S05,Anadolu İrmik Mini,8690000512843,Paket,6,24,30,96
A2,Bakliyat Bölümü 2,10,6,6,A2-M10-K06-S06,Bereket İrmik Mini,8690000512850,Paket,6,30,36,96
A2,Bakliyat Bölümü 2,10,6,7,A2-M10-K06-S07,Marmara İrmik Mini,8690000512867,Paket,6,36,42,96
A2,Bakliyat Bölümü 2,10,6,8,A2-M10-K06-S08,Usta İrmik Mini,8690000512874,Paket,6,42,48,96
A2,Bakliyat Bölümü 2,10,6,9,A2-M10-K06-S09,Lezzet İrmik Mini,8690000512881,Paket,6,48,54,96
A2,Bakliyat Bölümü 2,10,6,10,A2-M10-K06-S10,Günlük İrmik Mini,8690000512898,Paket,6,54,60,96
A2,Bakliyat Bölümü 2,10,6,11,A2-M10-K06-S11,Evimiz İrmik Mini,8690000512904,Paket,6,60,66,96
A2,Bakliyat Bölümü 2,10,6,12,A2-M10-K06-S12,Doğa İrmik Mini,8690000512911,Paket,6,66,72,96
A2,Bakliyat Bölümü 2,10,6,13,A2-M10-K06-S13,Premium İrmik Mini,8690000512928,Paket,6,72,78,96
A2,Bakliyat Bölümü 2,10,6,14,A2-M10-K06-S14,Emigro İrmik Mini,8690000512935,Paket,6,78,84,96
A2,Bakliyat Bölümü 2,10,6,15,A2-M10-K06-S15,Anadolu İrmik Mini,8690000512942,Paket,6,84,90,96
A2,Bakliyat Bölümü 2,10,6,16,A2-M10-K06-S16,Bereket İrmik Mini,8690000512959,Paket,6,90,96,96
B1,Konserve,1,1,1,B1-M01-K01-S01,Marmara Haşlanmış Nohut XL,8690000512966,Kutu,10,0,10,100
B1,Konserve,1,1,2,B1-M01-K01-S02,Usta Haşlanmış Nohut XL,8690000512973,Kutu,10,10,20,100
B1,Konserve,1,1,3,B1-M01-K01-S03,Lezzet Haşlanmış Nohut XL,8690000512980,Kutu,10,20,30,100
B1,Konserve,1,1,4,B1-M01-K01-S04,Günlük Haşlanmış Nohut XL,8690000512997,Kutu,10,30,40,100
B1,Konserve,1,1,5,B1-M01-K01-S05,Evimiz Haşlanmış Nohut XL,8690000513000,Kutu,10,40,50,100
B1,Konserve,1,1,6,B1-M01-K01-S06,Doğa Haşlanmış Nohut XL,8690000513017,Kutu,10,50,60,100
B1,Konserve,1,1,7,B1-M01-K01-S07,Premium Haşlanmış Nohut XL,8690000513024,Kutu,10,60,70,100
B1,Konserve,1,1,8,B1-M01-K01-S08,Emigro Haşlanmış Nohut XL,8690000513031,Kutu,10,70,80,100
B1,Konserve,1,1,9,B1-M01-K01-S09,Anadolu Haşlanmış Nohut XL,8690000513048,Kutu,10,80,90,100
B1,Konserve,1,1,10,B1-M01-K01-S10,Bereket Haşlanmış Nohut XL,8690000513055,Kutu,10,90,100,100
B1,Konserve,1,2,1,B1-M01-K02-S01,Usta Haşlanmış Nohut Büyük,8690000513062,Kutu,9,0,9,99
B1,Konserve,1,2,2,B1-M01-K02-S02,Lezzet Haşlanmış Nohut Büyük,8690000513079,Kutu,9,9,18,99
B1,Konserve,1,2,3,B1-M01-K02-S03,Günlük Haşlanmış Nohut Büyük,8690000513086,Kutu,9,18,27,99
B1,Konserve,1,2,4,B1-M01-K02-S04,Evimiz Haşlanmış Nohut Büyük,8690000513093,Kutu,9,27,36,99
B1,Konserve,1,2,5,B1-M01-K02-S05,Doğa Haşlanmış Nohut Büyük,8690000513109,Kutu,9,36,45,99
B1,Konserve,1,2,6,B1-M01-K02-S06,Premium Haşlanmış Nohut Büyük,8690000513116,Kutu,9,45,54,99
B1,Konserve,1,2,7,B1-M01-K02-S07,Emigro Haşlanmış Nohut Büyük,8690000513123,Kutu,9,54,63,99
B1,Konserve,1,2,8,B1-M01-K02-S08,Anadolu Haşlanmış Nohut Büyük,8690000513130,Kutu,9,63,72,99
B1,Konserve,1,2,9,B1-M01-K02-S09,Bereket Haşlanmış Nohut Büyük,8690000513147,Kutu,9,72,81,99
B1,Konserve,1,2,10,B1-M01-K02-S10,Marmara Haşlanmış Nohut Büyük,8690000513154,Kutu,9,81,90,99
B1,Konserve,1,2,11,B1-M01-K02-S11,Usta Haşlanmış Nohut Büyük,8690000513161,Kutu,9,90,99,99
B1,Konserve,1,3,1,B1-M01-K03-S01,Lezzet Haşlanmış Nohut Standart,8690000513178,Kutu,8,0,8,96
B1,Konserve,1,3,2,B1-M01-K03-S02,Günlük Haşlanmış Nohut Standart,8690000513185,Kutu,8,8,16,96
B1,Konserve,1,3,3,B1-M01-K03-S03,Evimiz Haşlanmış Nohut Standart,8690000513192,Kutu,8,16,24,96
B1,Konserve,1,3,4,B1-M01-K03-S04,Doğa Haşlanmış Nohut Standart,8690000513208,Kutu,8,24,32,96
B1,Konserve,1,3,5,B1-M01-K03-S05,Premium Haşlanmış Nohut Standart,8690000513215,Kutu,8,32,40,96
B1,Konserve,1,3,6,B1-M01-K03-S06,Emigro Haşlanmış Nohut Standart,8690000513222,Kutu,8,40,48,96
B1,Konserve,1,3,7,B1-M01-K03-S07,Anadolu Haşlanmış Nohut Standart,8690000513239,Kutu,8,48,56,96
B1,Konserve,1,3,8,B1-M01-K03-S08,Bereket Haşlanmış Nohut Standart,8690000513246,Kutu,8,56,64,96
B1,Konserve,1,3,9,B1-M01-K03-S09,Marmara Haşlanmış Nohut Standart,8690000513253,Kutu,8,64,72,96
B1,Konserve,1,3,10,B1-M01-K03-S10,Usta Haşlanmış Nohut Standart,8690000513260,Kutu,8,72,80,96
B1,Konserve,1,3,11,B1-M01-K03-S11,Lezzet Haşlanmış Nohut Standart,8690000513277,Kutu,8,80,88,96
B1,Konserve,1,3,12,B1-M01-K03-S12,Günlük Haşlanmış Nohut Standart,8690000513284,Kutu,8,88,96,96
B1,Konserve,1,4,1,B1-M01-K04-S01,Günlük Haşlanmış Nohut Orta,8690000513291,Kutu,7,0,7,98
B1,Konserve,1,4,2,B1-M01-K04-S02,Evimiz Haşlanmış Nohut Orta,8690000513307,Kutu,7,7,14,98
B1,Konserve,1,4,3,B1-M01-K04-S03,Doğa Haşlanmış Nohut Orta,8690000513314,Kutu,7,14,21,98
B1,Konserve,1,4,4,B1-M01-K04-S04,Premium Haşlanmış Nohut Orta,8690000513321,Kutu,7,21,28,98
B1,Konserve,1,4,5,B1-M01-K04-S05,Emigro Haşlanmış Nohut Orta,8690000513338,Kutu,7,28,35,98
B1,Konserve,1,4,6,B1-M01-K04-S06,Anadolu Haşlanmış Nohut Orta,8690000513345,Kutu,7,35,42,98
B1,Konserve,1,4,7,B1-M01-K04-S07,Bereket Haşlanmış Nohut Orta,8690000513352,Kutu,7,42,49,98
B1,Konserve,1,4,8,B1-M01-K04-S08,Marmara Haşlanmış Nohut Orta,8690000513369,Kutu,7,49,56,98
B1,Konserve,1,4,9,B1-M01-K04-S09,Usta Haşlanmış Nohut Orta,8690000513376,Kutu,7,56,63,98
B1,Konserve,1,4,10,B1-M01-K04-S10,Lezzet Haşlanmış Nohut Orta,8690000513383,Kutu,7,63,70,98
B1,Konserve,1,4,11,B1-M01-K04-S11,Günlük Haşlanmış Nohut Orta,8690000513390,Kutu,7,70,77,98
B1,Konserve,1,4,12,B1-M01-K04-S12,Evimiz Haşlanmış Nohut Orta,8690000513406,Kutu,7,77,84,98
B1,Konserve,1,4,13,B1-M01-K04-S13,Doğa Haşlanmış Nohut Orta,8690000513413,Kutu,7,84,91,98
B1,Konserve,1,4,14,B1-M01-K04-S14,Premium Haşlanmış Nohut Orta,8690000513420,Kutu,7,91,98,98
B1,Konserve,1,5,1,B1-M01-K05-S01,Evimiz Haşlanmış Nohut Küçük,8690000513437,Kutu,6,0,6,96
B1,Konserve,1,5,2,B1-M01-K05-S02,Doğa Haşlanmış Nohut Küçük,8690000513444,Kutu,6,6,12,96
B1,Konserve,1,5,3,B1-M01-K05-S03,Premium Haşlanmış Nohut Küçük,8690000513451,Kutu,6,12,18,96
B1,Konserve,1,5,4,B1-M01-K05-S04,Emigro Haşlanmış Nohut Küçük,8690000513468,Kutu,6,18,24,96
B1,Konserve,1,5,5,B1-M01-K05-S05,Anadolu Haşlanmış Nohut Küçük,8690000513475,Kutu,6,24,30,96
B1,Konserve,1,5,6,B1-M01-K05-S06,Bereket Haşlanmış Nohut Küçük,8690000513482,Kutu,6,30,36,96
B1,Konserve,1,5,7,B1-M01-K05-S07,Marmara Haşlanmış Nohut Küçük,8690000513499,Kutu,6,36,42,96
B1,Konserve,1,5,8,B1-M01-K05-S08,Usta Haşlanmış Nohut Küçük,8690000513505,Kutu,6,42,48,96
B1,Konserve,1,5,9,B1-M01-K05-S09,Lezzet Haşlanmış Nohut Küçük,8690000513512,Kutu,6,48,54,96
B1,Konserve,1,5,10,B1-M01-K05-S10,Günlük Haşlanmış Nohut Küçük,8690000513529,Kutu,6,54,60,96
B1,Konserve,1,5,11,B1-M01-K05-S11,Evimiz Haşlanmış Nohut Küçük,8690000513536,Kutu,6,60,66,96
B1,Konserve,1,5,12,B1-M01-K05-S12,Doğa Haşlanmış Nohut Küçük,8690000513543,Kutu,6,66,72,96
B1,Konserve,1,5,13,B1-M01-K05-S13,Premium Haşlanmış Nohut Küçük,8690000513550,Kutu,6,72,78,96
B1,Konserve,1,5,14,B1-M01-K05-S14,Emigro Haşlanmış Nohut Küçük,8690000513567,Kutu,6,78,84,96
B1,Konserve,1,5,15,B1-M01-K05-S15,Anadolu Haşlanmış Nohut Küçük,8690000513574,Kutu,6,84,90,96
B1,Konserve,1,5,16,B1-M01-K05-S16,Bereket Haşlanmış Nohut Küçük,8690000513581,Kutu,6,90,96,96
B1,Konserve,1,6,1,B1-M01-K06-S01,Doğa Haşlanmış Nohut Mini,8690000513598,Kutu,6,0,6,96
B1,Konserve,1,6,2,B1-M01-K06-S02,Premium Haşlanmış Nohut Mini,8690000513604,Kutu,6,6,12,96
B1,Konserve,1,6,3,B1-M01-K06-S03,Emigro Haşlanmış Nohut Mini,8690000513611,Kutu,6,12,18,96
B1,Konserve,1,6,4,B1-M01-K06-S04,Anadolu Haşlanmış Nohut Mini,8690000513628,Kutu,6,18,24,96
B1,Konserve,1,6,5,B1-M01-K06-S05,Bereket Haşlanmış Nohut Mini,8690000513635,Kutu,6,24,30,96
B1,Konserve,1,6,6,B1-M01-K06-S06,Marmara Haşlanmış Nohut Mini,8690000513642,Kutu,6,30,36,96
B1,Konserve,1,6,7,B1-M01-K06-S07,Usta Haşlanmış Nohut Mini,8690000513659,Kutu,6,36,42,96
B1,Konserve,1,6,8,B1-M01-K06-S08,Lezzet Haşlanmış Nohut Mini,8690000513666,Kutu,6,42,48,96
B1,Konserve,1,6,9,B1-M01-K06-S09,Günlük Haşlanmış Nohut Mini,8690000513673,Kutu,6,48,54,96
B1,Konserve,1,6,10,B1-M01-K06-S10,Evimiz Haşlanmış Nohut Mini,8690000513680,Kutu,6,54,60,96
B1,Konserve,1,6,11,B1-M01-K06-S11,Doğa Haşlanmış Nohut Mini,8690000513697,Kutu,6,60,66,96
B1,Konserve,1,6,12,B1-M01-K06-S12,Premium Haşlanmış Nohut Mini,8690000513703,Kutu,6,66,72,96
B1,Konserve,1,6,13,B1-M01-K06-S13,Emigro Haşlanmış Nohut Mini,8690000513710,Kutu,6,72,78,96
B1,Konserve,1,6,14,B1-M01-K06-S14,Anadolu Haşlanmış Nohut Mini,8690000513727,Kutu,6,78,84,96
B1,Konserve,1,6,15,B1-M01-K06-S15,Bereket Haşlanmış Nohut Mini,8690000513734,Kutu,6,84,90,96
B1,Konserve,1,6,16,B1-M01-K06-S16,Marmara Haşlanmış Nohut Mini,8690000513741,Kutu,6,90,96,96
B1,Konserve,2,1,1,B1-M02-K01-S01,Usta Haşlanmış Fasulye XL,8690000513758,Kutu,10,0,10,100
B1,Konserve,2,1,2,B1-M02-K01-S02,Lezzet Haşlanmış Fasulye XL,8690000513765,Kutu,10,10,20,100
B1,Konserve,2,1,3,B1-M02-K01-S03,Günlük Haşlanmış Fasulye XL,8690000513772,Kutu,10,20,30,100
B1,Konserve,2,1,4,B1-M02-K01-S04,Evimiz Haşlanmış Fasulye XL,8690000513789,Kutu,10,30,40,100
B1,Konserve,2,1,5,B1-M02-K01-S05,Doğa Haşlanmış Fasulye XL,8690000513796,Kutu,10,40,50,100
B1,Konserve,2,1,6,B1-M02-K01-S06,Premium Haşlanmış Fasulye XL,8690000513802,Kutu,10,50,60,100
B1,Konserve,2,1,7,B1-M02-K01-S07,Emigro Haşlanmış Fasulye XL,8690000513819,Kutu,10,60,70,100
B1,Konserve,2,1,8,B1-M02-K01-S08,Anadolu Haşlanmış Fasulye XL,8690000513826,Kutu,10,70,80,100
B1,Konserve,2,1,9,B1-M02-K01-S09,Bereket Haşlanmış Fasulye XL,8690000513833,Kutu,10,80,90,100
B1,Konserve,2,1,10,B1-M02-K01-S10,Marmara Haşlanmış Fasulye XL,8690000513840,Kutu,10,90,100,100
B1,Konserve,2,2,1,B1-M02-K02-S01,Lezzet Haşlanmış Fasulye Büyük,8690000513857,Kutu,9,0,9,99
B1,Konserve,2,2,2,B1-M02-K02-S02,Günlük Haşlanmış Fasulye Büyük,8690000513864,Kutu,9,9,18,99
B1,Konserve,2,2,3,B1-M02-K02-S03,Evimiz Haşlanmış Fasulye Büyük,8690000513871,Kutu,9,18,27,99
B1,Konserve,2,2,4,B1-M02-K02-S04,Doğa Haşlanmış Fasulye Büyük,8690000513888,Kutu,9,27,36,99
B1,Konserve,2,2,5,B1-M02-K02-S05,Premium Haşlanmış Fasulye Büyük,8690000513895,Kutu,9,36,45,99
B1,Konserve,2,2,6,B1-M02-K02-S06,Emigro Haşlanmış Fasulye Büyük,8690000513901,Kutu,9,45,54,99
B1,Konserve,2,2,7,B1-M02-K02-S07,Anadolu Haşlanmış Fasulye Büyük,8690000513918,Kutu,9,54,63,99
B1,Konserve,2,2,8,B1-M02-K02-S08,Bereket Haşlanmış Fasulye Büyük,8690000513925,Kutu,9,63,72,99
B1,Konserve,2,2,9,B1-M02-K02-S09,Marmara Haşlanmış Fasulye Büyük,8690000513932,Kutu,9,72,81,99
B1,Konserve,2,2,10,B1-M02-K02-S10,Usta Haşlanmış Fasulye Büyük,8690000513949,Kutu,9,81,90,99
B1,Konserve,2,2,11,B1-M02-K02-S11,Lezzet Haşlanmış Fasulye Büyük,8690000513956,Kutu,9,90,99,99
B1,Konserve,2,3,1,B1-M02-K03-S01,Günlük Haşlanmış Fasulye Standart,8690000513963,Kutu,8,0,8,96
B1,Konserve,2,3,2,B1-M02-K03-S02,Evimiz Haşlanmış Fasulye Standart,8690000513970,Kutu,8,8,16,96
B1,Konserve,2,3,3,B1-M02-K03-S03,Doğa Haşlanmış Fasulye Standart,8690000513987,Kutu,8,16,24,96
B1,Konserve,2,3,4,B1-M02-K03-S04,Premium Haşlanmış Fasulye Standart,8690000513994,Kutu,8,24,32,96
B1,Konserve,2,3,5,B1-M02-K03-S05,Emigro Haşlanmış Fasulye Standart,8690000514007,Kutu,8,32,40,96
B1,Konserve,2,3,6,B1-M02-K03-S06,Anadolu Haşlanmış Fasulye Standart,8690000514014,Kutu,8,40,48,96
B1,Konserve,2,3,7,B1-M02-K03-S07,Bereket Haşlanmış Fasulye Standart,8690000514021,Kutu,8,48,56,96
B1,Konserve,2,3,8,B1-M02-K03-S08,Marmara Haşlanmış Fasulye Standart,8690000514038,Kutu,8,56,64,96
B1,Konserve,2,3,9,B1-M02-K03-S09,Usta Haşlanmış Fasulye Standart,8690000514045,Kutu,8,64,72,96
B1,Konserve,2,3,10,B1-M02-K03-S10,Lezzet Haşlanmış Fasulye Standart,8690000514052,Kutu,8,72,80,96
B1,Konserve,2,3,11,B1-M02-K03-S11,Günlük Haşlanmış Fasulye Standart,8690000514069,Kutu,8,80,88,96
B1,Konserve,2,3,12,B1-M02-K03-S12,Evimiz Haşlanmış Fasulye Standart,8690000514076,Kutu,8,88,96,96
B1,Konserve,2,4,1,B1-M02-K04-S01,Evimiz Haşlanmış Fasulye Orta,8690000514083,Kutu,7,0,7,98
B1,Konserve,2,4,2,B1-M02-K04-S02,Doğa Haşlanmış Fasulye Orta,8690000514090,Kutu,7,7,14,98
B1,Konserve,2,4,3,B1-M02-K04-S03,Premium Haşlanmış Fasulye Orta,8690000514106,Kutu,7,14,21,98
B1,Konserve,2,4,4,B1-M02-K04-S04,Emigro Haşlanmış Fasulye Orta,8690000514113,Kutu,7,21,28,98
B1,Konserve,2,4,5,B1-M02-K04-S05,Anadolu Haşlanmış Fasulye Orta,8690000514120,Kutu,7,28,35,98
B1,Konserve,2,4,6,B1-M02-K04-S06,Bereket Haşlanmış Fasulye Orta,8690000514137,Kutu,7,35,42,98
B1,Konserve,2,4,7,B1-M02-K04-S07,Marmara Haşlanmış Fasulye Orta,8690000514144,Kutu,7,42,49,98
B1,Konserve,2,4,8,B1-M02-K04-S08,Usta Haşlanmış Fasulye Orta,8690000514151,Kutu,7,49,56,98
B1,Konserve,2,4,9,B1-M02-K04-S09,Lezzet Haşlanmış Fasulye Orta,8690000514168,Kutu,7,56,63,98
B1,Konserve,2,4,10,B1-M02-K04-S10,Günlük Haşlanmış Fasulye Orta,8690000514175,Kutu,7,63,70,98
B1,Konserve,2,4,11,B1-M02-K04-S11,Evimiz Haşlanmış Fasulye Orta,8690000514182,Kutu,7,70,77,98
B1,Konserve,2,4,12,B1-M02-K04-S12,Doğa Haşlanmış Fasulye Orta,8690000514199,Kutu,7,77,84,98
B1,Konserve,2,4,13,B1-M02-K04-S13,Premium Haşlanmış Fasulye Orta,8690000514205,Kutu,7,84,91,98
B1,Konserve,2,4,14,B1-M02-K04-S14,Emigro Haşlanmış Fasulye Orta,8690000514212,Kutu,7,91,98,98
B1,Konserve,2,5,1,B1-M02-K05-S01,Doğa Haşlanmış Fasulye Küçük,8690000514229,Kutu,6,0,6,96
B1,Konserve,2,5,2,B1-M02-K05-S02,Premium Haşlanmış Fasulye Küçük,8690000514236,Kutu,6,6,12,96
B1,Konserve,2,5,3,B1-M02-K05-S03,Emigro Haşlanmış Fasulye Küçük,8690000514243,Kutu,6,12,18,96
B1,Konserve,2,5,4,B1-M02-K05-S04,Anadolu Haşlanmış Fasulye Küçük,8690000514250,Kutu,6,18,24,96
B1,Konserve,2,5,5,B1-M02-K05-S05,Bereket Haşlanmış Fasulye Küçük,8690000514267,Kutu,6,24,30,96
B1,Konserve,2,5,6,B1-M02-K05-S06,Marmara Haşlanmış Fasulye Küçük,8690000514274,Kutu,6,30,36,96
B1,Konserve,2,5,7,B1-M02-K05-S07,Usta Haşlanmış Fasulye Küçük,8690000514281,Kutu,6,36,42,96
B1,Konserve,2,5,8,B1-M02-K05-S08,Lezzet Haşlanmış Fasulye Küçük,8690000514298,Kutu,6,42,48,96
B1,Konserve,2,5,9,B1-M02-K05-S09,Günlük Haşlanmış Fasulye Küçük,8690000514304,Kutu,6,48,54,96
B1,Konserve,2,5,10,B1-M02-K05-S10,Evimiz Haşlanmış Fasulye Küçük,8690000514311,Kutu,6,54,60,96
B1,Konserve,2,5,11,B1-M02-K05-S11,Doğa Haşlanmış Fasulye Küçük,8690000514328,Kutu,6,60,66,96
B1,Konserve,2,5,12,B1-M02-K05-S12,Premium Haşlanmış Fasulye Küçük,8690000514335,Kutu,6,66,72,96
B1,Konserve,2,5,13,B1-M02-K05-S13,Emigro Haşlanmış Fasulye Küçük,8690000514342,Kutu,6,72,78,96
B1,Konserve,2,5,14,B1-M02-K05-S14,Anadolu Haşlanmış Fasulye Küçük,8690000514359,Kutu,6,78,84,96
B1,Konserve,2,5,15,B1-M02-K05-S15,Bereket Haşlanmış Fasulye Küçük,8690000514366,Kutu,6,84,90,96
B1,Konserve,2,5,16,B1-M02-K05-S16,Marmara Haşlanmış Fasulye Küçük,8690000514373,Kutu,6,90,96,96
B1,Konserve,2,6,1,B1-M02-K06-S01,Premium Haşlanmış Fasulye Mini,8690000514380,Kutu,6,0,6,96
B1,Konserve,2,6,2,B1-M02-K06-S02,Emigro Haşlanmış Fasulye Mini,8690000514397,Kutu,6,6,12,96
B1,Konserve,2,6,3,B1-M02-K06-S03,Anadolu Haşlanmış Fasulye Mini,8690000514403,Kutu,6,12,18,96
B1,Konserve,2,6,4,B1-M02-K06-S04,Bereket Haşlanmış Fasulye Mini,8690000514410,Kutu,6,18,24,96
B1,Konserve,2,6,5,B1-M02-K06-S05,Marmara Haşlanmış Fasulye Mini,8690000514427,Kutu,6,24,30,96
B1,Konserve,2,6,6,B1-M02-K06-S06,Usta Haşlanmış Fasulye Mini,8690000514434,Kutu,6,30,36,96
B1,Konserve,2,6,7,B1-M02-K06-S07,Lezzet Haşlanmış Fasulye Mini,8690000514441,Kutu,6,36,42,96
B1,Konserve,2,6,8,B1-M02-K06-S08,Günlük Haşlanmış Fasulye Mini,8690000514458,Kutu,6,42,48,96
B1,Konserve,2,6,9,B1-M02-K06-S09,Evimiz Haşlanmış Fasulye Mini,8690000514465,Kutu,6,48,54,96
B1,Konserve,2,6,10,B1-M02-K06-S10,Doğa Haşlanmış Fasulye Mini,8690000514472,Kutu,6,54,60,96
B1,Konserve,2,6,11,B1-M02-K06-S11,Premium Haşlanmış Fasulye Mini,8690000514489,Kutu,6,60,66,96
B1,Konserve,2,6,12,B1-M02-K06-S12,Emigro Haşlanmış Fasulye Mini,8690000514496,Kutu,6,66,72,96
B1,Konserve,2,6,13,B1-M02-K06-S13,Anadolu Haşlanmış Fasulye Mini,8690000514502,Kutu,6,72,78,96
B1,Konserve,2,6,14,B1-M02-K06-S14,Bereket Haşlanmış Fasulye Mini,8690000514519,Kutu,6,78,84,96
B1,Konserve,2,6,15,B1-M02-K06-S15,Marmara Haşlanmış Fasulye Mini,8690000514526,Kutu,6,84,90,96
B1,Konserve,2,6,16,B1-M02-K06-S16,Usta Haşlanmış Fasulye Mini,8690000514533,Kutu,6,90,96,96
B1,Konserve,3,1,1,B1-M03-K01-S01,Lezzet Mısır Konservesi XL,8690000514540,Kutu,9,0,9,99
B1,Konserve,3,1,2,B1-M03-K01-S02,Günlük Mısır Konservesi XL,8690000514557,Kutu,9,9,18,99
B1,Konserve,3,1,3,B1-M03-K01-S03,Evimiz Mısır Konservesi XL,8690000514564,Kutu,9,18,27,99
B1,Konserve,3,1,4,B1-M03-K01-S04,Doğa Mısır Konservesi XL,8690000514571,Kutu,9,27,36,99
B1,Konserve,3,1,5,B1-M03-K01-S05,Premium Mısır Konservesi XL,8690000514588,Kutu,9,36,45,99
B1,Konserve,3,1,6,B1-M03-K01-S06,Emigro Mısır Konservesi XL,8690000514595,Kutu,9,45,54,99
B1,Konserve,3,1,7,B1-M03-K01-S07,Anadolu Mısır Konservesi XL,8690000514601,Kutu,9,54,63,99
B1,Konserve,3,1,8,B1-M03-K01-S08,Bereket Mısır Konservesi XL,8690000514618,Kutu,9,63,72,99
B1,Konserve,3,1,9,B1-M03-K01-S09,Marmara Mısır Konservesi XL,8690000514625,Kutu,9,72,81,99
B1,Konserve,3,1,10,B1-M03-K01-S10,Usta Mısır Konservesi XL,8690000514632,Kutu,9,81,90,99
B1,Konserve,3,1,11,B1-M03-K01-S11,Lezzet Mısır Konservesi XL,8690000514649,Kutu,9,90,99,99
B1,Konserve,3,2,1,B1-M03-K02-S01,Günlük Mısır Konservesi Büyük,8690000514656,Kutu,8,0,8,96
B1,Konserve,3,2,2,B1-M03-K02-S02,Evimiz Mısır Konservesi Büyük,8690000514663,Kutu,8,8,16,96
B1,Konserve,3,2,3,B1-M03-K02-S03,Doğa Mısır Konservesi Büyük,8690000514670,Kutu,8,16,24,96
B1,Konserve,3,2,4,B1-M03-K02-S04,Premium Mısır Konservesi Büyük,8690000514687,Kutu,8,24,32,96
B1,Konserve,3,2,5,B1-M03-K02-S05,Emigro Mısır Konservesi Büyük,8690000514694,Kutu,8,32,40,96
B1,Konserve,3,2,6,B1-M03-K02-S06,Anadolu Mısır Konservesi Büyük,8690000514700,Kutu,8,40,48,96
B1,Konserve,3,2,7,B1-M03-K02-S07,Bereket Mısır Konservesi Büyük,8690000514717,Kutu,8,48,56,96
B1,Konserve,3,2,8,B1-M03-K02-S08,Marmara Mısır Konservesi Büyük,8690000514724,Kutu,8,56,64,96
B1,Konserve,3,2,9,B1-M03-K02-S09,Usta Mısır Konservesi Büyük,8690000514731,Kutu,8,64,72,96
B1,Konserve,3,2,10,B1-M03-K02-S10,Lezzet Mısır Konservesi Büyük,8690000514748,Kutu,8,72,80,96
B1,Konserve,3,2,11,B1-M03-K02-S11,Günlük Mısır Konservesi Büyük,8690000514755,Kutu,8,80,88,96
B1,Konserve,3,2,12,B1-M03-K02-S12,Evimiz Mısır Konservesi Büyük,8690000514762,Kutu,8,88,96,96
B1,Konserve,3,3,1,B1-M03-K03-S01,Evimiz Mısır Konservesi Standart,8690000514779,Kutu,7,0,7,98
B1,Konserve,3,3,2,B1-M03-K03-S02,Doğa Mısır Konservesi Standart,8690000514786,Kutu,7,7,14,98
B1,Konserve,3,3,3,B1-M03-K03-S03,Premium Mısır Konservesi Standart,8690000514793,Kutu,7,14,21,98
B1,Konserve,3,3,4,B1-M03-K03-S04,Emigro Mısır Konservesi Standart,8690000514809,Kutu,7,21,28,98
B1,Konserve,3,3,5,B1-M03-K03-S05,Anadolu Mısır Konservesi Standart,8690000514816,Kutu,7,28,35,98
B1,Konserve,3,3,6,B1-M03-K03-S06,Bereket Mısır Konservesi Standart,8690000514823,Kutu,7,35,42,98
B1,Konserve,3,3,7,B1-M03-K03-S07,Marmara Mısır Konservesi Standart,8690000514830,Kutu,7,42,49,98
B1,Konserve,3,3,8,B1-M03-K03-S08,Usta Mısır Konservesi Standart,8690000514847,Kutu,7,49,56,98
B1,Konserve,3,3,9,B1-M03-K03-S09,Lezzet Mısır Konservesi Standart,8690000514854,Kutu,7,56,63,98
B1,Konserve,3,3,10,B1-M03-K03-S10,Günlük Mısır Konservesi Standart,8690000514861,Kutu,7,63,70,98
B1,Konserve,3,3,11,B1-M03-K03-S11,Evimiz Mısır Konservesi Standart,8690000514878,Kutu,7,70,77,98
B1,Konserve,3,3,12,B1-M03-K03-S12,Doğa Mısır Konservesi Standart,8690000514885,Kutu,7,77,84,98
B1,Konserve,3,3,13,B1-M03-K03-S13,Premium Mısır Konservesi Standart,8690000514892,Kutu,7,84,91,98
B1,Konserve,3,3,14,B1-M03-K03-S14,Emigro Mısır Konservesi Standart,8690000514908,Kutu,7,91,98,98
B1,Konserve,3,4,1,B1-M03-K04-S01,Doğa Mısır Konservesi Orta,8690000514915,Kutu,6,0,6,96
B1,Konserve,3,4,2,B1-M03-K04-S02,Premium Mısır Konservesi Orta,8690000514922,Kutu,6,6,12,96
B1,Konserve,3,4,3,B1-M03-K04-S03,Emigro Mısır Konservesi Orta,8690000514939,Kutu,6,12,18,96
B1,Konserve,3,4,4,B1-M03-K04-S04,Anadolu Mısır Konservesi Orta,8690000514946,Kutu,6,18,24,96
B1,Konserve,3,4,5,B1-M03-K04-S05,Bereket Mısır Konservesi Orta,8690000514953,Kutu,6,24,30,96
B1,Konserve,3,4,6,B1-M03-K04-S06,Marmara Mısır Konservesi Orta,8690000514960,Kutu,6,30,36,96
B1,Konserve,3,4,7,B1-M03-K04-S07,Usta Mısır Konservesi Orta,8690000514977,Kutu,6,36,42,96
B1,Konserve,3,4,8,B1-M03-K04-S08,Lezzet Mısır Konservesi Orta,8690000514984,Kutu,6,42,48,96
B1,Konserve,3,4,9,B1-M03-K04-S09,Günlük Mısır Konservesi Orta,8690000514991,Kutu,6,48,54,96
B1,Konserve,3,4,10,B1-M03-K04-S10,Evimiz Mısır Konservesi Orta,8690000515004,Kutu,6,54,60,96
B1,Konserve,3,4,11,B1-M03-K04-S11,Doğa Mısır Konservesi Orta,8690000515011,Kutu,6,60,66,96
B1,Konserve,3,4,12,B1-M03-K04-S12,Premium Mısır Konservesi Orta,8690000515028,Kutu,6,66,72,96
B1,Konserve,3,4,13,B1-M03-K04-S13,Emigro Mısır Konservesi Orta,8690000515035,Kutu,6,72,78,96
B1,Konserve,3,4,14,B1-M03-K04-S14,Anadolu Mısır Konservesi Orta,8690000515042,Kutu,6,78,84,96
B1,Konserve,3,4,15,B1-M03-K04-S15,Bereket Mısır Konservesi Orta,8690000515059,Kutu,6,84,90,96
B1,Konserve,3,4,16,B1-M03-K04-S16,Marmara Mısır Konservesi Orta,8690000515066,Kutu,6,90,96,96
B1,Konserve,3,5,1,B1-M03-K05-S01,Premium Mısır Konservesi Küçük,8690000515073,Kutu,6,0,6,96
B1,Konserve,3,5,2,B1-M03-K05-S02,Emigro Mısır Konservesi Küçük,8690000515080,Kutu,6,6,12,96
B1,Konserve,3,5,3,B1-M03-K05-S03,Anadolu Mısır Konservesi Küçük,8690000515097,Kutu,6,12,18,96
B1,Konserve,3,5,4,B1-M03-K05-S04,Bereket Mısır Konservesi Küçük,8690000515103,Kutu,6,18,24,96
B1,Konserve,3,5,5,B1-M03-K05-S05,Marmara Mısır Konservesi Küçük,8690000515110,Kutu,6,24,30,96
B1,Konserve,3,5,6,B1-M03-K05-S06,Usta Mısır Konservesi Küçük,8690000515127,Kutu,6,30,36,96
B1,Konserve,3,5,7,B1-M03-K05-S07,Lezzet Mısır Konservesi Küçük,8690000515134,Kutu,6,36,42,96
B1,Konserve,3,5,8,B1-M03-K05-S08,Günlük Mısır Konservesi Küçük,8690000515141,Kutu,6,42,48,96
B1,Konserve,3,5,9,B1-M03-K05-S09,Evimiz Mısır Konservesi Küçük,8690000515158,Kutu,6,48,54,96
B1,Konserve,3,5,10,B1-M03-K05-S10,Doğa Mısır Konservesi Küçük,8690000515165,Kutu,6,54,60,96
B1,Konserve,3,5,11,B1-M03-K05-S11,Premium Mısır Konservesi Küçük,8690000515172,Kutu,6,60,66,96
B1,Konserve,3,5,12,B1-M03-K05-S12,Emigro Mısır Konservesi Küçük,8690000515189,Kutu,6,66,72,96
B1,Konserve,3,5,13,B1-M03-K05-S13,Anadolu Mısır Konservesi Küçük,8690000515196,Kutu,6,72,78,96
B1,Konserve,3,5,14,B1-M03-K05-S14,Bereket Mısır Konservesi Küçük,8690000515202,Kutu,6,78,84,96
B1,Konserve,3,5,15,B1-M03-K05-S15,Marmara Mısır Konservesi Küçük,8690000515219,Kutu,6,84,90,96
B1,Konserve,3,5,16,B1-M03-K05-S16,Usta Mısır Konservesi Küçük,8690000515226,Kutu,6,90,96,96
B1,Konserve,3,6,1,B1-M03-K06-S01,Emigro Mısır Konservesi Mini,8690000515233,Kutu,5,0,5,100
B1,Konserve,3,6,2,B1-M03-K06-S02,Anadolu Mısır Konservesi Mini,8690000515240,Kutu,5,5,10,100
B1,Konserve,3,6,3,B1-M03-K06-S03,Bereket Mısır Konservesi Mini,8690000515257,Kutu,5,10,15,100
B1,Konserve,3,6,4,B1-M03-K06-S04,Marmara Mısır Konservesi Mini,8690000515264,Kutu,5,15,20,100
B1,Konserve,3,6,5,B1-M03-K06-S05,Usta Mısır Konservesi Mini,8690000515271,Kutu,5,20,25,100
B1,Konserve,3,6,6,B1-M03-K06-S06,Lezzet Mısır Konservesi Mini,8690000515288,Kutu,5,25,30,100
B1,Konserve,3,6,7,B1-M03-K06-S07,Günlük Mısır Konservesi Mini,8690000515295,Kutu,5,30,35,100
B1,Konserve,3,6,8,B1-M03-K06-S08,Evimiz Mısır Konservesi Mini,8690000515301,Kutu,5,35,40,100
B1,Konserve,3,6,9,B1-M03-K06-S09,Doğa Mısır Konservesi Mini,8690000515318,Kutu,5,40,45,100
B1,Konserve,3,6,10,B1-M03-K06-S10,Premium Mısır Konservesi Mini,8690000515325,Kutu,5,45,50,100
B1,Konserve,3,6,11,B1-M03-K06-S11,Emigro Mısır Konservesi Mini,8690000515332,Kutu,5,50,55,100
B1,Konserve,3,6,12,B1-M03-K06-S12,Anadolu Mısır Konservesi Mini,8690000515349,Kutu,5,55,60,100
B1,Konserve,3,6,13,B1-M03-K06-S13,Bereket Mısır Konservesi Mini,8690000515356,Kutu,5,60,65,100
B1,Konserve,3,6,14,B1-M03-K06-S14,Marmara Mısır Konservesi Mini,8690000515363,Kutu,5,65,70,100
B1,Konserve,3,6,15,B1-M03-K06-S15,Usta Mısır Konservesi Mini,8690000515370,Kutu,5,70,75,100
B1,Konserve,3,6,16,B1-M03-K06-S16,Lezzet Mısır Konservesi Mini,8690000515387,Kutu,5,75,80,100
B1,Konserve,3,6,17,B1-M03-K06-S17,Günlük Mısır Konservesi Mini,8690000515394,Kutu,5,80,85,100
B1,Konserve,3,6,18,B1-M03-K06-S18,Evimiz Mısır Konservesi Mini,8690000515400,Kutu,5,85,90,100
B1,Konserve,3,6,19,B1-M03-K06-S19,Doğa Mısır Konservesi Mini,8690000515417,Kutu,5,90,95,100
B1,Konserve,3,6,20,B1-M03-K06-S20,Premium Mısır Konservesi Mini,8690000515424,Kutu,5,95,100,100
B1,Konserve,4,1,1,B1-M04-K01-S01,Günlük Bezelye Konservesi XL,8690000515431,Kutu,9,0,9,99
B1,Konserve,4,1,2,B1-M04-K01-S02,Evimiz Bezelye Konservesi XL,8690000515448,Kutu,9,9,18,99
B1,Konserve,4,1,3,B1-M04-K01-S03,Doğa Bezelye Konservesi XL,8690000515455,Kutu,9,18,27,99
B1,Konserve,4,1,4,B1-M04-K01-S04,Premium Bezelye Konservesi XL,8690000515462,Kutu,9,27,36,99
B1,Konserve,4,1,5,B1-M04-K01-S05,Emigro Bezelye Konservesi XL,8690000515479,Kutu,9,36,45,99
B1,Konserve,4,1,6,B1-M04-K01-S06,Anadolu Bezelye Konservesi XL,8690000515486,Kutu,9,45,54,99
B1,Konserve,4,1,7,B1-M04-K01-S07,Bereket Bezelye Konservesi XL,8690000515493,Kutu,9,54,63,99
B1,Konserve,4,1,8,B1-M04-K01-S08,Marmara Bezelye Konservesi XL,8690000515509,Kutu,9,63,72,99
B1,Konserve,4,1,9,B1-M04-K01-S09,Usta Bezelye Konservesi XL,8690000515516,Kutu,9,72,81,99
B1,Konserve,4,1,10,B1-M04-K01-S10,Lezzet Bezelye Konservesi XL,8690000515523,Kutu,9,81,90,99
B1,Konserve,4,1,11,B1-M04-K01-S11,Günlük Bezelye Konservesi XL,8690000515530,Kutu,9,90,99,99
B1,Konserve,4,2,1,B1-M04-K02-S01,Evimiz Bezelye Konservesi Büyük,8690000515547,Kutu,8,0,8,96
B1,Konserve,4,2,2,B1-M04-K02-S02,Doğa Bezelye Konservesi Büyük,8690000515554,Kutu,8,8,16,96
B1,Konserve,4,2,3,B1-M04-K02-S03,Premium Bezelye Konservesi Büyük,8690000515561,Kutu,8,16,24,96
B1,Konserve,4,2,4,B1-M04-K02-S04,Emigro Bezelye Konservesi Büyük,8690000515578,Kutu,8,24,32,96
B1,Konserve,4,2,5,B1-M04-K02-S05,Anadolu Bezelye Konservesi Büyük,8690000515585,Kutu,8,32,40,96
B1,Konserve,4,2,6,B1-M04-K02-S06,Bereket Bezelye Konservesi Büyük,8690000515592,Kutu,8,40,48,96
B1,Konserve,4,2,7,B1-M04-K02-S07,Marmara Bezelye Konservesi Büyük,8690000515608,Kutu,8,48,56,96
B1,Konserve,4,2,8,B1-M04-K02-S08,Usta Bezelye Konservesi Büyük,8690000515615,Kutu,8,56,64,96
B1,Konserve,4,2,9,B1-M04-K02-S09,Lezzet Bezelye Konservesi Büyük,8690000515622,Kutu,8,64,72,96
B1,Konserve,4,2,10,B1-M04-K02-S10,Günlük Bezelye Konservesi Büyük,8690000515639,Kutu,8,72,80,96
B1,Konserve,4,2,11,B1-M04-K02-S11,Evimiz Bezelye Konservesi Büyük,8690000515646,Kutu,8,80,88,96
B1,Konserve,4,2,12,B1-M04-K02-S12,Doğa Bezelye Konservesi Büyük,8690000515653,Kutu,8,88,96,96
B1,Konserve,4,3,1,B1-M04-K03-S01,Doğa Bezelye Konservesi Standart,8690000515660,Kutu,7,0,7,98
B1,Konserve,4,3,2,B1-M04-K03-S02,Premium Bezelye Konservesi Standart,8690000515677,Kutu,7,7,14,98
B1,Konserve,4,3,3,B1-M04-K03-S03,Emigro Bezelye Konservesi Standart,8690000515684,Kutu,7,14,21,98
B1,Konserve,4,3,4,B1-M04-K03-S04,Anadolu Bezelye Konservesi Standart,8690000515691,Kutu,7,21,28,98
B1,Konserve,4,3,5,B1-M04-K03-S05,Bereket Bezelye Konservesi Standart,8690000515707,Kutu,7,28,35,98
B1,Konserve,4,3,6,B1-M04-K03-S06,Marmara Bezelye Konservesi Standart,8690000515714,Kutu,7,35,42,98
B1,Konserve,4,3,7,B1-M04-K03-S07,Usta Bezelye Konservesi Standart,8690000515721,Kutu,7,42,49,98
B1,Konserve,4,3,8,B1-M04-K03-S08,Lezzet Bezelye Konservesi Standart,8690000515738,Kutu,7,49,56,98
B1,Konserve,4,3,9,B1-M04-K03-S09,Günlük Bezelye Konservesi Standart,8690000515745,Kutu,7,56,63,98
B1,Konserve,4,3,10,B1-M04-K03-S10,Evimiz Bezelye Konservesi Standart,8690000515752,Kutu,7,63,70,98
B1,Konserve,4,3,11,B1-M04-K03-S11,Doğa Bezelye Konservesi Standart,8690000515769,Kutu,7,70,77,98
B1,Konserve,4,3,12,B1-M04-K03-S12,Premium Bezelye Konservesi Standart,8690000515776,Kutu,7,77,84,98
B1,Konserve,4,3,13,B1-M04-K03-S13,Emigro Bezelye Konservesi Standart,8690000515783,Kutu,7,84,91,98
B1,Konserve,4,3,14,B1-M04-K03-S14,Anadolu Bezelye Konservesi Standart,8690000515790,Kutu,7,91,98,98
B1,Konserve,4,4,1,B1-M04-K04-S01,Premium Bezelye Konservesi Orta,8690000515806,Kutu,6,0,6,96
B1,Konserve,4,4,2,B1-M04-K04-S02,Emigro Bezelye Konservesi Orta,8690000515813,Kutu,6,6,12,96
B1,Konserve,4,4,3,B1-M04-K04-S03,Anadolu Bezelye Konservesi Orta,8690000515820,Kutu,6,12,18,96
B1,Konserve,4,4,4,B1-M04-K04-S04,Bereket Bezelye Konservesi Orta,8690000515837,Kutu,6,18,24,96
B1,Konserve,4,4,5,B1-M04-K04-S05,Marmara Bezelye Konservesi Orta,8690000515844,Kutu,6,24,30,96
B1,Konserve,4,4,6,B1-M04-K04-S06,Usta Bezelye Konservesi Orta,8690000515851,Kutu,6,30,36,96
B1,Konserve,4,4,7,B1-M04-K04-S07,Lezzet Bezelye Konservesi Orta,8690000515868,Kutu,6,36,42,96
B1,Konserve,4,4,8,B1-M04-K04-S08,Günlük Bezelye Konservesi Orta,8690000515875,Kutu,6,42,48,96
B1,Konserve,4,4,9,B1-M04-K04-S09,Evimiz Bezelye Konservesi Orta,8690000515882,Kutu,6,48,54,96
B1,Konserve,4,4,10,B1-M04-K04-S10,Doğa Bezelye Konservesi Orta,8690000515899,Kutu,6,54,60,96
B1,Konserve,4,4,11,B1-M04-K04-S11,Premium Bezelye Konservesi Orta,8690000515905,Kutu,6,60,66,96
B1,Konserve,4,4,12,B1-M04-K04-S12,Emigro Bezelye Konservesi Orta,8690000515912,Kutu,6,66,72,96
B1,Konserve,4,4,13,B1-M04-K04-S13,Anadolu Bezelye Konservesi Orta,8690000515929,Kutu,6,72,78,96
B1,Konserve,4,4,14,B1-M04-K04-S14,Bereket Bezelye Konservesi Orta,8690000515936,Kutu,6,78,84,96
B1,Konserve,4,4,15,B1-M04-K04-S15,Marmara Bezelye Konservesi Orta,8690000515943,Kutu,6,84,90,96
B1,Konserve,4,4,16,B1-M04-K04-S16,Usta Bezelye Konservesi Orta,8690000515950,Kutu,6,90,96,96
B1,Konserve,4,5,1,B1-M04-K05-S01,Emigro Bezelye Konservesi Küçük,8690000515967,Kutu,6,0,6,96
B1,Konserve,4,5,2,B1-M04-K05-S02,Anadolu Bezelye Konservesi Küçük,8690000515974,Kutu,6,6,12,96
B1,Konserve,4,5,3,B1-M04-K05-S03,Bereket Bezelye Konservesi Küçük,8690000515981,Kutu,6,12,18,96
B1,Konserve,4,5,4,B1-M04-K05-S04,Marmara Bezelye Konservesi Küçük,8690000515998,Kutu,6,18,24,96
B1,Konserve,4,5,5,B1-M04-K05-S05,Usta Bezelye Konservesi Küçük,8690000516001,Kutu,6,24,30,96
B1,Konserve,4,5,6,B1-M04-K05-S06,Lezzet Bezelye Konservesi Küçük,8690000516018,Kutu,6,30,36,96
B1,Konserve,4,5,7,B1-M04-K05-S07,Günlük Bezelye Konservesi Küçük,8690000516025,Kutu,6,36,42,96
B1,Konserve,4,5,8,B1-M04-K05-S08,Evimiz Bezelye Konservesi Küçük,8690000516032,Kutu,6,42,48,96
B1,Konserve,4,5,9,B1-M04-K05-S09,Doğa Bezelye Konservesi Küçük,8690000516049,Kutu,6,48,54,96
B1,Konserve,4,5,10,B1-M04-K05-S10,Premium Bezelye Konservesi Küçük,8690000516056,Kutu,6,54,60,96
B1,Konserve,4,5,11,B1-M04-K05-S11,Emigro Bezelye Konservesi Küçük,8690000516063,Kutu,6,60,66,96
B1,Konserve,4,5,12,B1-M04-K05-S12,Anadolu Bezelye Konservesi Küçük,8690000516070,Kutu,6,66,72,96
B1,Konserve,4,5,13,B1-M04-K05-S13,Bereket Bezelye Konservesi Küçük,8690000516087,Kutu,6,72,78,96
B1,Konserve,4,5,14,B1-M04-K05-S14,Marmara Bezelye Konservesi Küçük,8690000516094,Kutu,6,78,84,96
B1,Konserve,4,5,15,B1-M04-K05-S15,Usta Bezelye Konservesi Küçük,8690000516100,Kutu,6,84,90,96
B1,Konserve,4,5,16,B1-M04-K05-S16,Lezzet Bezelye Konservesi Küçük,8690000516117,Kutu,6,90,96,96
B1,Konserve,4,6,1,B1-M04-K06-S01,Anadolu Bezelye Konservesi Mini,8690000516124,Kutu,5,0,5,100
B1,Konserve,4,6,2,B1-M04-K06-S02,Bereket Bezelye Konservesi Mini,8690000516131,Kutu,5,5,10,100
B1,Konserve,4,6,3,B1-M04-K06-S03,Marmara Bezelye Konservesi Mini,8690000516148,Kutu,5,10,15,100
B1,Konserve,4,6,4,B1-M04-K06-S04,Usta Bezelye Konservesi Mini,8690000516155,Kutu,5,15,20,100
B1,Konserve,4,6,5,B1-M04-K06-S05,Lezzet Bezelye Konservesi Mini,8690000516162,Kutu,5,20,25,100
B1,Konserve,4,6,6,B1-M04-K06-S06,Günlük Bezelye Konservesi Mini,8690000516179,Kutu,5,25,30,100
B1,Konserve,4,6,7,B1-M04-K06-S07,Evimiz Bezelye Konservesi Mini,8690000516186,Kutu,5,30,35,100
B1,Konserve,4,6,8,B1-M04-K06-S08,Doğa Bezelye Konservesi Mini,8690000516193,Kutu,5,35,40,100
B1,Konserve,4,6,9,B1-M04-K06-S09,Premium Bezelye Konservesi Mini,8690000516209,Kutu,5,40,45,100
B1,Konserve,4,6,10,B1-M04-K06-S10,Emigro Bezelye Konservesi Mini,8690000516216,Kutu,5,45,50,100
B1,Konserve,4,6,11,B1-M04-K06-S11,Anadolu Bezelye Konservesi Mini,8690000516223,Kutu,5,50,55,100
B1,Konserve,4,6,12,B1-M04-K06-S12,Bereket Bezelye Konservesi Mini,8690000516230,Kutu,5,55,60,100
B1,Konserve,4,6,13,B1-M04-K06-S13,Marmara Bezelye Konservesi Mini,8690000516247,Kutu,5,60,65,100
B1,Konserve,4,6,14,B1-M04-K06-S14,Usta Bezelye Konservesi Mini,8690000516254,Kutu,5,65,70,100
B1,Konserve,4,6,15,B1-M04-K06-S15,Lezzet Bezelye Konservesi Mini,8690000516261,Kutu,5,70,75,100
B1,Konserve,4,6,16,B1-M04-K06-S16,Günlük Bezelye Konservesi Mini,8690000516278,Kutu,5,75,80,100
B1,Konserve,4,6,17,B1-M04-K06-S17,Evimiz Bezelye Konservesi Mini,8690000516285,Kutu,5,80,85,100
B1,Konserve,4,6,18,B1-M04-K06-S18,Doğa Bezelye Konservesi Mini,8690000516292,Kutu,5,85,90,100
B1,Konserve,4,6,19,B1-M04-K06-S19,Premium Bezelye Konservesi Mini,8690000516308,Kutu,5,90,95,100
B1,Konserve,4,6,20,B1-M04-K06-S20,Emigro Bezelye Konservesi Mini,8690000516315,Kutu,5,95,100,100
B1,Konserve,5,1,1,B1-M05-K01-S01,Evimiz Garnitür Konservesi XL,8690000516322,Kutu,10,0,10,100
B1,Konserve,5,1,2,B1-M05-K01-S02,Doğa Garnitür Konservesi XL,8690000516339,Kutu,10,10,20,100
B1,Konserve,5,1,3,B1-M05-K01-S03,Premium Garnitür Konservesi XL,8690000516346,Kutu,10,20,30,100
B1,Konserve,5,1,4,B1-M05-K01-S04,Emigro Garnitür Konservesi XL,8690000516353,Kutu,10,30,40,100
B1,Konserve,5,1,5,B1-M05-K01-S05,Anadolu Garnitür Konservesi XL,8690000516360,Kutu,10,40,50,100
B1,Konserve,5,1,6,B1-M05-K01-S06,Bereket Garnitür Konservesi XL,8690000516377,Kutu,10,50,60,100
B1,Konserve,5,1,7,B1-M05-K01-S07,Marmara Garnitür Konservesi XL,8690000516384,Kutu,10,60,70,100
B1,Konserve,5,1,8,B1-M05-K01-S08,Usta Garnitür Konservesi XL,8690000516391,Kutu,10,70,80,100
B1,Konserve,5,1,9,B1-M05-K01-S09,Lezzet Garnitür Konservesi XL,8690000516407,Kutu,10,80,90,100
B1,Konserve,5,1,10,B1-M05-K01-S10,Günlük Garnitür Konservesi XL,8690000516414,Kutu,10,90,100,100
B1,Konserve,5,2,1,B1-M05-K02-S01,Doğa Garnitür Konservesi Büyük,8690000516421,Kutu,9,0,9,99
B1,Konserve,5,2,2,B1-M05-K02-S02,Premium Garnitür Konservesi Büyük,8690000516438,Kutu,9,9,18,99
B1,Konserve,5,2,3,B1-M05-K02-S03,Emigro Garnitür Konservesi Büyük,8690000516445,Kutu,9,18,27,99
B1,Konserve,5,2,4,B1-M05-K02-S04,Anadolu Garnitür Konservesi Büyük,8690000516452,Kutu,9,27,36,99
B1,Konserve,5,2,5,B1-M05-K02-S05,Bereket Garnitür Konservesi Büyük,8690000516469,Kutu,9,36,45,99
B1,Konserve,5,2,6,B1-M05-K02-S06,Marmara Garnitür Konservesi Büyük,8690000516476,Kutu,9,45,54,99
B1,Konserve,5,2,7,B1-M05-K02-S07,Usta Garnitür Konservesi Büyük,8690000516483,Kutu,9,54,63,99
B1,Konserve,5,2,8,B1-M05-K02-S08,Lezzet Garnitür Konservesi Büyük,8690000516490,Kutu,9,63,72,99
B1,Konserve,5,2,9,B1-M05-K02-S09,Günlük Garnitür Konservesi Büyük,8690000516506,Kutu,9,72,81,99
B1,Konserve,5,2,10,B1-M05-K02-S10,Evimiz Garnitür Konservesi Büyük,8690000516513,Kutu,9,81,90,99
B1,Konserve,5,2,11,B1-M05-K02-S11,Doğa Garnitür Konservesi Büyük,8690000516520,Kutu,9,90,99,99
B1,Konserve,5,3,1,B1-M05-K03-S01,Premium Garnitür Konservesi Standart,8690000516537,Kutu,8,0,8,96
B1,Konserve,5,3,2,B1-M05-K03-S02,Emigro Garnitür Konservesi Standart,8690000516544,Kutu,8,8,16,96
B1,Konserve,5,3,3,B1-M05-K03-S03,Anadolu Garnitür Konservesi Standart,8690000516551,Kutu,8,16,24,96
B1,Konserve,5,3,4,B1-M05-K03-S04,Bereket Garnitür Konservesi Standart,8690000516568,Kutu,8,24,32,96
B1,Konserve,5,3,5,B1-M05-K03-S05,Marmara Garnitür Konservesi Standart,8690000516575,Kutu,8,32,40,96
B1,Konserve,5,3,6,B1-M05-K03-S06,Usta Garnitür Konservesi Standart,8690000516582,Kutu,8,40,48,96
B1,Konserve,5,3,7,B1-M05-K03-S07,Lezzet Garnitür Konservesi Standart,8690000516599,Kutu,8,48,56,96
B1,Konserve,5,3,8,B1-M05-K03-S08,Günlük Garnitür Konservesi Standart,8690000516605,Kutu,8,56,64,96
B1,Konserve,5,3,9,B1-M05-K03-S09,Evimiz Garnitür Konservesi Standart,8690000516612,Kutu,8,64,72,96
B1,Konserve,5,3,10,B1-M05-K03-S10,Doğa Garnitür Konservesi Standart,8690000516629,Kutu,8,72,80,96
B1,Konserve,5,3,11,B1-M05-K03-S11,Premium Garnitür Konservesi Standart,8690000516636,Kutu,8,80,88,96
B1,Konserve,5,3,12,B1-M05-K03-S12,Emigro Garnitür Konservesi Standart,8690000516643,Kutu,8,88,96,96
B1,Konserve,5,4,1,B1-M05-K04-S01,Emigro Garnitür Konservesi Orta,8690000516650,Kutu,7,0,7,98
B1,Konserve,5,4,2,B1-M05-K04-S02,Anadolu Garnitür Konservesi Orta,8690000516667,Kutu,7,7,14,98
B1,Konserve,5,4,3,B1-M05-K04-S03,Bereket Garnitür Konservesi Orta,8690000516674,Kutu,7,14,21,98
B1,Konserve,5,4,4,B1-M05-K04-S04,Marmara Garnitür Konservesi Orta,8690000516681,Kutu,7,21,28,98
B1,Konserve,5,4,5,B1-M05-K04-S05,Usta Garnitür Konservesi Orta,8690000516698,Kutu,7,28,35,98
B1,Konserve,5,4,6,B1-M05-K04-S06,Lezzet Garnitür Konservesi Orta,8690000516704,Kutu,7,35,42,98
B1,Konserve,5,4,7,B1-M05-K04-S07,Günlük Garnitür Konservesi Orta,8690000516711,Kutu,7,42,49,98
B1,Konserve,5,4,8,B1-M05-K04-S08,Evimiz Garnitür Konservesi Orta,8690000516728,Kutu,7,49,56,98
B1,Konserve,5,4,9,B1-M05-K04-S09,Doğa Garnitür Konservesi Orta,8690000516735,Kutu,7,56,63,98
B1,Konserve,5,4,10,B1-M05-K04-S10,Premium Garnitür Konservesi Orta,8690000516742,Kutu,7,63,70,98
B1,Konserve,5,4,11,B1-M05-K04-S11,Emigro Garnitür Konservesi Orta,8690000516759,Kutu,7,70,77,98
B1,Konserve,5,4,12,B1-M05-K04-S12,Anadolu Garnitür Konservesi Orta,8690000516766,Kutu,7,77,84,98
B1,Konserve,5,4,13,B1-M05-K04-S13,Bereket Garnitür Konservesi Orta,8690000516773,Kutu,7,84,91,98
B1,Konserve,5,4,14,B1-M05-K04-S14,Marmara Garnitür Konservesi Orta,8690000516780,Kutu,7,91,98,98
B1,Konserve,5,5,1,B1-M05-K05-S01,Anadolu Garnitür Konservesi Küçük,8690000516797,Kutu,6,0,6,96
B1,Konserve,5,5,2,B1-M05-K05-S02,Bereket Garnitür Konservesi Küçük,8690000516803,Kutu,6,6,12,96
B1,Konserve,5,5,3,B1-M05-K05-S03,Marmara Garnitür Konservesi Küçük,8690000516810,Kutu,6,12,18,96
B1,Konserve,5,5,4,B1-M05-K05-S04,Usta Garnitür Konservesi Küçük,8690000516827,Kutu,6,18,24,96
B1,Konserve,5,5,5,B1-M05-K05-S05,Lezzet Garnitür Konservesi Küçük,8690000516834,Kutu,6,24,30,96
B1,Konserve,5,5,6,B1-M05-K05-S06,Günlük Garnitür Konservesi Küçük,8690000516841,Kutu,6,30,36,96
B1,Konserve,5,5,7,B1-M05-K05-S07,Evimiz Garnitür Konservesi Küçük,8690000516858,Kutu,6,36,42,96
B1,Konserve,5,5,8,B1-M05-K05-S08,Doğa Garnitür Konservesi Küçük,8690000516865,Kutu,6,42,48,96
B1,Konserve,5,5,9,B1-M05-K05-S09,Premium Garnitür Konservesi Küçük,8690000516872,Kutu,6,48,54,96
B1,Konserve,5,5,10,B1-M05-K05-S10,Emigro Garnitür Konservesi Küçük,8690000516889,Kutu,6,54,60,96
B1,Konserve,5,5,11,B1-M05-K05-S11,Anadolu Garnitür Konservesi Küçük,8690000516896,Kutu,6,60,66,96
B1,Konserve,5,5,12,B1-M05-K05-S12,Bereket Garnitür Konservesi Küçük,8690000516902,Kutu,6,66,72,96
B1,Konserve,5,5,13,B1-M05-K05-S13,Marmara Garnitür Konservesi Küçük,8690000516919,Kutu,6,72,78,96
B1,Konserve,5,5,14,B1-M05-K05-S14,Usta Garnitür Konservesi Küçük,8690000516926,Kutu,6,78,84,96
B1,Konserve,5,5,15,B1-M05-K05-S15,Lezzet Garnitür Konservesi Küçük,8690000516933,Kutu,6,84,90,96
B1,Konserve,5,5,16,B1-M05-K05-S16,Günlük Garnitür Konservesi Küçük,8690000516940,Kutu,6,90,96,96
B1,Konserve,5,6,1,B1-M05-K06-S01,Bereket Garnitür Konservesi Mini,8690000516957,Kutu,6,0,6,96
B1,Konserve,5,6,2,B1-M05-K06-S02,Marmara Garnitür Konservesi Mini,8690000516964,Kutu,6,6,12,96
B1,Konserve,5,6,3,B1-M05-K06-S03,Usta Garnitür Konservesi Mini,8690000516971,Kutu,6,12,18,96
B1,Konserve,5,6,4,B1-M05-K06-S04,Lezzet Garnitür Konservesi Mini,8690000516988,Kutu,6,18,24,96
B1,Konserve,5,6,5,B1-M05-K06-S05,Günlük Garnitür Konservesi Mini,8690000516995,Kutu,6,24,30,96
B1,Konserve,5,6,6,B1-M05-K06-S06,Evimiz Garnitür Konservesi Mini,8690000517008,Kutu,6,30,36,96
B1,Konserve,5,6,7,B1-M05-K06-S07,Doğa Garnitür Konservesi Mini,8690000517015,Kutu,6,36,42,96
B1,Konserve,5,6,8,B1-M05-K06-S08,Premium Garnitür Konservesi Mini,8690000517022,Kutu,6,42,48,96
B1,Konserve,5,6,9,B1-M05-K06-S09,Emigro Garnitür Konservesi Mini,8690000517039,Kutu,6,48,54,96
B1,Konserve,5,6,10,B1-M05-K06-S10,Anadolu Garnitür Konservesi Mini,8690000517046,Kutu,6,54,60,96
B1,Konserve,5,6,11,B1-M05-K06-S11,Bereket Garnitür Konservesi Mini,8690000517053,Kutu,6,60,66,96
B1,Konserve,5,6,12,B1-M05-K06-S12,Marmara Garnitür Konservesi Mini,8690000517060,Kutu,6,66,72,96
B1,Konserve,5,6,13,B1-M05-K06-S13,Usta Garnitür Konservesi Mini,8690000517077,Kutu,6,72,78,96
B1,Konserve,5,6,14,B1-M05-K06-S14,Lezzet Garnitür Konservesi Mini,8690000517084,Kutu,6,78,84,96
B1,Konserve,5,6,15,B1-M05-K06-S15,Günlük Garnitür Konservesi Mini,8690000517091,Kutu,6,84,90,96
B1,Konserve,5,6,16,B1-M05-K06-S16,Evimiz Garnitür Konservesi Mini,8690000517107,Kutu,6,90,96,96
B1,Konserve,6,1,1,B1-M06-K01-S01,Doğa Bamya Konservesi XL,8690000517114,Kavanoz,11,0,11,99
B1,Konserve,6,1,2,B1-M06-K01-S02,Premium Bamya Konservesi XL,8690000517121,Kavanoz,11,11,22,99
B1,Konserve,6,1,3,B1-M06-K01-S03,Emigro Bamya Konservesi XL,8690000517138,Kavanoz,11,22,33,99
B1,Konserve,6,1,4,B1-M06-K01-S04,Anadolu Bamya Konservesi XL,8690000517145,Kavanoz,11,33,44,99
B1,Konserve,6,1,5,B1-M06-K01-S05,Bereket Bamya Konservesi XL,8690000517152,Kavanoz,11,44,55,99
B1,Konserve,6,1,6,B1-M06-K01-S06,Marmara Bamya Konservesi XL,8690000517169,Kavanoz,11,55,66,99
B1,Konserve,6,1,7,B1-M06-K01-S07,Usta Bamya Konservesi XL,8690000517176,Kavanoz,11,66,77,99
B1,Konserve,6,1,8,B1-M06-K01-S08,Lezzet Bamya Konservesi XL,8690000517183,Kavanoz,11,77,88,99
B1,Konserve,6,1,9,B1-M06-K01-S09,Günlük Bamya Konservesi XL,8690000517190,Kavanoz,11,88,99,99
B1,Konserve,6,2,1,B1-M06-K02-S01,Premium Bamya Konservesi Büyük,8690000517206,Kavanoz,10,0,10,100
B1,Konserve,6,2,2,B1-M06-K02-S02,Emigro Bamya Konservesi Büyük,8690000517213,Kavanoz,10,10,20,100
B1,Konserve,6,2,3,B1-M06-K02-S03,Anadolu Bamya Konservesi Büyük,8690000517220,Kavanoz,10,20,30,100
B1,Konserve,6,2,4,B1-M06-K02-S04,Bereket Bamya Konservesi Büyük,8690000517237,Kavanoz,10,30,40,100
B1,Konserve,6,2,5,B1-M06-K02-S05,Marmara Bamya Konservesi Büyük,8690000517244,Kavanoz,10,40,50,100
B1,Konserve,6,2,6,B1-M06-K02-S06,Usta Bamya Konservesi Büyük,8690000517251,Kavanoz,10,50,60,100
B1,Konserve,6,2,7,B1-M06-K02-S07,Lezzet Bamya Konservesi Büyük,8690000517268,Kavanoz,10,60,70,100
B1,Konserve,6,2,8,B1-M06-K02-S08,Günlük Bamya Konservesi Büyük,8690000517275,Kavanoz,10,70,80,100
B1,Konserve,6,2,9,B1-M06-K02-S09,Evimiz Bamya Konservesi Büyük,8690000517282,Kavanoz,10,80,90,100
B1,Konserve,6,2,10,B1-M06-K02-S10,Doğa Bamya Konservesi Büyük,8690000517299,Kavanoz,10,90,100,100
B1,Konserve,6,3,1,B1-M06-K03-S01,Emigro Bamya Konservesi Standart,8690000517305,Kavanoz,9,0,9,99
B1,Konserve,6,3,2,B1-M06-K03-S02,Anadolu Bamya Konservesi Standart,8690000517312,Kavanoz,9,9,18,99
B1,Konserve,6,3,3,B1-M06-K03-S03,Bereket Bamya Konservesi Standart,8690000517329,Kavanoz,9,18,27,99
B1,Konserve,6,3,4,B1-M06-K03-S04,Marmara Bamya Konservesi Standart,8690000517336,Kavanoz,9,27,36,99
B1,Konserve,6,3,5,B1-M06-K03-S05,Usta Bamya Konservesi Standart,8690000517343,Kavanoz,9,36,45,99
B1,Konserve,6,3,6,B1-M06-K03-S06,Lezzet Bamya Konservesi Standart,8690000517350,Kavanoz,9,45,54,99
B1,Konserve,6,3,7,B1-M06-K03-S07,Günlük Bamya Konservesi Standart,8690000517367,Kavanoz,9,54,63,99
B1,Konserve,6,3,8,B1-M06-K03-S08,Evimiz Bamya Konservesi Standart,8690000517374,Kavanoz,9,63,72,99
B1,Konserve,6,3,9,B1-M06-K03-S09,Doğa Bamya Konservesi Standart,8690000517381,Kavanoz,9,72,81,99
B1,Konserve,6,3,10,B1-M06-K03-S10,Premium Bamya Konservesi Standart,8690000517398,Kavanoz,9,81,90,99
B1,Konserve,6,3,11,B1-M06-K03-S11,Emigro Bamya Konservesi Standart,8690000517404,Kavanoz,9,90,99,99
B1,Konserve,6,4,1,B1-M06-K04-S01,Anadolu Bamya Konservesi Orta,8690000517411,Kavanoz,8,0,8,96
B1,Konserve,6,4,2,B1-M06-K04-S02,Bereket Bamya Konservesi Orta,8690000517428,Kavanoz,8,8,16,96
B1,Konserve,6,4,3,B1-M06-K04-S03,Marmara Bamya Konservesi Orta,8690000517435,Kavanoz,8,16,24,96
B1,Konserve,6,4,4,B1-M06-K04-S04,Usta Bamya Konservesi Orta,8690000517442,Kavanoz,8,24,32,96
B1,Konserve,6,4,5,B1-M06-K04-S05,Lezzet Bamya Konservesi Orta,8690000517459,Kavanoz,8,32,40,96
B1,Konserve,6,4,6,B1-M06-K04-S06,Günlük Bamya Konservesi Orta,8690000517466,Kavanoz,8,40,48,96
B1,Konserve,6,4,7,B1-M06-K04-S07,Evimiz Bamya Konservesi Orta,8690000517473,Kavanoz,8,48,56,96
B1,Konserve,6,4,8,B1-M06-K04-S08,Doğa Bamya Konservesi Orta,8690000517480,Kavanoz,8,56,64,96
B1,Konserve,6,4,9,B1-M06-K04-S09,Premium Bamya Konservesi Orta,8690000517497,Kavanoz,8,64,72,96
B1,Konserve,6,4,10,B1-M06-K04-S10,Emigro Bamya Konservesi Orta,8690000517503,Kavanoz,8,72,80,96
B1,Konserve,6,4,11,B1-M06-K04-S11,Anadolu Bamya Konservesi Orta,8690000517510,Kavanoz,8,80,88,96
B1,Konserve,6,4,12,B1-M06-K04-S12,Bereket Bamya Konservesi Orta,8690000517527,Kavanoz,8,88,96,96
B1,Konserve,6,5,1,B1-M06-K05-S01,Bereket Bamya Konservesi Küçük,8690000517534,Kavanoz,7,0,7,98
B1,Konserve,6,5,2,B1-M06-K05-S02,Marmara Bamya Konservesi Küçük,8690000517541,Kavanoz,7,7,14,98
B1,Konserve,6,5,3,B1-M06-K05-S03,Usta Bamya Konservesi Küçük,8690000517558,Kavanoz,7,14,21,98
B1,Konserve,6,5,4,B1-M06-K05-S04,Lezzet Bamya Konservesi Küçük,8690000517565,Kavanoz,7,21,28,98
B1,Konserve,6,5,5,B1-M06-K05-S05,Günlük Bamya Konservesi Küçük,8690000517572,Kavanoz,7,28,35,98
B1,Konserve,6,5,6,B1-M06-K05-S06,Evimiz Bamya Konservesi Küçük,8690000517589,Kavanoz,7,35,42,98
B1,Konserve,6,5,7,B1-M06-K05-S07,Doğa Bamya Konservesi Küçük,8690000517596,Kavanoz,7,42,49,98
B1,Konserve,6,5,8,B1-M06-K05-S08,Premium Bamya Konservesi Küçük,8690000517602,Kavanoz,7,49,56,98
B1,Konserve,6,5,9,B1-M06-K05-S09,Emigro Bamya Konservesi Küçük,8690000517619,Kavanoz,7,56,63,98
B1,Konserve,6,5,10,B1-M06-K05-S10,Anadolu Bamya Konservesi Küçük,8690000517626,Kavanoz,7,63,70,98
B1,Konserve,6,5,11,B1-M06-K05-S11,Bereket Bamya Konservesi Küçük,8690000517633,Kavanoz,7,70,77,98
B1,Konserve,6,5,12,B1-M06-K05-S12,Marmara Bamya Konservesi Küçük,8690000517640,Kavanoz,7,77,84,98
B1,Konserve,6,5,13,B1-M06-K05-S13,Usta Bamya Konservesi Küçük,8690000517657,Kavanoz,7,84,91,98
B1,Konserve,6,5,14,B1-M06-K05-S14,Lezzet Bamya Konservesi Küçük,8690000517664,Kavanoz,7,91,98,98
B1,Konserve,6,6,1,B1-M06-K06-S01,Marmara Bamya Konservesi Mini,8690000517671,Kavanoz,6,0,6,96
B1,Konserve,6,6,2,B1-M06-K06-S02,Usta Bamya Konservesi Mini,8690000517688,Kavanoz,6,6,12,96
B1,Konserve,6,6,3,B1-M06-K06-S03,Lezzet Bamya Konservesi Mini,8690000517695,Kavanoz,6,12,18,96
B1,Konserve,6,6,4,B1-M06-K06-S04,Günlük Bamya Konservesi Mini,8690000517701,Kavanoz,6,18,24,96
B1,Konserve,6,6,5,B1-M06-K06-S05,Evimiz Bamya Konservesi Mini,8690000517718,Kavanoz,6,24,30,96
B1,Konserve,6,6,6,B1-M06-K06-S06,Doğa Bamya Konservesi Mini,8690000517725,Kavanoz,6,30,36,96
B1,Konserve,6,6,7,B1-M06-K06-S07,Premium Bamya Konservesi Mini,8690000517732,Kavanoz,6,36,42,96
B1,Konserve,6,6,8,B1-M06-K06-S08,Emigro Bamya Konservesi Mini,8690000517749,Kavanoz,6,42,48,96
B1,Konserve,6,6,9,B1-M06-K06-S09,Anadolu Bamya Konservesi Mini,8690000517756,Kavanoz,6,48,54,96
B1,Konserve,6,6,10,B1-M06-K06-S10,Bereket Bamya Konservesi Mini,8690000517763,Kavanoz,6,54,60,96
B1,Konserve,6,6,11,B1-M06-K06-S11,Marmara Bamya Konservesi Mini,8690000517770,Kavanoz,6,60,66,96
B1,Konserve,6,6,12,B1-M06-K06-S12,Usta Bamya Konservesi Mini,8690000517787,Kavanoz,6,66,72,96
B1,Konserve,6,6,13,B1-M06-K06-S13,Lezzet Bamya Konservesi Mini,8690000517794,Kavanoz,6,72,78,96
B1,Konserve,6,6,14,B1-M06-K06-S14,Günlük Bamya Konservesi Mini,8690000517800,Kavanoz,6,78,84,96
B1,Konserve,6,6,15,B1-M06-K06-S15,Evimiz Bamya Konservesi Mini,8690000517817,Kavanoz,6,84,90,96
B1,Konserve,6,6,16,B1-M06-K06-S16,Doğa Bamya Konservesi Mini,8690000517824,Kavanoz,6,90,96,96
B1,Konserve,7,1,1,B1-M07-K01-S01,Premium Enginar Konservesi XL,8690000517831,Kavanoz,12,0,12,96
B1,Konserve,7,1,2,B1-M07-K01-S02,Emigro Enginar Konservesi XL,8690000517848,Kavanoz,12,12,24,96
B1,Konserve,7,1,3,B1-M07-K01-S03,Anadolu Enginar Konservesi XL,8690000517855,Kavanoz,12,24,36,96
B1,Konserve,7,1,4,B1-M07-K01-S04,Bereket Enginar Konservesi XL,8690000517862,Kavanoz,12,36,48,96
B1,Konserve,7,1,5,B1-M07-K01-S05,Marmara Enginar Konservesi XL,8690000517879,Kavanoz,12,48,60,96
B1,Konserve,7,1,6,B1-M07-K01-S06,Usta Enginar Konservesi XL,8690000517886,Kavanoz,12,60,72,96
B1,Konserve,7,1,7,B1-M07-K01-S07,Lezzet Enginar Konservesi XL,8690000517893,Kavanoz,12,72,84,96
B1,Konserve,7,1,8,B1-M07-K01-S08,Günlük Enginar Konservesi XL,8690000517909,Kavanoz,12,84,96,96
B1,Konserve,7,2,1,B1-M07-K02-S01,Emigro Enginar Konservesi Büyük,8690000517916,Kavanoz,12,0,12,96
B1,Konserve,7,2,2,B1-M07-K02-S02,Anadolu Enginar Konservesi Büyük,8690000517923,Kavanoz,12,12,24,96
B1,Konserve,7,2,3,B1-M07-K02-S03,Bereket Enginar Konservesi Büyük,8690000517930,Kavanoz,12,24,36,96
B1,Konserve,7,2,4,B1-M07-K02-S04,Marmara Enginar Konservesi Büyük,8690000517947,Kavanoz,12,36,48,96
B1,Konserve,7,2,5,B1-M07-K02-S05,Usta Enginar Konservesi Büyük,8690000517954,Kavanoz,12,48,60,96
B1,Konserve,7,2,6,B1-M07-K02-S06,Lezzet Enginar Konservesi Büyük,8690000517961,Kavanoz,12,60,72,96
B1,Konserve,7,2,7,B1-M07-K02-S07,Günlük Enginar Konservesi Büyük,8690000517978,Kavanoz,12,72,84,96
B1,Konserve,7,2,8,B1-M07-K02-S08,Evimiz Enginar Konservesi Büyük,8690000517985,Kavanoz,12,84,96,96
B1,Konserve,7,3,1,B1-M07-K03-S01,Anadolu Enginar Konservesi Standart,8690000517992,Kavanoz,10,0,10,100
B1,Konserve,7,3,2,B1-M07-K03-S02,Bereket Enginar Konservesi Standart,8690000518005,Kavanoz,10,10,20,100
B1,Konserve,7,3,3,B1-M07-K03-S03,Marmara Enginar Konservesi Standart,8690000518012,Kavanoz,10,20,30,100
B1,Konserve,7,3,4,B1-M07-K03-S04,Usta Enginar Konservesi Standart,8690000518029,Kavanoz,10,30,40,100
B1,Konserve,7,3,5,B1-M07-K03-S05,Lezzet Enginar Konservesi Standart,8690000518036,Kavanoz,10,40,50,100
B1,Konserve,7,3,6,B1-M07-K03-S06,Günlük Enginar Konservesi Standart,8690000518043,Kavanoz,10,50,60,100
B1,Konserve,7,3,7,B1-M07-K03-S07,Evimiz Enginar Konservesi Standart,8690000518050,Kavanoz,10,60,70,100
B1,Konserve,7,3,8,B1-M07-K03-S08,Doğa Enginar Konservesi Standart,8690000518067,Kavanoz,10,70,80,100
B1,Konserve,7,3,9,B1-M07-K03-S09,Premium Enginar Konservesi Standart,8690000518074,Kavanoz,10,80,90,100
B1,Konserve,7,3,10,B1-M07-K03-S10,Emigro Enginar Konservesi Standart,8690000518081,Kavanoz,10,90,100,100
B1,Konserve,7,4,1,B1-M07-K04-S01,Bereket Enginar Konservesi Orta,8690000518098,Kavanoz,9,0,9,99
B1,Konserve,7,4,2,B1-M07-K04-S02,Marmara Enginar Konservesi Orta,8690000518104,Kavanoz,9,9,18,99
B1,Konserve,7,4,3,B1-M07-K04-S03,Usta Enginar Konservesi Orta,8690000518111,Kavanoz,9,18,27,99
B1,Konserve,7,4,4,B1-M07-K04-S04,Lezzet Enginar Konservesi Orta,8690000518128,Kavanoz,9,27,36,99
B1,Konserve,7,4,5,B1-M07-K04-S05,Günlük Enginar Konservesi Orta,8690000518135,Kavanoz,9,36,45,99
B1,Konserve,7,4,6,B1-M07-K04-S06,Evimiz Enginar Konservesi Orta,8690000518142,Kavanoz,9,45,54,99
B1,Konserve,7,4,7,B1-M07-K04-S07,Doğa Enginar Konservesi Orta,8690000518159,Kavanoz,9,54,63,99
B1,Konserve,7,4,8,B1-M07-K04-S08,Premium Enginar Konservesi Orta,8690000518166,Kavanoz,9,63,72,99
B1,Konserve,7,4,9,B1-M07-K04-S09,Emigro Enginar Konservesi Orta,8690000518173,Kavanoz,9,72,81,99
B1,Konserve,7,4,10,B1-M07-K04-S10,Anadolu Enginar Konservesi Orta,8690000518180,Kavanoz,9,81,90,99
B1,Konserve,7,4,11,B1-M07-K04-S11,Bereket Enginar Konservesi Orta,8690000518197,Kavanoz,9,90,99,99
B1,Konserve,7,5,1,B1-M07-K05-S01,Marmara Enginar Konservesi Küçük,8690000518203,Kavanoz,8,0,8,96
B1,Konserve,7,5,2,B1-M07-K05-S02,Usta Enginar Konservesi Küçük,8690000518210,Kavanoz,8,8,16,96
B1,Konserve,7,5,3,B1-M07-K05-S03,Lezzet Enginar Konservesi Küçük,8690000518227,Kavanoz,8,16,24,96
B1,Konserve,7,5,4,B1-M07-K05-S04,Günlük Enginar Konservesi Küçük,8690000518234,Kavanoz,8,24,32,96
B1,Konserve,7,5,5,B1-M07-K05-S05,Evimiz Enginar Konservesi Küçük,8690000518241,Kavanoz,8,32,40,96
B1,Konserve,7,5,6,B1-M07-K05-S06,Doğa Enginar Konservesi Küçük,8690000518258,Kavanoz,8,40,48,96
B1,Konserve,7,5,7,B1-M07-K05-S07,Premium Enginar Konservesi Küçük,8690000518265,Kavanoz,8,48,56,96
B1,Konserve,7,5,8,B1-M07-K05-S08,Emigro Enginar Konservesi Küçük,8690000518272,Kavanoz,8,56,64,96
B1,Konserve,7,5,9,B1-M07-K05-S09,Anadolu Enginar Konservesi Küçük,8690000518289,Kavanoz,8,64,72,96
B1,Konserve,7,5,10,B1-M07-K05-S10,Bereket Enginar Konservesi Küçük,8690000518296,Kavanoz,8,72,80,96
B1,Konserve,7,5,11,B1-M07-K05-S11,Marmara Enginar Konservesi Küçük,8690000518302,Kavanoz,8,80,88,96
B1,Konserve,7,5,12,B1-M07-K05-S12,Usta Enginar Konservesi Küçük,8690000518319,Kavanoz,8,88,96,96
B1,Konserve,7,6,1,B1-M07-K06-S01,Usta Enginar Konservesi Mini,8690000518326,Kavanoz,7,0,7,98
B1,Konserve,7,6,2,B1-M07-K06-S02,Lezzet Enginar Konservesi Mini,8690000518333,Kavanoz,7,7,14,98
B1,Konserve,7,6,3,B1-M07-K06-S03,Günlük Enginar Konservesi Mini,8690000518340,Kavanoz,7,14,21,98
B1,Konserve,7,6,4,B1-M07-K06-S04,Evimiz Enginar Konservesi Mini,8690000518357,Kavanoz,7,21,28,98
B1,Konserve,7,6,5,B1-M07-K06-S05,Doğa Enginar Konservesi Mini,8690000518364,Kavanoz,7,28,35,98
B1,Konserve,7,6,6,B1-M07-K06-S06,Premium Enginar Konservesi Mini,8690000518371,Kavanoz,7,35,42,98
B1,Konserve,7,6,7,B1-M07-K06-S07,Emigro Enginar Konservesi Mini,8690000518388,Kavanoz,7,42,49,98
B1,Konserve,7,6,8,B1-M07-K06-S08,Anadolu Enginar Konservesi Mini,8690000518395,Kavanoz,7,49,56,98
B1,Konserve,7,6,9,B1-M07-K06-S09,Bereket Enginar Konservesi Mini,8690000518401,Kavanoz,7,56,63,98
B1,Konserve,7,6,10,B1-M07-K06-S10,Marmara Enginar Konservesi Mini,8690000518418,Kavanoz,7,63,70,98
B1,Konserve,7,6,11,B1-M07-K06-S11,Usta Enginar Konservesi Mini,8690000518425,Kavanoz,7,70,77,98
B1,Konserve,7,6,12,B1-M07-K06-S12,Lezzet Enginar Konservesi Mini,8690000518432,Kavanoz,7,77,84,98
B1,Konserve,7,6,13,B1-M07-K06-S13,Günlük Enginar Konservesi Mini,8690000518449,Kavanoz,7,84,91,98
B1,Konserve,7,6,14,B1-M07-K06-S14,Evimiz Enginar Konservesi Mini,8690000518456,Kavanoz,7,91,98,98
B1,Konserve,8,1,1,B1-M08-K01-S01,Emigro Mantar Konservesi XL,8690000518463,Kavanoz,10,0,10,100
B1,Konserve,8,1,2,B1-M08-K01-S02,Anadolu Mantar Konservesi XL,8690000518470,Kavanoz,10,10,20,100
B1,Konserve,8,1,3,B1-M08-K01-S03,Bereket Mantar Konservesi XL,8690000518487,Kavanoz,10,20,30,100
B1,Konserve,8,1,4,B1-M08-K01-S04,Marmara Mantar Konservesi XL,8690000518494,Kavanoz,10,30,40,100
B1,Konserve,8,1,5,B1-M08-K01-S05,Usta Mantar Konservesi XL,8690000518500,Kavanoz,10,40,50,100
B1,Konserve,8,1,6,B1-M08-K01-S06,Lezzet Mantar Konservesi XL,8690000518517,Kavanoz,10,50,60,100
B1,Konserve,8,1,7,B1-M08-K01-S07,Günlük Mantar Konservesi XL,8690000518524,Kavanoz,10,60,70,100
B1,Konserve,8,1,8,B1-M08-K01-S08,Evimiz Mantar Konservesi XL,8690000518531,Kavanoz,10,70,80,100
B1,Konserve,8,1,9,B1-M08-K01-S09,Doğa Mantar Konservesi XL,8690000518548,Kavanoz,10,80,90,100
B1,Konserve,8,1,10,B1-M08-K01-S10,Premium Mantar Konservesi XL,8690000518555,Kavanoz,10,90,100,100
B1,Konserve,8,2,1,B1-M08-K02-S01,Anadolu Mantar Konservesi Büyük,8690000518562,Kavanoz,9,0,9,99
B1,Konserve,8,2,2,B1-M08-K02-S02,Bereket Mantar Konservesi Büyük,8690000518579,Kavanoz,9,9,18,99
B1,Konserve,8,2,3,B1-M08-K02-S03,Marmara Mantar Konservesi Büyük,8690000518586,Kavanoz,9,18,27,99
B1,Konserve,8,2,4,B1-M08-K02-S04,Usta Mantar Konservesi Büyük,8690000518593,Kavanoz,9,27,36,99
B1,Konserve,8,2,5,B1-M08-K02-S05,Lezzet Mantar Konservesi Büyük,8690000518609,Kavanoz,9,36,45,99
B1,Konserve,8,2,6,B1-M08-K02-S06,Günlük Mantar Konservesi Büyük,8690000518616,Kavanoz,9,45,54,99
B1,Konserve,8,2,7,B1-M08-K02-S07,Evimiz Mantar Konservesi Büyük,8690000518623,Kavanoz,9,54,63,99
B1,Konserve,8,2,8,B1-M08-K02-S08,Doğa Mantar Konservesi Büyük,8690000518630,Kavanoz,9,63,72,99
B1,Konserve,8,2,9,B1-M08-K02-S09,Premium Mantar Konservesi Büyük,8690000518647,Kavanoz,9,72,81,99
B1,Konserve,8,2,10,B1-M08-K02-S10,Emigro Mantar Konservesi Büyük,8690000518654,Kavanoz,9,81,90,99
B1,Konserve,8,2,11,B1-M08-K02-S11,Anadolu Mantar Konservesi Büyük,8690000518661,Kavanoz,9,90,99,99
B1,Konserve,8,3,1,B1-M08-K03-S01,Bereket Mantar Konservesi Standart,8690000518678,Kavanoz,8,0,8,96
B1,Konserve,8,3,2,B1-M08-K03-S02,Marmara Mantar Konservesi Standart,8690000518685,Kavanoz,8,8,16,96
B1,Konserve,8,3,3,B1-M08-K03-S03,Usta Mantar Konservesi Standart,8690000518692,Kavanoz,8,16,24,96
B1,Konserve,8,3,4,B1-M08-K03-S04,Lezzet Mantar Konservesi Standart,8690000518708,Kavanoz,8,24,32,96
B1,Konserve,8,3,5,B1-M08-K03-S05,Günlük Mantar Konservesi Standart,8690000518715,Kavanoz,8,32,40,96
B1,Konserve,8,3,6,B1-M08-K03-S06,Evimiz Mantar Konservesi Standart,8690000518722,Kavanoz,8,40,48,96
B1,Konserve,8,3,7,B1-M08-K03-S07,Doğa Mantar Konservesi Standart,8690000518739,Kavanoz,8,48,56,96
B1,Konserve,8,3,8,B1-M08-K03-S08,Premium Mantar Konservesi Standart,8690000518746,Kavanoz,8,56,64,96
B1,Konserve,8,3,9,B1-M08-K03-S09,Emigro Mantar Konservesi Standart,8690000518753,Kavanoz,8,64,72,96
B1,Konserve,8,3,10,B1-M08-K03-S10,Anadolu Mantar Konservesi Standart,8690000518760,Kavanoz,8,72,80,96
B1,Konserve,8,3,11,B1-M08-K03-S11,Bereket Mantar Konservesi Standart,8690000518777,Kavanoz,8,80,88,96
B1,Konserve,8,3,12,B1-M08-K03-S12,Marmara Mantar Konservesi Standart,8690000518784,Kavanoz,8,88,96,96
B1,Konserve,8,4,1,B1-M08-K04-S01,Marmara Mantar Konservesi Orta,8690000518791,Kavanoz,7,0,7,98
B1,Konserve,8,4,2,B1-M08-K04-S02,Usta Mantar Konservesi Orta,8690000518807,Kavanoz,7,7,14,98
B1,Konserve,8,4,3,B1-M08-K04-S03,Lezzet Mantar Konservesi Orta,8690000518814,Kavanoz,7,14,21,98
B1,Konserve,8,4,4,B1-M08-K04-S04,Günlük Mantar Konservesi Orta,8690000518821,Kavanoz,7,21,28,98
B1,Konserve,8,4,5,B1-M08-K04-S05,Evimiz Mantar Konservesi Orta,8690000518838,Kavanoz,7,28,35,98
B1,Konserve,8,4,6,B1-M08-K04-S06,Doğa Mantar Konservesi Orta,8690000518845,Kavanoz,7,35,42,98
B1,Konserve,8,4,7,B1-M08-K04-S07,Premium Mantar Konservesi Orta,8690000518852,Kavanoz,7,42,49,98
B1,Konserve,8,4,8,B1-M08-K04-S08,Emigro Mantar Konservesi Orta,8690000518869,Kavanoz,7,49,56,98
B1,Konserve,8,4,9,B1-M08-K04-S09,Anadolu Mantar Konservesi Orta,8690000518876,Kavanoz,7,56,63,98
B1,Konserve,8,4,10,B1-M08-K04-S10,Bereket Mantar Konservesi Orta,8690000518883,Kavanoz,7,63,70,98
B1,Konserve,8,4,11,B1-M08-K04-S11,Marmara Mantar Konservesi Orta,8690000518890,Kavanoz,7,70,77,98
B1,Konserve,8,4,12,B1-M08-K04-S12,Usta Mantar Konservesi Orta,8690000518906,Kavanoz,7,77,84,98
B1,Konserve,8,4,13,B1-M08-K04-S13,Lezzet Mantar Konservesi Orta,8690000518913,Kavanoz,7,84,91,98
B1,Konserve,8,4,14,B1-M08-K04-S14,Günlük Mantar Konservesi Orta,8690000518920,Kavanoz,7,91,98,98
B1,Konserve,8,5,1,B1-M08-K05-S01,Usta Mantar Konservesi Küçük,8690000518937,Kavanoz,6,0,6,96
B1,Konserve,8,5,2,B1-M08-K05-S02,Lezzet Mantar Konservesi Küçük,8690000518944,Kavanoz,6,6,12,96
B1,Konserve,8,5,3,B1-M08-K05-S03,Günlük Mantar Konservesi Küçük,8690000518951,Kavanoz,6,12,18,96
B1,Konserve,8,5,4,B1-M08-K05-S04,Evimiz Mantar Konservesi Küçük,8690000518968,Kavanoz,6,18,24,96
B1,Konserve,8,5,5,B1-M08-K05-S05,Doğa Mantar Konservesi Küçük,8690000518975,Kavanoz,6,24,30,96
B1,Konserve,8,5,6,B1-M08-K05-S06,Premium Mantar Konservesi Küçük,8690000518982,Kavanoz,6,30,36,96
B1,Konserve,8,5,7,B1-M08-K05-S07,Emigro Mantar Konservesi Küçük,8690000518999,Kavanoz,6,36,42,96
B1,Konserve,8,5,8,B1-M08-K05-S08,Anadolu Mantar Konservesi Küçük,8690000519002,Kavanoz,6,42,48,96
B1,Konserve,8,5,9,B1-M08-K05-S09,Bereket Mantar Konservesi Küçük,8690000519019,Kavanoz,6,48,54,96
B1,Konserve,8,5,10,B1-M08-K05-S10,Marmara Mantar Konservesi Küçük,8690000519026,Kavanoz,6,54,60,96
B1,Konserve,8,5,11,B1-M08-K05-S11,Usta Mantar Konservesi Küçük,8690000519033,Kavanoz,6,60,66,96
B1,Konserve,8,5,12,B1-M08-K05-S12,Lezzet Mantar Konservesi Küçük,8690000519040,Kavanoz,6,66,72,96
B1,Konserve,8,5,13,B1-M08-K05-S13,Günlük Mantar Konservesi Küçük,8690000519057,Kavanoz,6,72,78,96
B1,Konserve,8,5,14,B1-M08-K05-S14,Evimiz Mantar Konservesi Küçük,8690000519064,Kavanoz,6,78,84,96
B1,Konserve,8,5,15,B1-M08-K05-S15,Doğa Mantar Konservesi Küçük,8690000519071,Kavanoz,6,84,90,96
B1,Konserve,8,5,16,B1-M08-K05-S16,Premium Mantar Konservesi Küçük,8690000519088,Kavanoz,6,90,96,96
B1,Konserve,8,6,1,B1-M08-K06-S01,Lezzet Mantar Konservesi Mini,8690000519095,Kavanoz,6,0,6,96
B1,Konserve,8,6,2,B1-M08-K06-S02,Günlük Mantar Konservesi Mini,8690000519101,Kavanoz,6,6,12,96
B1,Konserve,8,6,3,B1-M08-K06-S03,Evimiz Mantar Konservesi Mini,8690000519118,Kavanoz,6,12,18,96
B1,Konserve,8,6,4,B1-M08-K06-S04,Doğa Mantar Konservesi Mini,8690000519125,Kavanoz,6,18,24,96
B1,Konserve,8,6,5,B1-M08-K06-S05,Premium Mantar Konservesi Mini,8690000519132,Kavanoz,6,24,30,96
B1,Konserve,8,6,6,B1-M08-K06-S06,Emigro Mantar Konservesi Mini,8690000519149,Kavanoz,6,30,36,96
B1,Konserve,8,6,7,B1-M08-K06-S07,Anadolu Mantar Konservesi Mini,8690000519156,Kavanoz,6,36,42,96
B1,Konserve,8,6,8,B1-M08-K06-S08,Bereket Mantar Konservesi Mini,8690000519163,Kavanoz,6,42,48,96
B1,Konserve,8,6,9,B1-M08-K06-S09,Marmara Mantar Konservesi Mini,8690000519170,Kavanoz,6,48,54,96
B1,Konserve,8,6,10,B1-M08-K06-S10,Usta Mantar Konservesi Mini,8690000519187,Kavanoz,6,54,60,96
B1,Konserve,8,6,11,B1-M08-K06-S11,Lezzet Mantar Konservesi Mini,8690000519194,Kavanoz,6,60,66,96
B1,Konserve,8,6,12,B1-M08-K06-S12,Günlük Mantar Konservesi Mini,8690000519200,Kavanoz,6,66,72,96
B1,Konserve,8,6,13,B1-M08-K06-S13,Evimiz Mantar Konservesi Mini,8690000519217,Kavanoz,6,72,78,96
B1,Konserve,8,6,14,B1-M08-K06-S14,Doğa Mantar Konservesi Mini,8690000519224,Kavanoz,6,78,84,96
B1,Konserve,8,6,15,B1-M08-K06-S15,Premium Mantar Konservesi Mini,8690000519231,Kavanoz,6,84,90,96
B1,Konserve,8,6,16,B1-M08-K06-S16,Emigro Mantar Konservesi Mini,8690000519248,Kavanoz,6,90,96,96
B1,Konserve,9,1,1,B1-M09-K01-S01,Anadolu Ton Balığı XL,8690000519255,Kutu,9,0,9,99
B1,Konserve,9,1,2,B1-M09-K01-S02,Bereket Ton Balığı XL,8690000519262,Kutu,9,9,18,99
B1,Konserve,9,1,3,B1-M09-K01-S03,Marmara Ton Balığı XL,8690000519279,Kutu,9,18,27,99
B1,Konserve,9,1,4,B1-M09-K01-S04,Usta Ton Balığı XL,8690000519286,Kutu,9,27,36,99
B1,Konserve,9,1,5,B1-M09-K01-S05,Lezzet Ton Balığı XL,8690000519293,Kutu,9,36,45,99
B1,Konserve,9,1,6,B1-M09-K01-S06,Günlük Ton Balığı XL,8690000519309,Kutu,9,45,54,99
B1,Konserve,9,1,7,B1-M09-K01-S07,Evimiz Ton Balığı XL,8690000519316,Kutu,9,54,63,99
B1,Konserve,9,1,8,B1-M09-K01-S08,Doğa Ton Balığı XL,8690000519323,Kutu,9,63,72,99
B1,Konserve,9,1,9,B1-M09-K01-S09,Premium Ton Balığı XL,8690000519330,Kutu,9,72,81,99
B1,Konserve,9,1,10,B1-M09-K01-S10,Emigro Ton Balığı XL,8690000519347,Kutu,9,81,90,99
B1,Konserve,9,1,11,B1-M09-K01-S11,Anadolu Ton Balığı XL,8690000519354,Kutu,9,90,99,99
B1,Konserve,9,2,1,B1-M09-K02-S01,Bereket Ton Balığı Büyük,8690000519361,Kutu,8,0,8,96
B1,Konserve,9,2,2,B1-M09-K02-S02,Marmara Ton Balığı Büyük,8690000519378,Kutu,8,8,16,96
B1,Konserve,9,2,3,B1-M09-K02-S03,Usta Ton Balığı Büyük,8690000519385,Kutu,8,16,24,96
B1,Konserve,9,2,4,B1-M09-K02-S04,Lezzet Ton Balığı Büyük,8690000519392,Kutu,8,24,32,96
B1,Konserve,9,2,5,B1-M09-K02-S05,Günlük Ton Balığı Büyük,8690000519408,Kutu,8,32,40,96
B1,Konserve,9,2,6,B1-M09-K02-S06,Evimiz Ton Balığı Büyük,8690000519415,Kutu,8,40,48,96
B1,Konserve,9,2,7,B1-M09-K02-S07,Doğa Ton Balığı Büyük,8690000519422,Kutu,8,48,56,96
B1,Konserve,9,2,8,B1-M09-K02-S08,Premium Ton Balığı Büyük,8690000519439,Kutu,8,56,64,96
B1,Konserve,9,2,9,B1-M09-K02-S09,Emigro Ton Balığı Büyük,8690000519446,Kutu,8,64,72,96
B1,Konserve,9,2,10,B1-M09-K02-S10,Anadolu Ton Balığı Büyük,8690000519453,Kutu,8,72,80,96
B1,Konserve,9,2,11,B1-M09-K02-S11,Bereket Ton Balığı Büyük,8690000519460,Kutu,8,80,88,96
B1,Konserve,9,2,12,B1-M09-K02-S12,Marmara Ton Balığı Büyük,8690000519477,Kutu,8,88,96,96
B1,Konserve,9,3,1,B1-M09-K03-S01,Marmara Ton Balığı Standart,8690000519484,Kutu,7,0,7,98
B1,Konserve,9,3,2,B1-M09-K03-S02,Usta Ton Balığı Standart,8690000519491,Kutu,7,7,14,98
B1,Konserve,9,3,3,B1-M09-K03-S03,Lezzet Ton Balığı Standart,8690000519507,Kutu,7,14,21,98
B1,Konserve,9,3,4,B1-M09-K03-S04,Günlük Ton Balığı Standart,8690000519514,Kutu,7,21,28,98
B1,Konserve,9,3,5,B1-M09-K03-S05,Evimiz Ton Balığı Standart,8690000519521,Kutu,7,28,35,98
B1,Konserve,9,3,6,B1-M09-K03-S06,Doğa Ton Balığı Standart,8690000519538,Kutu,7,35,42,98
B1,Konserve,9,3,7,B1-M09-K03-S07,Premium Ton Balığı Standart,8690000519545,Kutu,7,42,49,98
B1,Konserve,9,3,8,B1-M09-K03-S08,Emigro Ton Balığı Standart,8690000519552,Kutu,7,49,56,98
B1,Konserve,9,3,9,B1-M09-K03-S09,Anadolu Ton Balığı Standart,8690000519569,Kutu,7,56,63,98
B1,Konserve,9,3,10,B1-M09-K03-S10,Bereket Ton Balığı Standart,8690000519576,Kutu,7,63,70,98
B1,Konserve,9,3,11,B1-M09-K03-S11,Marmara Ton Balığı Standart,8690000519583,Kutu,7,70,77,98
B1,Konserve,9,3,12,B1-M09-K03-S12,Usta Ton Balığı Standart,8690000519590,Kutu,7,77,84,98
B1,Konserve,9,3,13,B1-M09-K03-S13,Lezzet Ton Balığı Standart,8690000519606,Kutu,7,84,91,98
B1,Konserve,9,3,14,B1-M09-K03-S14,Günlük Ton Balığı Standart,8690000519613,Kutu,7,91,98,98
B1,Konserve,9,4,1,B1-M09-K04-S01,Usta Ton Balığı Orta,8690000519620,Kutu,6,0,6,96
B1,Konserve,9,4,2,B1-M09-K04-S02,Lezzet Ton Balığı Orta,8690000519637,Kutu,6,6,12,96
B1,Konserve,9,4,3,B1-M09-K04-S03,Günlük Ton Balığı Orta,8690000519644,Kutu,6,12,18,96
B1,Konserve,9,4,4,B1-M09-K04-S04,Evimiz Ton Balığı Orta,8690000519651,Kutu,6,18,24,96
B1,Konserve,9,4,5,B1-M09-K04-S05,Doğa Ton Balığı Orta,8690000519668,Kutu,6,24,30,96
B1,Konserve,9,4,6,B1-M09-K04-S06,Premium Ton Balığı Orta,8690000519675,Kutu,6,30,36,96
B1,Konserve,9,4,7,B1-M09-K04-S07,Emigro Ton Balığı Orta,8690000519682,Kutu,6,36,42,96
B1,Konserve,9,4,8,B1-M09-K04-S08,Anadolu Ton Balığı Orta,8690000519699,Kutu,6,42,48,96
B1,Konserve,9,4,9,B1-M09-K04-S09,Bereket Ton Balığı Orta,8690000519705,Kutu,6,48,54,96
B1,Konserve,9,4,10,B1-M09-K04-S10,Marmara Ton Balığı Orta,8690000519712,Kutu,6,54,60,96
B1,Konserve,9,4,11,B1-M09-K04-S11,Usta Ton Balığı Orta,8690000519729,Kutu,6,60,66,96
B1,Konserve,9,4,12,B1-M09-K04-S12,Lezzet Ton Balığı Orta,8690000519736,Kutu,6,66,72,96
B1,Konserve,9,4,13,B1-M09-K04-S13,Günlük Ton Balığı Orta,8690000519743,Kutu,6,72,78,96
B1,Konserve,9,4,14,B1-M09-K04-S14,Evimiz Ton Balığı Orta,8690000519750,Kutu,6,78,84,96
B1,Konserve,9,4,15,B1-M09-K04-S15,Doğa Ton Balığı Orta,8690000519767,Kutu,6,84,90,96
B1,Konserve,9,4,16,B1-M09-K04-S16,Premium Ton Balığı Orta,8690000519774,Kutu,6,90,96,96
B1,Konserve,9,5,1,B1-M09-K05-S01,Lezzet Ton Balığı Küçük,8690000519781,Kutu,6,0,6,96
B1,Konserve,9,5,2,B1-M09-K05-S02,Günlük Ton Balığı Küçük,8690000519798,Kutu,6,6,12,96
B1,Konserve,9,5,3,B1-M09-K05-S03,Evimiz Ton Balığı Küçük,8690000519804,Kutu,6,12,18,96
B1,Konserve,9,5,4,B1-M09-K05-S04,Doğa Ton Balığı Küçük,8690000519811,Kutu,6,18,24,96
B1,Konserve,9,5,5,B1-M09-K05-S05,Premium Ton Balığı Küçük,8690000519828,Kutu,6,24,30,96
B1,Konserve,9,5,6,B1-M09-K05-S06,Emigro Ton Balığı Küçük,8690000519835,Kutu,6,30,36,96
B1,Konserve,9,5,7,B1-M09-K05-S07,Anadolu Ton Balığı Küçük,8690000519842,Kutu,6,36,42,96
B1,Konserve,9,5,8,B1-M09-K05-S08,Bereket Ton Balığı Küçük,8690000519859,Kutu,6,42,48,96
B1,Konserve,9,5,9,B1-M09-K05-S09,Marmara Ton Balığı Küçük,8690000519866,Kutu,6,48,54,96
B1,Konserve,9,5,10,B1-M09-K05-S10,Usta Ton Balığı Küçük,8690000519873,Kutu,6,54,60,96
B1,Konserve,9,5,11,B1-M09-K05-S11,Lezzet Ton Balığı Küçük,8690000519880,Kutu,6,60,66,96
B1,Konserve,9,5,12,B1-M09-K05-S12,Günlük Ton Balığı Küçük,8690000519897,Kutu,6,66,72,96
B1,Konserve,9,5,13,B1-M09-K05-S13,Evimiz Ton Balığı Küçük,8690000519903,Kutu,6,72,78,96
B1,Konserve,9,5,14,B1-M09-K05-S14,Doğa Ton Balığı Küçük,8690000519910,Kutu,6,78,84,96
B1,Konserve,9,5,15,B1-M09-K05-S15,Premium Ton Balığı Küçük,8690000519927,Kutu,6,84,90,96
B1,Konserve,9,5,16,B1-M09-K05-S16,Emigro Ton Balığı Küçük,8690000519934,Kutu,6,90,96,96
B1,Konserve,9,6,1,B1-M09-K06-S01,Günlük Ton Balığı Mini,8690000519941,Kutu,5,0,5,100
B1,Konserve,9,6,2,B1-M09-K06-S02,Evimiz Ton Balığı Mini,8690000519958,Kutu,5,5,10,100
B1,Konserve,9,6,3,B1-M09-K06-S03,Doğa Ton Balığı Mini,8690000519965,Kutu,5,10,15,100
B1,Konserve,9,6,4,B1-M09-K06-S04,Premium Ton Balığı Mini,8690000519972,Kutu,5,15,20,100
B1,Konserve,9,6,5,B1-M09-K06-S05,Emigro Ton Balığı Mini,8690000519989,Kutu,5,20,25,100
B1,Konserve,9,6,6,B1-M09-K06-S06,Anadolu Ton Balığı Mini,8690000519996,Kutu,5,25,30,100
B1,Konserve,9,6,7,B1-M09-K06-S07,Bereket Ton Balığı Mini,8690000520008,Kutu,5,30,35,100
B1,Konserve,9,6,8,B1-M09-K06-S08,Marmara Ton Balığı Mini,8690000520015,Kutu,5,35,40,100
B1,Konserve,9,6,9,B1-M09-K06-S09,Usta Ton Balığı Mini,8690000520022,Kutu,5,40,45,100
B1,Konserve,9,6,10,B1-M09-K06-S10,Lezzet Ton Balığı Mini,8690000520039,Kutu,5,45,50,100
B1,Konserve,9,6,11,B1-M09-K06-S11,Günlük Ton Balığı Mini,8690000520046,Kutu,5,50,55,100
B1,Konserve,9,6,12,B1-M09-K06-S12,Evimiz Ton Balığı Mini,8690000520053,Kutu,5,55,60,100
B1,Konserve,9,6,13,B1-M09-K06-S13,Doğa Ton Balığı Mini,8690000520060,Kutu,5,60,65,100
B1,Konserve,9,6,14,B1-M09-K06-S14,Premium Ton Balığı Mini,8690000520077,Kutu,5,65,70,100
B1,Konserve,9,6,15,B1-M09-K06-S15,Emigro Ton Balığı Mini,8690000520084,Kutu,5,70,75,100
B1,Konserve,9,6,16,B1-M09-K06-S16,Anadolu Ton Balığı Mini,8690000520091,Kutu,5,75,80,100
B1,Konserve,9,6,17,B1-M09-K06-S17,Bereket Ton Balığı Mini,8690000520107,Kutu,5,80,85,100
B1,Konserve,9,6,18,B1-M09-K06-S18,Marmara Ton Balığı Mini,8690000520114,Kutu,5,85,90,100
B1,Konserve,9,6,19,B1-M09-K06-S19,Usta Ton Balığı Mini,8690000520121,Kutu,5,90,95,100
B1,Konserve,9,6,20,B1-M09-K06-S20,Lezzet Ton Balığı Mini,8690000520138,Kutu,5,95,100,100
B1,Konserve,10,1,1,B1-M10-K01-S01,Bereket Sardalya XL,8690000520145,Kutu,8,0,8,96
B1,Konserve,10,1,2,B1-M10-K01-S02,Marmara Sardalya XL,8690000520152,Kutu,8,8,16,96
B1,Konserve,10,1,3,B1-M10-K01-S03,Usta Sardalya XL,8690000520169,Kutu,8,16,24,96
B1,Konserve,10,1,4,B1-M10-K01-S04,Lezzet Sardalya XL,8690000520176,Kutu,8,24,32,96
B1,Konserve,10,1,5,B1-M10-K01-S05,Günlük Sardalya XL,8690000520183,Kutu,8,32,40,96
B1,Konserve,10,1,6,B1-M10-K01-S06,Evimiz Sardalya XL,8690000520190,Kutu,8,40,48,96
B1,Konserve,10,1,7,B1-M10-K01-S07,Doğa Sardalya XL,8690000520206,Kutu,8,48,56,96
B1,Konserve,10,1,8,B1-M10-K01-S08,Premium Sardalya XL,8690000520213,Kutu,8,56,64,96
B1,Konserve,10,1,9,B1-M10-K01-S09,Emigro Sardalya XL,8690000520220,Kutu,8,64,72,96
B1,Konserve,10,1,10,B1-M10-K01-S10,Anadolu Sardalya XL,8690000520237,Kutu,8,72,80,96
B1,Konserve,10,1,11,B1-M10-K01-S11,Bereket Sardalya XL,8690000520244,Kutu,8,80,88,96
B1,Konserve,10,1,12,B1-M10-K01-S12,Marmara Sardalya XL,8690000520251,Kutu,8,88,96,96
B1,Konserve,10,2,1,B1-M10-K02-S01,Marmara Sardalya Büyük,8690000520268,Kutu,7,0,7,98
B1,Konserve,10,2,2,B1-M10-K02-S02,Usta Sardalya Büyük,8690000520275,Kutu,7,7,14,98
B1,Konserve,10,2,3,B1-M10-K02-S03,Lezzet Sardalya Büyük,8690000520282,Kutu,7,14,21,98
B1,Konserve,10,2,4,B1-M10-K02-S04,Günlük Sardalya Büyük,8690000520299,Kutu,7,21,28,98
B1,Konserve,10,2,5,B1-M10-K02-S05,Evimiz Sardalya Büyük,8690000520305,Kutu,7,28,35,98
B1,Konserve,10,2,6,B1-M10-K02-S06,Doğa Sardalya Büyük,8690000520312,Kutu,7,35,42,98
B1,Konserve,10,2,7,B1-M10-K02-S07,Premium Sardalya Büyük,8690000520329,Kutu,7,42,49,98
B1,Konserve,10,2,8,B1-M10-K02-S08,Emigro Sardalya Büyük,8690000520336,Kutu,7,49,56,98
B1,Konserve,10,2,9,B1-M10-K02-S09,Anadolu Sardalya Büyük,8690000520343,Kutu,7,56,63,98
B1,Konserve,10,2,10,B1-M10-K02-S10,Bereket Sardalya Büyük,8690000520350,Kutu,7,63,70,98
B1,Konserve,10,2,11,B1-M10-K02-S11,Marmara Sardalya Büyük,8690000520367,Kutu,7,70,77,98
B1,Konserve,10,2,12,B1-M10-K02-S12,Usta Sardalya Büyük,8690000520374,Kutu,7,77,84,98
B1,Konserve,10,2,13,B1-M10-K02-S13,Lezzet Sardalya Büyük,8690000520381,Kutu,7,84,91,98
B1,Konserve,10,2,14,B1-M10-K02-S14,Günlük Sardalya Büyük,8690000520398,Kutu,7,91,98,98
B1,Konserve,10,3,1,B1-M10-K03-S01,Usta Sardalya Standart,8690000520404,Kutu,6,0,6,96
B1,Konserve,10,3,2,B1-M10-K03-S02,Lezzet Sardalya Standart,8690000520411,Kutu,6,6,12,96
B1,Konserve,10,3,3,B1-M10-K03-S03,Günlük Sardalya Standart,8690000520428,Kutu,6,12,18,96
B1,Konserve,10,3,4,B1-M10-K03-S04,Evimiz Sardalya Standart,8690000520435,Kutu,6,18,24,96
B1,Konserve,10,3,5,B1-M10-K03-S05,Doğa Sardalya Standart,8690000520442,Kutu,6,24,30,96
B1,Konserve,10,3,6,B1-M10-K03-S06,Premium Sardalya Standart,8690000520459,Kutu,6,30,36,96
B1,Konserve,10,3,7,B1-M10-K03-S07,Emigro Sardalya Standart,8690000520466,Kutu,6,36,42,96
B1,Konserve,10,3,8,B1-M10-K03-S08,Anadolu Sardalya Standart,8690000520473,Kutu,6,42,48,96
B1,Konserve,10,3,9,B1-M10-K03-S09,Bereket Sardalya Standart,8690000520480,Kutu,6,48,54,96
B1,Konserve,10,3,10,B1-M10-K03-S10,Marmara Sardalya Standart,8690000520497,Kutu,6,54,60,96
B1,Konserve,10,3,11,B1-M10-K03-S11,Usta Sardalya Standart,8690000520503,Kutu,6,60,66,96
B1,Konserve,10,3,12,B1-M10-K03-S12,Lezzet Sardalya Standart,8690000520510,Kutu,6,66,72,96
B1,Konserve,10,3,13,B1-M10-K03-S13,Günlük Sardalya Standart,8690000520527,Kutu,6,72,78,96
B1,Konserve,10,3,14,B1-M10-K03-S14,Evimiz Sardalya Standart,8690000520534,Kutu,6,78,84,96
B1,Konserve,10,3,15,B1-M10-K03-S15,Doğa Sardalya Standart,8690000520541,Kutu,6,84,90,96
B1,Konserve,10,3,16,B1-M10-K03-S16,Premium Sardalya Standart,8690000520558,Kutu,6,90,96,96
B1,Konserve,10,4,1,B1-M10-K04-S01,Lezzet Sardalya Orta,8690000520565,Kutu,5,0,5,100
B1,Konserve,10,4,2,B1-M10-K04-S02,Günlük Sardalya Orta,8690000520572,Kutu,5,5,10,100
B1,Konserve,10,4,3,B1-M10-K04-S03,Evimiz Sardalya Orta,8690000520589,Kutu,5,10,15,100
B1,Konserve,10,4,4,B1-M10-K04-S04,Doğa Sardalya Orta,8690000520596,Kutu,5,15,20,100
B1,Konserve,10,4,5,B1-M10-K04-S05,Premium Sardalya Orta,8690000520602,Kutu,5,20,25,100
B1,Konserve,10,4,6,B1-M10-K04-S06,Emigro Sardalya Orta,8690000520619,Kutu,5,25,30,100
B1,Konserve,10,4,7,B1-M10-K04-S07,Anadolu Sardalya Orta,8690000520626,Kutu,5,30,35,100
B1,Konserve,10,4,8,B1-M10-K04-S08,Bereket Sardalya Orta,8690000520633,Kutu,5,35,40,100
B1,Konserve,10,4,9,B1-M10-K04-S09,Marmara Sardalya Orta,8690000520640,Kutu,5,40,45,100
B1,Konserve,10,4,10,B1-M10-K04-S10,Usta Sardalya Orta,8690000520657,Kutu,5,45,50,100
B1,Konserve,10,4,11,B1-M10-K04-S11,Lezzet Sardalya Orta,8690000520664,Kutu,5,50,55,100
B1,Konserve,10,4,12,B1-M10-K04-S12,Günlük Sardalya Orta,8690000520671,Kutu,5,55,60,100
B1,Konserve,10,4,13,B1-M10-K04-S13,Evimiz Sardalya Orta,8690000520688,Kutu,5,60,65,100
B1,Konserve,10,4,14,B1-M10-K04-S14,Doğa Sardalya Orta,8690000520695,Kutu,5,65,70,100
B1,Konserve,10,4,15,B1-M10-K04-S15,Premium Sardalya Orta,8690000520701,Kutu,5,70,75,100
B1,Konserve,10,4,16,B1-M10-K04-S16,Emigro Sardalya Orta,8690000520718,Kutu,5,75,80,100
B1,Konserve,10,4,17,B1-M10-K04-S17,Anadolu Sardalya Orta,8690000520725,Kutu,5,80,85,100
B1,Konserve,10,4,18,B1-M10-K04-S18,Bereket Sardalya Orta,8690000520732,Kutu,5,85,90,100
B1,Konserve,10,4,19,B1-M10-K04-S19,Marmara Sardalya Orta,8690000520749,Kutu,5,90,95,100
B1,Konserve,10,4,20,B1-M10-K04-S20,Usta Sardalya Orta,8690000520756,Kutu,5,95,100,100
B1,Konserve,10,5,1,B1-M10-K05-S01,Günlük Sardalya Küçük,8690000520763,Kutu,5,0,5,100
B1,Konserve,10,5,2,B1-M10-K05-S02,Evimiz Sardalya Küçük,8690000520770,Kutu,5,5,10,100
B1,Konserve,10,5,3,B1-M10-K05-S03,Doğa Sardalya Küçük,8690000520787,Kutu,5,10,15,100
B1,Konserve,10,5,4,B1-M10-K05-S04,Premium Sardalya Küçük,8690000520794,Kutu,5,15,20,100
B1,Konserve,10,5,5,B1-M10-K05-S05,Emigro Sardalya Küçük,8690000520800,Kutu,5,20,25,100
B1,Konserve,10,5,6,B1-M10-K05-S06,Anadolu Sardalya Küçük,8690000520817,Kutu,5,25,30,100
B1,Konserve,10,5,7,B1-M10-K05-S07,Bereket Sardalya Küçük,8690000520824,Kutu,5,30,35,100
B1,Konserve,10,5,8,B1-M10-K05-S08,Marmara Sardalya Küçük,8690000520831,Kutu,5,35,40,100
B1,Konserve,10,5,9,B1-M10-K05-S09,Usta Sardalya Küçük,8690000520848,Kutu,5,40,45,100
B1,Konserve,10,5,10,B1-M10-K05-S10,Lezzet Sardalya Küçük,8690000520855,Kutu,5,45,50,100
B1,Konserve,10,5,11,B1-M10-K05-S11,Günlük Sardalya Küçük,8690000520862,Kutu,5,50,55,100
B1,Konserve,10,5,12,B1-M10-K05-S12,Evimiz Sardalya Küçük,8690000520879,Kutu,5,55,60,100
B1,Konserve,10,5,13,B1-M10-K05-S13,Doğa Sardalya Küçük,8690000520886,Kutu,5,60,65,100
B1,Konserve,10,5,14,B1-M10-K05-S14,Premium Sardalya Küçük,8690000520893,Kutu,5,65,70,100
B1,Konserve,10,5,15,B1-M10-K05-S15,Emigro Sardalya Küçük,8690000520909,Kutu,5,70,75,100
B1,Konserve,10,5,16,B1-M10-K05-S16,Anadolu Sardalya Küçük,8690000520916,Kutu,5,75,80,100
B1,Konserve,10,5,17,B1-M10-K05-S17,Bereket Sardalya Küçük,8690000520923,Kutu,5,80,85,100
B1,Konserve,10,5,18,B1-M10-K05-S18,Marmara Sardalya Küçük,8690000520930,Kutu,5,85,90,100
B1,Konserve,10,5,19,B1-M10-K05-S19,Usta Sardalya Küçük,8690000520947,Kutu,5,90,95,100
B1,Konserve,10,5,20,B1-M10-K05-S20,Lezzet Sardalya Küçük,8690000520954,Kutu,5,95,100,100
B1,Konserve,10,6,1,B1-M10-K06-S01,Evimiz Sardalya Mini,8690000520961,Kutu,4,0,4,100
B1,Konserve,10,6,2,B1-M10-K06-S02,Doğa Sardalya Mini,8690000520978,Kutu,4,4,8,100
B1,Konserve,10,6,3,B1-M10-K06-S03,Premium Sardalya Mini,8690000520985,Kutu,4,8,12,100
B1,Konserve,10,6,4,B1-M10-K06-S04,Emigro Sardalya Mini,8690000520992,Kutu,4,12,16,100
B1,Konserve,10,6,5,B1-M10-K06-S05,Anadolu Sardalya Mini,8690000521005,Kutu,4,16,20,100
B1,Konserve,10,6,6,B1-M10-K06-S06,Bereket Sardalya Mini,8690000521012,Kutu,4,20,24,100
B1,Konserve,10,6,7,B1-M10-K06-S07,Marmara Sardalya Mini,8690000521029,Kutu,4,24,28,100
B1,Konserve,10,6,8,B1-M10-K06-S08,Usta Sardalya Mini,8690000521036,Kutu,4,28,32,100
B1,Konserve,10,6,9,B1-M10-K06-S09,Lezzet Sardalya Mini,8690000521043,Kutu,4,32,36,100
B1,Konserve,10,6,10,B1-M10-K06-S10,Günlük Sardalya Mini,8690000521050,Kutu,4,36,40,100
B1,Konserve,10,6,11,B1-M10-K06-S11,Evimiz Sardalya Mini,8690000521067,Kutu,4,40,44,100
B1,Konserve,10,6,12,B1-M10-K06-S12,Doğa Sardalya Mini,8690000521074,Kutu,4,44,48,100
B1,Konserve,10,6,13,B1-M10-K06-S13,Premium Sardalya Mini,8690000521081,Kutu,4,48,52,100
B1,Konserve,10,6,14,B1-M10-K06-S14,Emigro Sardalya Mini,8690000521098,Kutu,4,52,56,100
B1,Konserve,10,6,15,B1-M10-K06-S15,Anadolu Sardalya Mini,8690000521104,Kutu,4,56,60,100
B1,Konserve,10,6,16,B1-M10-K06-S16,Bereket Sardalya Mini,8690000521111,Kutu,4,60,64,100
B1,Konserve,10,6,17,B1-M10-K06-S17,Marmara Sardalya Mini,8690000521128,Kutu,4,64,68,100
B1,Konserve,10,6,18,B1-M10-K06-S18,Usta Sardalya Mini,8690000521135,Kutu,4,68,72,100
B1,Konserve,10,6,19,B1-M10-K06-S19,Lezzet Sardalya Mini,8690000521142,Kutu,4,72,76,100
B1,Konserve,10,6,20,B1-M10-K06-S20,Günlük Sardalya Mini,8690000521159,Kutu,4,76,80,100
B1,Konserve,10,6,21,B1-M10-K06-S21,Evimiz Sardalya Mini,8690000521166,Kutu,4,80,84,100
B1,Konserve,10,6,22,B1-M10-K06-S22,Doğa Sardalya Mini,8690000521173,Kutu,4,84,88,100
B1,Konserve,10,6,23,B1-M10-K06-S23,Premium Sardalya Mini,8690000521180,Kutu,4,88,92,100
B1,Konserve,10,6,24,B1-M10-K06-S24,Emigro Sardalya Mini,8690000521197,Kutu,4,92,96,100
B1,Konserve,10,6,25,B1-M10-K06-S25,Anadolu Sardalya Mini,8690000521203,Kutu,4,96,100,100
B2,Sos ve Salça,1,1,1,B2-M01-K01-S01,Marmara Domates Salçası XL,8690000521210,Kavanoz,12,0,12,96
B2,Sos ve Salça,1,1,2,B2-M01-K01-S02,Usta Domates Salçası XL,8690000521227,Kavanoz,12,12,24,96
B2,Sos ve Salça,1,1,3,B2-M01-K01-S03,Lezzet Domates Salçası XL,8690000521234,Kavanoz,12,24,36,96
B2,Sos ve Salça,1,1,4,B2-M01-K01-S04,Günlük Domates Salçası XL,8690000521241,Kavanoz,12,36,48,96
B2,Sos ve Salça,1,1,5,B2-M01-K01-S05,Evimiz Domates Salçası XL,8690000521258,Kavanoz,12,48,60,96
B2,Sos ve Salça,1,1,6,B2-M01-K01-S06,Doğa Domates Salçası XL,8690000521265,Kavanoz,12,60,72,96
B2,Sos ve Salça,1,1,7,B2-M01-K01-S07,Premium Domates Salçası XL,8690000521272,Kavanoz,12,72,84,96
B2,Sos ve Salça,1,1,8,B2-M01-K01-S08,Emigro Domates Salçası XL,8690000521289,Kavanoz,12,84,96,96
B2,Sos ve Salça,1,2,1,B2-M01-K02-S01,Usta Domates Salçası Büyük,8690000521296,Kavanoz,12,0,12,96
B2,Sos ve Salça,1,2,2,B2-M01-K02-S02,Lezzet Domates Salçası Büyük,8690000521302,Kavanoz,12,12,24,96
B2,Sos ve Salça,1,2,3,B2-M01-K02-S03,Günlük Domates Salçası Büyük,8690000521319,Kavanoz,12,24,36,96
B2,Sos ve Salça,1,2,4,B2-M01-K02-S04,Evimiz Domates Salçası Büyük,8690000521326,Kavanoz,12,36,48,96
B2,Sos ve Salça,1,2,5,B2-M01-K02-S05,Doğa Domates Salçası Büyük,8690000521333,Kavanoz,12,48,60,96
B2,Sos ve Salça,1,2,6,B2-M01-K02-S06,Premium Domates Salçası Büyük,8690000521340,Kavanoz,12,60,72,96
B2,Sos ve Salça,1,2,7,B2-M01-K02-S07,Emigro Domates Salçası Büyük,8690000521357,Kavanoz,12,72,84,96
B2,Sos ve Salça,1,2,8,B2-M01-K02-S08,Anadolu Domates Salçası Büyük,8690000521364,Kavanoz,12,84,96,96
B2,Sos ve Salça,1,3,1,B2-M01-K03-S01,Lezzet Domates Salçası Standart,8690000521371,Kavanoz,10,0,10,100
B2,Sos ve Salça,1,3,2,B2-M01-K03-S02,Günlük Domates Salçası Standart,8690000521388,Kavanoz,10,10,20,100
B2,Sos ve Salça,1,3,3,B2-M01-K03-S03,Evimiz Domates Salçası Standart,8690000521395,Kavanoz,10,20,30,100
B2,Sos ve Salça,1,3,4,B2-M01-K03-S04,Doğa Domates Salçası Standart,8690000521401,Kavanoz,10,30,40,100
B2,Sos ve Salça,1,3,5,B2-M01-K03-S05,Premium Domates Salçası Standart,8690000521418,Kavanoz,10,40,50,100
B2,Sos ve Salça,1,3,6,B2-M01-K03-S06,Emigro Domates Salçası Standart,8690000521425,Kavanoz,10,50,60,100
B2,Sos ve Salça,1,3,7,B2-M01-K03-S07,Anadolu Domates Salçası Standart,8690000521432,Kavanoz,10,60,70,100
B2,Sos ve Salça,1,3,8,B2-M01-K03-S08,Bereket Domates Salçası Standart,8690000521449,Kavanoz,10,70,80,100
B2,Sos ve Salça,1,3,9,B2-M01-K03-S09,Marmara Domates Salçası Standart,8690000521456,Kavanoz,10,80,90,100
B2,Sos ve Salça,1,3,10,B2-M01-K03-S10,Usta Domates Salçası Standart,8690000521463,Kavanoz,10,90,100,100
B2,Sos ve Salça,1,4,1,B2-M01-K04-S01,Günlük Domates Salçası Orta,8690000521470,Kavanoz,9,0,9,99
B2,Sos ve Salça,1,4,2,B2-M01-K04-S02,Evimiz Domates Salçası Orta,8690000521487,Kavanoz,9,9,18,99
B2,Sos ve Salça,1,4,3,B2-M01-K04-S03,Doğa Domates Salçası Orta,8690000521494,Kavanoz,9,18,27,99
B2,Sos ve Salça,1,4,4,B2-M01-K04-S04,Premium Domates Salçası Orta,8690000521500,Kavanoz,9,27,36,99
B2,Sos ve Salça,1,4,5,B2-M01-K04-S05,Emigro Domates Salçası Orta,8690000521517,Kavanoz,9,36,45,99
B2,Sos ve Salça,1,4,6,B2-M01-K04-S06,Anadolu Domates Salçası Orta,8690000521524,Kavanoz,9,45,54,99
B2,Sos ve Salça,1,4,7,B2-M01-K04-S07,Bereket Domates Salçası Orta,8690000521531,Kavanoz,9,54,63,99
B2,Sos ve Salça,1,4,8,B2-M01-K04-S08,Marmara Domates Salçası Orta,8690000521548,Kavanoz,9,63,72,99
B2,Sos ve Salça,1,4,9,B2-M01-K04-S09,Usta Domates Salçası Orta,8690000521555,Kavanoz,9,72,81,99
B2,Sos ve Salça,1,4,10,B2-M01-K04-S10,Lezzet Domates Salçası Orta,8690000521562,Kavanoz,9,81,90,99
B2,Sos ve Salça,1,4,11,B2-M01-K04-S11,Günlük Domates Salçası Orta,8690000521579,Kavanoz,9,90,99,99
B2,Sos ve Salça,1,5,1,B2-M01-K05-S01,Evimiz Domates Salçası Küçük,8690000521586,Kavanoz,8,0,8,96
B2,Sos ve Salça,1,5,2,B2-M01-K05-S02,Doğa Domates Salçası Küçük,8690000521593,Kavanoz,8,8,16,96
B2,Sos ve Salça,1,5,3,B2-M01-K05-S03,Premium Domates Salçası Küçük,8690000521609,Kavanoz,8,16,24,96
B2,Sos ve Salça,1,5,4,B2-M01-K05-S04,Emigro Domates Salçası Küçük,8690000521616,Kavanoz,8,24,32,96
B2,Sos ve Salça,1,5,5,B2-M01-K05-S05,Anadolu Domates Salçası Küçük,8690000521623,Kavanoz,8,32,40,96
B2,Sos ve Salça,1,5,6,B2-M01-K05-S06,Bereket Domates Salçası Küçük,8690000521630,Kavanoz,8,40,48,96
B2,Sos ve Salça,1,5,7,B2-M01-K05-S07,Marmara Domates Salçası Küçük,8690000521647,Kavanoz,8,48,56,96
B2,Sos ve Salça,1,5,8,B2-M01-K05-S08,Usta Domates Salçası Küçük,8690000521654,Kavanoz,8,56,64,96
B2,Sos ve Salça,1,5,9,B2-M01-K05-S09,Lezzet Domates Salçası Küçük,8690000521661,Kavanoz,8,64,72,96
B2,Sos ve Salça,1,5,10,B2-M01-K05-S10,Günlük Domates Salçası Küçük,8690000521678,Kavanoz,8,72,80,96
B2,Sos ve Salça,1,5,11,B2-M01-K05-S11,Evimiz Domates Salçası Küçük,8690000521685,Kavanoz,8,80,88,96
B2,Sos ve Salça,1,5,12,B2-M01-K05-S12,Doğa Domates Salçası Küçük,8690000521692,Kavanoz,8,88,96,96
B2,Sos ve Salça,1,6,1,B2-M01-K06-S01,Doğa Domates Salçası Mini,8690000521708,Kavanoz,7,0,7,98
B2,Sos ve Salça,1,6,2,B2-M01-K06-S02,Premium Domates Salçası Mini,8690000521715,Kavanoz,7,7,14,98
B2,Sos ve Salça,1,6,3,B2-M01-K06-S03,Emigro Domates Salçası Mini,8690000521722,Kavanoz,7,14,21,98
B2,Sos ve Salça,1,6,4,B2-M01-K06-S04,Anadolu Domates Salçası Mini,8690000521739,Kavanoz,7,21,28,98
B2,Sos ve Salça,1,6,5,B2-M01-K06-S05,Bereket Domates Salçası Mini,8690000521746,Kavanoz,7,28,35,98
B2,Sos ve Salça,1,6,6,B2-M01-K06-S06,Marmara Domates Salçası Mini,8690000521753,Kavanoz,7,35,42,98
B2,Sos ve Salça,1,6,7,B2-M01-K06-S07,Usta Domates Salçası Mini,8690000521760,Kavanoz,7,42,49,98
B2,Sos ve Salça,1,6,8,B2-M01-K06-S08,Lezzet Domates Salçası Mini,8690000521777,Kavanoz,7,49,56,98
B2,Sos ve Salça,1,6,9,B2-M01-K06-S09,Günlük Domates Salçası Mini,8690000521784,Kavanoz,7,56,63,98
B2,Sos ve Salça,1,6,10,B2-M01-K06-S10,Evimiz Domates Salçası Mini,8690000521791,Kavanoz,7,63,70,98
B2,Sos ve Salça,1,6,11,B2-M01-K06-S11,Doğa Domates Salçası Mini,8690000521807,Kavanoz,7,70,77,98
B2,Sos ve Salça,1,6,12,B2-M01-K06-S12,Premium Domates Salçası Mini,8690000521814,Kavanoz,7,77,84,98
B2,Sos ve Salça,1,6,13,B2-M01-K06-S13,Emigro Domates Salçası Mini,8690000521821,Kavanoz,7,84,91,98
B2,Sos ve Salça,1,6,14,B2-M01-K06-S14,Anadolu Domates Salçası Mini,8690000521838,Kavanoz,7,91,98,98
B2,Sos ve Salça,2,1,1,B2-M02-K01-S01,Usta Biber Salçası XL,8690000521845,Kavanoz,12,0,12,96
B2,Sos ve Salça,2,1,2,B2-M02-K01-S02,Lezzet Biber Salçası XL,8690000521852,Kavanoz,12,12,24,96
B2,Sos ve Salça,2,1,3,B2-M02-K01-S03,Günlük Biber Salçası XL,8690000521869,Kavanoz,12,24,36,96
B2,Sos ve Salça,2,1,4,B2-M02-K01-S04,Evimiz Biber Salçası XL,8690000521876,Kavanoz,12,36,48,96
B2,Sos ve Salça,2,1,5,B2-M02-K01-S05,Doğa Biber Salçası XL,8690000521883,Kavanoz,12,48,60,96
B2,Sos ve Salça,2,1,6,B2-M02-K01-S06,Premium Biber Salçası XL,8690000521890,Kavanoz,12,60,72,96
B2,Sos ve Salça,2,1,7,B2-M02-K01-S07,Emigro Biber Salçası XL,8690000521906,Kavanoz,12,72,84,96
B2,Sos ve Salça,2,1,8,B2-M02-K01-S08,Anadolu Biber Salçası XL,8690000521913,Kavanoz,12,84,96,96
B2,Sos ve Salça,2,2,1,B2-M02-K02-S01,Lezzet Biber Salçası Büyük,8690000521920,Kavanoz,12,0,12,96
B2,Sos ve Salça,2,2,2,B2-M02-K02-S02,Günlük Biber Salçası Büyük,8690000521937,Kavanoz,12,12,24,96
B2,Sos ve Salça,2,2,3,B2-M02-K02-S03,Evimiz Biber Salçası Büyük,8690000521944,Kavanoz,12,24,36,96
B2,Sos ve Salça,2,2,4,B2-M02-K02-S04,Doğa Biber Salçası Büyük,8690000521951,Kavanoz,12,36,48,96
B2,Sos ve Salça,2,2,5,B2-M02-K02-S05,Premium Biber Salçası Büyük,8690000521968,Kavanoz,12,48,60,96
B2,Sos ve Salça,2,2,6,B2-M02-K02-S06,Emigro Biber Salçası Büyük,8690000521975,Kavanoz,12,60,72,96
B2,Sos ve Salça,2,2,7,B2-M02-K02-S07,Anadolu Biber Salçası Büyük,8690000521982,Kavanoz,12,72,84,96
B2,Sos ve Salça,2,2,8,B2-M02-K02-S08,Bereket Biber Salçası Büyük,8690000521999,Kavanoz,12,84,96,96
B2,Sos ve Salça,2,3,1,B2-M02-K03-S01,Günlük Biber Salçası Standart,8690000522002,Kavanoz,10,0,10,100
B2,Sos ve Salça,2,3,2,B2-M02-K03-S02,Evimiz Biber Salçası Standart,8690000522019,Kavanoz,10,10,20,100
B2,Sos ve Salça,2,3,3,B2-M02-K03-S03,Doğa Biber Salçası Standart,8690000522026,Kavanoz,10,20,30,100
B2,Sos ve Salça,2,3,4,B2-M02-K03-S04,Premium Biber Salçası Standart,8690000522033,Kavanoz,10,30,40,100
B2,Sos ve Salça,2,3,5,B2-M02-K03-S05,Emigro Biber Salçası Standart,8690000522040,Kavanoz,10,40,50,100
B2,Sos ve Salça,2,3,6,B2-M02-K03-S06,Anadolu Biber Salçası Standart,8690000522057,Kavanoz,10,50,60,100
B2,Sos ve Salça,2,3,7,B2-M02-K03-S07,Bereket Biber Salçası Standart,8690000522064,Kavanoz,10,60,70,100
B2,Sos ve Salça,2,3,8,B2-M02-K03-S08,Marmara Biber Salçası Standart,8690000522071,Kavanoz,10,70,80,100
B2,Sos ve Salça,2,3,9,B2-M02-K03-S09,Usta Biber Salçası Standart,8690000522088,Kavanoz,10,80,90,100
B2,Sos ve Salça,2,3,10,B2-M02-K03-S10,Lezzet Biber Salçası Standart,8690000522095,Kavanoz,10,90,100,100
B2,Sos ve Salça,2,4,1,B2-M02-K04-S01,Evimiz Biber Salçası Orta,8690000522101,Kavanoz,9,0,9,99
B2,Sos ve Salça,2,4,2,B2-M02-K04-S02,Doğa Biber Salçası Orta,8690000522118,Kavanoz,9,9,18,99
B2,Sos ve Salça,2,4,3,B2-M02-K04-S03,Premium Biber Salçası Orta,8690000522125,Kavanoz,9,18,27,99
B2,Sos ve Salça,2,4,4,B2-M02-K04-S04,Emigro Biber Salçası Orta,8690000522132,Kavanoz,9,27,36,99
B2,Sos ve Salça,2,4,5,B2-M02-K04-S05,Anadolu Biber Salçası Orta,8690000522149,Kavanoz,9,36,45,99
B2,Sos ve Salça,2,4,6,B2-M02-K04-S06,Bereket Biber Salçası Orta,8690000522156,Kavanoz,9,45,54,99
B2,Sos ve Salça,2,4,7,B2-M02-K04-S07,Marmara Biber Salçası Orta,8690000522163,Kavanoz,9,54,63,99
B2,Sos ve Salça,2,4,8,B2-M02-K04-S08,Usta Biber Salçası Orta,8690000522170,Kavanoz,9,63,72,99
B2,Sos ve Salça,2,4,9,B2-M02-K04-S09,Lezzet Biber Salçası Orta,8690000522187,Kavanoz,9,72,81,99
B2,Sos ve Salça,2,4,10,B2-M02-K04-S10,Günlük Biber Salçası Orta,8690000522194,Kavanoz,9,81,90,99
B2,Sos ve Salça,2,4,11,B2-M02-K04-S11,Evimiz Biber Salçası Orta,8690000522200,Kavanoz,9,90,99,99
B2,Sos ve Salça,2,5,1,B2-M02-K05-S01,Doğa Biber Salçası Küçük,8690000522217,Kavanoz,8,0,8,96
B2,Sos ve Salça,2,5,2,B2-M02-K05-S02,Premium Biber Salçası Küçük,8690000522224,Kavanoz,8,8,16,96
B2,Sos ve Salça,2,5,3,B2-M02-K05-S03,Emigro Biber Salçası Küçük,8690000522231,Kavanoz,8,16,24,96
B2,Sos ve Salça,2,5,4,B2-M02-K05-S04,Anadolu Biber Salçası Küçük,8690000522248,Kavanoz,8,24,32,96
B2,Sos ve Salça,2,5,5,B2-M02-K05-S05,Bereket Biber Salçası Küçük,8690000522255,Kavanoz,8,32,40,96
B2,Sos ve Salça,2,5,6,B2-M02-K05-S06,Marmara Biber Salçası Küçük,8690000522262,Kavanoz,8,40,48,96
B2,Sos ve Salça,2,5,7,B2-M02-K05-S07,Usta Biber Salçası Küçük,8690000522279,Kavanoz,8,48,56,96
B2,Sos ve Salça,2,5,8,B2-M02-K05-S08,Lezzet Biber Salçası Küçük,8690000522286,Kavanoz,8,56,64,96
B2,Sos ve Salça,2,5,9,B2-M02-K05-S09,Günlük Biber Salçası Küçük,8690000522293,Kavanoz,8,64,72,96
B2,Sos ve Salça,2,5,10,B2-M02-K05-S10,Evimiz Biber Salçası Küçük,8690000522309,Kavanoz,8,72,80,96
B2,Sos ve Salça,2,5,11,B2-M02-K05-S11,Doğa Biber Salçası Küçük,8690000522316,Kavanoz,8,80,88,96
B2,Sos ve Salça,2,5,12,B2-M02-K05-S12,Premium Biber Salçası Küçük,8690000522323,Kavanoz,8,88,96,96
B2,Sos ve Salça,2,6,1,B2-M02-K06-S01,Premium Biber Salçası Mini,8690000522330,Kavanoz,7,0,7,98
B2,Sos ve Salça,2,6,2,B2-M02-K06-S02,Emigro Biber Salçası Mini,8690000522347,Kavanoz,7,7,14,98
B2,Sos ve Salça,2,6,3,B2-M02-K06-S03,Anadolu Biber Salçası Mini,8690000522354,Kavanoz,7,14,21,98
B2,Sos ve Salça,2,6,4,B2-M02-K06-S04,Bereket Biber Salçası Mini,8690000522361,Kavanoz,7,21,28,98
B2,Sos ve Salça,2,6,5,B2-M02-K06-S05,Marmara Biber Salçası Mini,8690000522378,Kavanoz,7,28,35,98
B2,Sos ve Salça,2,6,6,B2-M02-K06-S06,Usta Biber Salçası Mini,8690000522385,Kavanoz,7,35,42,98
B2,Sos ve Salça,2,6,7,B2-M02-K06-S07,Lezzet Biber Salçası Mini,8690000522392,Kavanoz,7,42,49,98
B2,Sos ve Salça,2,6,8,B2-M02-K06-S08,Günlük Biber Salçası Mini,8690000522408,Kavanoz,7,49,56,98
B2,Sos ve Salça,2,6,9,B2-M02-K06-S09,Evimiz Biber Salçası Mini,8690000522415,Kavanoz,7,56,63,98
B2,Sos ve Salça,2,6,10,B2-M02-K06-S10,Doğa Biber Salçası Mini,8690000522422,Kavanoz,7,63,70,98
B2,Sos ve Salça,2,6,11,B2-M02-K06-S11,Premium Biber Salçası Mini,8690000522439,Kavanoz,7,70,77,98
B2,Sos ve Salça,2,6,12,B2-M02-K06-S12,Emigro Biber Salçası Mini,8690000522446,Kavanoz,7,77,84,98
B2,Sos ve Salça,2,6,13,B2-M02-K06-S13,Anadolu Biber Salçası Mini,8690000522453,Kavanoz,7,84,91,98
B2,Sos ve Salça,2,6,14,B2-M02-K06-S14,Bereket Biber Salçası Mini,8690000522460,Kavanoz,7,91,98,98
B2,Sos ve Salça,3,1,1,B2-M03-K01-S01,Lezzet Acı Biber Salçası XL,8690000522477,Kavanoz,12,0,12,96
B2,Sos ve Salça,3,1,2,B2-M03-K01-S02,Günlük Acı Biber Salçası XL,8690000522484,Kavanoz,12,12,24,96
B2,Sos ve Salça,3,1,3,B2-M03-K01-S03,Evimiz Acı Biber Salçası XL,8690000522491,Kavanoz,12,24,36,96
B2,Sos ve Salça,3,1,4,B2-M03-K01-S04,Doğa Acı Biber Salçası XL,8690000522507,Kavanoz,12,36,48,96
B2,Sos ve Salça,3,1,5,B2-M03-K01-S05,Premium Acı Biber Salçası XL,8690000522514,Kavanoz,12,48,60,96
B2,Sos ve Salça,3,1,6,B2-M03-K01-S06,Emigro Acı Biber Salçası XL,8690000522521,Kavanoz,12,60,72,96
B2,Sos ve Salça,3,1,7,B2-M03-K01-S07,Anadolu Acı Biber Salçası XL,8690000522538,Kavanoz,12,72,84,96
B2,Sos ve Salça,3,1,8,B2-M03-K01-S08,Bereket Acı Biber Salçası XL,8690000522545,Kavanoz,12,84,96,96
B2,Sos ve Salça,3,2,1,B2-M03-K02-S01,Günlük Acı Biber Salçası Büyük,8690000522552,Kavanoz,12,0,12,96
B2,Sos ve Salça,3,2,2,B2-M03-K02-S02,Evimiz Acı Biber Salçası Büyük,8690000522569,Kavanoz,12,12,24,96
B2,Sos ve Salça,3,2,3,B2-M03-K02-S03,Doğa Acı Biber Salçası Büyük,8690000522576,Kavanoz,12,24,36,96
B2,Sos ve Salça,3,2,4,B2-M03-K02-S04,Premium Acı Biber Salçası Büyük,8690000522583,Kavanoz,12,36,48,96
B2,Sos ve Salça,3,2,5,B2-M03-K02-S05,Emigro Acı Biber Salçası Büyük,8690000522590,Kavanoz,12,48,60,96
B2,Sos ve Salça,3,2,6,B2-M03-K02-S06,Anadolu Acı Biber Salçası Büyük,8690000522606,Kavanoz,12,60,72,96
B2,Sos ve Salça,3,2,7,B2-M03-K02-S07,Bereket Acı Biber Salçası Büyük,8690000522613,Kavanoz,12,72,84,96
B2,Sos ve Salça,3,2,8,B2-M03-K02-S08,Marmara Acı Biber Salçası Büyük,8690000522620,Kavanoz,12,84,96,96
B2,Sos ve Salça,3,3,1,B2-M03-K03-S01,Evimiz Acı Biber Salçası Standart,8690000522637,Kavanoz,10,0,10,100
B2,Sos ve Salça,3,3,2,B2-M03-K03-S02,Doğa Acı Biber Salçası Standart,8690000522644,Kavanoz,10,10,20,100
B2,Sos ve Salça,3,3,3,B2-M03-K03-S03,Premium Acı Biber Salçası Standart,8690000522651,Kavanoz,10,20,30,100
B2,Sos ve Salça,3,3,4,B2-M03-K03-S04,Emigro Acı Biber Salçası Standart,8690000522668,Kavanoz,10,30,40,100
B2,Sos ve Salça,3,3,5,B2-M03-K03-S05,Anadolu Acı Biber Salçası Standart,8690000522675,Kavanoz,10,40,50,100
B2,Sos ve Salça,3,3,6,B2-M03-K03-S06,Bereket Acı Biber Salçası Standart,8690000522682,Kavanoz,10,50,60,100
B2,Sos ve Salça,3,3,7,B2-M03-K03-S07,Marmara Acı Biber Salçası Standart,8690000522699,Kavanoz,10,60,70,100
B2,Sos ve Salça,3,3,8,B2-M03-K03-S08,Usta Acı Biber Salçası Standart,8690000522705,Kavanoz,10,70,80,100
B2,Sos ve Salça,3,3,9,B2-M03-K03-S09,Lezzet Acı Biber Salçası Standart,8690000522712,Kavanoz,10,80,90,100
B2,Sos ve Salça,3,3,10,B2-M03-K03-S10,Günlük Acı Biber Salçası Standart,8690000522729,Kavanoz,10,90,100,100
B2,Sos ve Salça,3,4,1,B2-M03-K04-S01,Doğa Acı Biber Salçası Orta,8690000522736,Kavanoz,9,0,9,99
B2,Sos ve Salça,3,4,2,B2-M03-K04-S02,Premium Acı Biber Salçası Orta,8690000522743,Kavanoz,9,9,18,99
B2,Sos ve Salça,3,4,3,B2-M03-K04-S03,Emigro Acı Biber Salçası Orta,8690000522750,Kavanoz,9,18,27,99
B2,Sos ve Salça,3,4,4,B2-M03-K04-S04,Anadolu Acı Biber Salçası Orta,8690000522767,Kavanoz,9,27,36,99
B2,Sos ve Salça,3,4,5,B2-M03-K04-S05,Bereket Acı Biber Salçası Orta,8690000522774,Kavanoz,9,36,45,99
B2,Sos ve Salça,3,4,6,B2-M03-K04-S06,Marmara Acı Biber Salçası Orta,8690000522781,Kavanoz,9,45,54,99
B2,Sos ve Salça,3,4,7,B2-M03-K04-S07,Usta Acı Biber Salçası Orta,8690000522798,Kavanoz,9,54,63,99
B2,Sos ve Salça,3,4,8,B2-M03-K04-S08,Lezzet Acı Biber Salçası Orta,8690000522804,Kavanoz,9,63,72,99
B2,Sos ve Salça,3,4,9,B2-M03-K04-S09,Günlük Acı Biber Salçası Orta,8690000522811,Kavanoz,9,72,81,99
B2,Sos ve Salça,3,4,10,B2-M03-K04-S10,Evimiz Acı Biber Salçası Orta,8690000522828,Kavanoz,9,81,90,99
B2,Sos ve Salça,3,4,11,B2-M03-K04-S11,Doğa Acı Biber Salçası Orta,8690000522835,Kavanoz,9,90,99,99
B2,Sos ve Salça,3,5,1,B2-M03-K05-S01,Premium Acı Biber Salçası Küçük,8690000522842,Kavanoz,8,0,8,96
B2,Sos ve Salça,3,5,2,B2-M03-K05-S02,Emigro Acı Biber Salçası Küçük,8690000522859,Kavanoz,8,8,16,96
B2,Sos ve Salça,3,5,3,B2-M03-K05-S03,Anadolu Acı Biber Salçası Küçük,8690000522866,Kavanoz,8,16,24,96
B2,Sos ve Salça,3,5,4,B2-M03-K05-S04,Bereket Acı Biber Salçası Küçük,8690000522873,Kavanoz,8,24,32,96
B2,Sos ve Salça,3,5,5,B2-M03-K05-S05,Marmara Acı Biber Salçası Küçük,8690000522880,Kavanoz,8,32,40,96
B2,Sos ve Salça,3,5,6,B2-M03-K05-S06,Usta Acı Biber Salçası Küçük,8690000522897,Kavanoz,8,40,48,96
B2,Sos ve Salça,3,5,7,B2-M03-K05-S07,Lezzet Acı Biber Salçası Küçük,8690000522903,Kavanoz,8,48,56,96
B2,Sos ve Salça,3,5,8,B2-M03-K05-S08,Günlük Acı Biber Salçası Küçük,8690000522910,Kavanoz,8,56,64,96
B2,Sos ve Salça,3,5,9,B2-M03-K05-S09,Evimiz Acı Biber Salçası Küçük,8690000522927,Kavanoz,8,64,72,96
B2,Sos ve Salça,3,5,10,B2-M03-K05-S10,Doğa Acı Biber Salçası Küçük,8690000522934,Kavanoz,8,72,80,96
B2,Sos ve Salça,3,5,11,B2-M03-K05-S11,Premium Acı Biber Salçası Küçük,8690000522941,Kavanoz,8,80,88,96
B2,Sos ve Salça,3,5,12,B2-M03-K05-S12,Emigro Acı Biber Salçası Küçük,8690000522958,Kavanoz,8,88,96,96
B2,Sos ve Salça,3,6,1,B2-M03-K06-S01,Emigro Acı Biber Salçası Mini,8690000522965,Kavanoz,7,0,7,98
B2,Sos ve Salça,3,6,2,B2-M03-K06-S02,Anadolu Acı Biber Salçası Mini,8690000522972,Kavanoz,7,7,14,98
B2,Sos ve Salça,3,6,3,B2-M03-K06-S03,Bereket Acı Biber Salçası Mini,8690000522989,Kavanoz,7,14,21,98
B2,Sos ve Salça,3,6,4,B2-M03-K06-S04,Marmara Acı Biber Salçası Mini,8690000522996,Kavanoz,7,21,28,98
B2,Sos ve Salça,3,6,5,B2-M03-K06-S05,Usta Acı Biber Salçası Mini,8690000523009,Kavanoz,7,28,35,98
B2,Sos ve Salça,3,6,6,B2-M03-K06-S06,Lezzet Acı Biber Salçası Mini,8690000523016,Kavanoz,7,35,42,98
B2,Sos ve Salça,3,6,7,B2-M03-K06-S07,Günlük Acı Biber Salçası Mini,8690000523023,Kavanoz,7,42,49,98
B2,Sos ve Salça,3,6,8,B2-M03-K06-S08,Evimiz Acı Biber Salçası Mini,8690000523030,Kavanoz,7,49,56,98
B2,Sos ve Salça,3,6,9,B2-M03-K06-S09,Doğa Acı Biber Salçası Mini,8690000523047,Kavanoz,7,56,63,98
B2,Sos ve Salça,3,6,10,B2-M03-K06-S10,Premium Acı Biber Salçası Mini,8690000523054,Kavanoz,7,63,70,98
B2,Sos ve Salça,3,6,11,B2-M03-K06-S11,Emigro Acı Biber Salçası Mini,8690000523061,Kavanoz,7,70,77,98
B2,Sos ve Salça,3,6,12,B2-M03-K06-S12,Anadolu Acı Biber Salçası Mini,8690000523078,Kavanoz,7,77,84,98
B2,Sos ve Salça,3,6,13,B2-M03-K06-S13,Bereket Acı Biber Salçası Mini,8690000523085,Kavanoz,7,84,91,98
B2,Sos ve Salça,3,6,14,B2-M03-K06-S14,Marmara Acı Biber Salçası Mini,8690000523092,Kavanoz,7,91,98,98
B2,Sos ve Salça,4,1,1,B2-M04-K01-S01,Günlük Ketçap XL,8690000523108,Şişe,10,0,10,100
B2,Sos ve Salça,4,1,2,B2-M04-K01-S02,Evimiz Ketçap XL,8690000523115,Şişe,10,10,20,100
B2,Sos ve Salça,4,1,3,B2-M04-K01-S03,Doğa Ketçap XL,8690000523122,Şişe,10,20,30,100
B2,Sos ve Salça,4,1,4,B2-M04-K01-S04,Premium Ketçap XL,8690000523139,Şişe,10,30,40,100
B2,Sos ve Salça,4,1,5,B2-M04-K01-S05,Emigro Ketçap XL,8690000523146,Şişe,10,40,50,100
B2,Sos ve Salça,4,1,6,B2-M04-K01-S06,Anadolu Ketçap XL,8690000523153,Şişe,10,50,60,100
B2,Sos ve Salça,4,1,7,B2-M04-K01-S07,Bereket Ketçap XL,8690000523160,Şişe,10,60,70,100
B2,Sos ve Salça,4,1,8,B2-M04-K01-S08,Marmara Ketçap XL,8690000523177,Şişe,10,70,80,100
B2,Sos ve Salça,4,1,9,B2-M04-K01-S09,Usta Ketçap XL,8690000523184,Şişe,10,80,90,100
B2,Sos ve Salça,4,1,10,B2-M04-K01-S10,Lezzet Ketçap XL,8690000523191,Şişe,10,90,100,100
B2,Sos ve Salça,4,2,1,B2-M04-K02-S01,Evimiz Ketçap Büyük,8690000523207,Şişe,9,0,9,99
B2,Sos ve Salça,4,2,2,B2-M04-K02-S02,Doğa Ketçap Büyük,8690000523214,Şişe,9,9,18,99
B2,Sos ve Salça,4,2,3,B2-M04-K02-S03,Premium Ketçap Büyük,8690000523221,Şişe,9,18,27,99
B2,Sos ve Salça,4,2,4,B2-M04-K02-S04,Emigro Ketçap Büyük,8690000523238,Şişe,9,27,36,99
B2,Sos ve Salça,4,2,5,B2-M04-K02-S05,Anadolu Ketçap Büyük,8690000523245,Şişe,9,36,45,99
B2,Sos ve Salça,4,2,6,B2-M04-K02-S06,Bereket Ketçap Büyük,8690000523252,Şişe,9,45,54,99
B2,Sos ve Salça,4,2,7,B2-M04-K02-S07,Marmara Ketçap Büyük,8690000523269,Şişe,9,54,63,99
B2,Sos ve Salça,4,2,8,B2-M04-K02-S08,Usta Ketçap Büyük,8690000523276,Şişe,9,63,72,99
B2,Sos ve Salça,4,2,9,B2-M04-K02-S09,Lezzet Ketçap Büyük,8690000523283,Şişe,9,72,81,99
B2,Sos ve Salça,4,2,10,B2-M04-K02-S10,Günlük Ketçap Büyük,8690000523290,Şişe,9,81,90,99
B2,Sos ve Salça,4,2,11,B2-M04-K02-S11,Evimiz Ketçap Büyük,8690000523306,Şişe,9,90,99,99
B2,Sos ve Salça,4,3,1,B2-M04-K03-S01,Doğa Ketçap Standart,8690000523313,Şişe,8,0,8,96
B2,Sos ve Salça,4,3,2,B2-M04-K03-S02,Premium Ketçap Standart,8690000523320,Şişe,8,8,16,96
B2,Sos ve Salça,4,3,3,B2-M04-K03-S03,Emigro Ketçap Standart,8690000523337,Şişe,8,16,24,96
B2,Sos ve Salça,4,3,4,B2-M04-K03-S04,Anadolu Ketçap Standart,8690000523344,Şişe,8,24,32,96
B2,Sos ve Salça,4,3,5,B2-M04-K03-S05,Bereket Ketçap Standart,8690000523351,Şişe,8,32,40,96
B2,Sos ve Salça,4,3,6,B2-M04-K03-S06,Marmara Ketçap Standart,8690000523368,Şişe,8,40,48,96
B2,Sos ve Salça,4,3,7,B2-M04-K03-S07,Usta Ketçap Standart,8690000523375,Şişe,8,48,56,96
B2,Sos ve Salça,4,3,8,B2-M04-K03-S08,Lezzet Ketçap Standart,8690000523382,Şişe,8,56,64,96
B2,Sos ve Salça,4,3,9,B2-M04-K03-S09,Günlük Ketçap Standart,8690000523399,Şişe,8,64,72,96
B2,Sos ve Salça,4,3,10,B2-M04-K03-S10,Evimiz Ketçap Standart,8690000523405,Şişe,8,72,80,96
B2,Sos ve Salça,4,3,11,B2-M04-K03-S11,Doğa Ketçap Standart,8690000523412,Şişe,8,80,88,96
B2,Sos ve Salça,4,3,12,B2-M04-K03-S12,Premium Ketçap Standart,8690000523429,Şişe,8,88,96,96
B2,Sos ve Salça,4,4,1,B2-M04-K04-S01,Premium Ketçap Orta,8690000523436,Şişe,7,0,7,98
B2,Sos ve Salça,4,4,2,B2-M04-K04-S02,Emigro Ketçap Orta,8690000523443,Şişe,7,7,14,98
B2,Sos ve Salça,4,4,3,B2-M04-K04-S03,Anadolu Ketçap Orta,8690000523450,Şişe,7,14,21,98
B2,Sos ve Salça,4,4,4,B2-M04-K04-S04,Bereket Ketçap Orta,8690000523467,Şişe,7,21,28,98
B2,Sos ve Salça,4,4,5,B2-M04-K04-S05,Marmara Ketçap Orta,8690000523474,Şişe,7,28,35,98
B2,Sos ve Salça,4,4,6,B2-M04-K04-S06,Usta Ketçap Orta,8690000523481,Şişe,7,35,42,98
B2,Sos ve Salça,4,4,7,B2-M04-K04-S07,Lezzet Ketçap Orta,8690000523498,Şişe,7,42,49,98
B2,Sos ve Salça,4,4,8,B2-M04-K04-S08,Günlük Ketçap Orta,8690000523504,Şişe,7,49,56,98
B2,Sos ve Salça,4,4,9,B2-M04-K04-S09,Evimiz Ketçap Orta,8690000523511,Şişe,7,56,63,98
B2,Sos ve Salça,4,4,10,B2-M04-K04-S10,Doğa Ketçap Orta,8690000523528,Şişe,7,63,70,98
B2,Sos ve Salça,4,4,11,B2-M04-K04-S11,Premium Ketçap Orta,8690000523535,Şişe,7,70,77,98
B2,Sos ve Salça,4,4,12,B2-M04-K04-S12,Emigro Ketçap Orta,8690000523542,Şişe,7,77,84,98
B2,Sos ve Salça,4,4,13,B2-M04-K04-S13,Anadolu Ketçap Orta,8690000523559,Şişe,7,84,91,98
B2,Sos ve Salça,4,4,14,B2-M04-K04-S14,Bereket Ketçap Orta,8690000523566,Şişe,7,91,98,98
B2,Sos ve Salça,4,5,1,B2-M04-K05-S01,Emigro Ketçap Küçük,8690000523573,Şişe,6,0,6,96
B2,Sos ve Salça,4,5,2,B2-M04-K05-S02,Anadolu Ketçap Küçük,8690000523580,Şişe,6,6,12,96
B2,Sos ve Salça,4,5,3,B2-M04-K05-S03,Bereket Ketçap Küçük,8690000523597,Şişe,6,12,18,96
B2,Sos ve Salça,4,5,4,B2-M04-K05-S04,Marmara Ketçap Küçük,8690000523603,Şişe,6,18,24,96
B2,Sos ve Salça,4,5,5,B2-M04-K05-S05,Usta Ketçap Küçük,8690000523610,Şişe,6,24,30,96
B2,Sos ve Salça,4,5,6,B2-M04-K05-S06,Lezzet Ketçap Küçük,8690000523627,Şişe,6,30,36,96
B2,Sos ve Salça,4,5,7,B2-M04-K05-S07,Günlük Ketçap Küçük,8690000523634,Şişe,6,36,42,96
B2,Sos ve Salça,4,5,8,B2-M04-K05-S08,Evimiz Ketçap Küçük,8690000523641,Şişe,6,42,48,96
B2,Sos ve Salça,4,5,9,B2-M04-K05-S09,Doğa Ketçap Küçük,8690000523658,Şişe,6,48,54,96
B2,Sos ve Salça,4,5,10,B2-M04-K05-S10,Premium Ketçap Küçük,8690000523665,Şişe,6,54,60,96
B2,Sos ve Salça,4,5,11,B2-M04-K05-S11,Emigro Ketçap Küçük,8690000523672,Şişe,6,60,66,96
B2,Sos ve Salça,4,5,12,B2-M04-K05-S12,Anadolu Ketçap Küçük,8690000523689,Şişe,6,66,72,96
B2,Sos ve Salça,4,5,13,B2-M04-K05-S13,Bereket Ketçap Küçük,8690000523696,Şişe,6,72,78,96
B2,Sos ve Salça,4,5,14,B2-M04-K05-S14,Marmara Ketçap Küçük,8690000523702,Şişe,6,78,84,96
B2,Sos ve Salça,4,5,15,B2-M04-K05-S15,Usta Ketçap Küçük,8690000523719,Şişe,6,84,90,96
B2,Sos ve Salça,4,5,16,B2-M04-K05-S16,Lezzet Ketçap Küçük,8690000523726,Şişe,6,90,96,96
B2,Sos ve Salça,4,6,1,B2-M04-K06-S01,Anadolu Ketçap Mini,8690000523733,Şişe,6,0,6,96
B2,Sos ve Salça,4,6,2,B2-M04-K06-S02,Bereket Ketçap Mini,8690000523740,Şişe,6,6,12,96
B2,Sos ve Salça,4,6,3,B2-M04-K06-S03,Marmara Ketçap Mini,8690000523757,Şişe,6,12,18,96
B2,Sos ve Salça,4,6,4,B2-M04-K06-S04,Usta Ketçap Mini,8690000523764,Şişe,6,18,24,96
B2,Sos ve Salça,4,6,5,B2-M04-K06-S05,Lezzet Ketçap Mini,8690000523771,Şişe,6,24,30,96
B2,Sos ve Salça,4,6,6,B2-M04-K06-S06,Günlük Ketçap Mini,8690000523788,Şişe,6,30,36,96
B2,Sos ve Salça,4,6,7,B2-M04-K06-S07,Evimiz Ketçap Mini,8690000523795,Şişe,6,36,42,96
B2,Sos ve Salça,4,6,8,B2-M04-K06-S08,Doğa Ketçap Mini,8690000523801,Şişe,6,42,48,96
B2,Sos ve Salça,4,6,9,B2-M04-K06-S09,Premium Ketçap Mini,8690000523818,Şişe,6,48,54,96
B2,Sos ve Salça,4,6,10,B2-M04-K06-S10,Emigro Ketçap Mini,8690000523825,Şişe,6,54,60,96
B2,Sos ve Salça,4,6,11,B2-M04-K06-S11,Anadolu Ketçap Mini,8690000523832,Şişe,6,60,66,96
B2,Sos ve Salça,4,6,12,B2-M04-K06-S12,Bereket Ketçap Mini,8690000523849,Şişe,6,66,72,96
B2,Sos ve Salça,4,6,13,B2-M04-K06-S13,Marmara Ketçap Mini,8690000523856,Şişe,6,72,78,96
B2,Sos ve Salça,4,6,14,B2-M04-K06-S14,Usta Ketçap Mini,8690000523863,Şişe,6,78,84,96
B2,Sos ve Salça,4,6,15,B2-M04-K06-S15,Lezzet Ketçap Mini,8690000523870,Şişe,6,84,90,96
B2,Sos ve Salça,4,6,16,B2-M04-K06-S16,Günlük Ketçap Mini,8690000523887,Şişe,6,90,96,96
B2,Sos ve Salça,5,1,1,B2-M05-K01-S01,Evimiz Mayonez XL,8690000523894,Şişe,10,0,10,100
B2,Sos ve Salça,5,1,2,B2-M05-K01-S02,Doğa Mayonez XL,8690000523900,Şişe,10,10,20,100
B2,Sos ve Salça,5,1,3,B2-M05-K01-S03,Premium Mayonez XL,8690000523917,Şişe,10,20,30,100
B2,Sos ve Salça,5,1,4,B2-M05-K01-S04,Emigro Mayonez XL,8690000523924,Şişe,10,30,40,100
B2,Sos ve Salça,5,1,5,B2-M05-K01-S05,Anadolu Mayonez XL,8690000523931,Şişe,10,40,50,100
B2,Sos ve Salça,5,1,6,B2-M05-K01-S06,Bereket Mayonez XL,8690000523948,Şişe,10,50,60,100
B2,Sos ve Salça,5,1,7,B2-M05-K01-S07,Marmara Mayonez XL,8690000523955,Şişe,10,60,70,100
B2,Sos ve Salça,5,1,8,B2-M05-K01-S08,Usta Mayonez XL,8690000523962,Şişe,10,70,80,100
B2,Sos ve Salça,5,1,9,B2-M05-K01-S09,Lezzet Mayonez XL,8690000523979,Şişe,10,80,90,100
B2,Sos ve Salça,5,1,10,B2-M05-K01-S10,Günlük Mayonez XL,8690000523986,Şişe,10,90,100,100
B2,Sos ve Salça,5,2,1,B2-M05-K02-S01,Doğa Mayonez Büyük,8690000523993,Şişe,9,0,9,99
B2,Sos ve Salça,5,2,2,B2-M05-K02-S02,Premium Mayonez Büyük,8690000524006,Şişe,9,9,18,99
B2,Sos ve Salça,5,2,3,B2-M05-K02-S03,Emigro Mayonez Büyük,8690000524013,Şişe,9,18,27,99
B2,Sos ve Salça,5,2,4,B2-M05-K02-S04,Anadolu Mayonez Büyük,8690000524020,Şişe,9,27,36,99
B2,Sos ve Salça,5,2,5,B2-M05-K02-S05,Bereket Mayonez Büyük,8690000524037,Şişe,9,36,45,99
B2,Sos ve Salça,5,2,6,B2-M05-K02-S06,Marmara Mayonez Büyük,8690000524044,Şişe,9,45,54,99
B2,Sos ve Salça,5,2,7,B2-M05-K02-S07,Usta Mayonez Büyük,8690000524051,Şişe,9,54,63,99
B2,Sos ve Salça,5,2,8,B2-M05-K02-S08,Lezzet Mayonez Büyük,8690000524068,Şişe,9,63,72,99
B2,Sos ve Salça,5,2,9,B2-M05-K02-S09,Günlük Mayonez Büyük,8690000524075,Şişe,9,72,81,99
B2,Sos ve Salça,5,2,10,B2-M05-K02-S10,Evimiz Mayonez Büyük,8690000524082,Şişe,9,81,90,99
B2,Sos ve Salça,5,2,11,B2-M05-K02-S11,Doğa Mayonez Büyük,8690000524099,Şişe,9,90,99,99
B2,Sos ve Salça,5,3,1,B2-M05-K03-S01,Premium Mayonez Standart,8690000524105,Şişe,8,0,8,96
B2,Sos ve Salça,5,3,2,B2-M05-K03-S02,Emigro Mayonez Standart,8690000524112,Şişe,8,8,16,96
B2,Sos ve Salça,5,3,3,B2-M05-K03-S03,Anadolu Mayonez Standart,8690000524129,Şişe,8,16,24,96
B2,Sos ve Salça,5,3,4,B2-M05-K03-S04,Bereket Mayonez Standart,8690000524136,Şişe,8,24,32,96
B2,Sos ve Salça,5,3,5,B2-M05-K03-S05,Marmara Mayonez Standart,8690000524143,Şişe,8,32,40,96
B2,Sos ve Salça,5,3,6,B2-M05-K03-S06,Usta Mayonez Standart,8690000524150,Şişe,8,40,48,96
B2,Sos ve Salça,5,3,7,B2-M05-K03-S07,Lezzet Mayonez Standart,8690000524167,Şişe,8,48,56,96
B2,Sos ve Salça,5,3,8,B2-M05-K03-S08,Günlük Mayonez Standart,8690000524174,Şişe,8,56,64,96
B2,Sos ve Salça,5,3,9,B2-M05-K03-S09,Evimiz Mayonez Standart,8690000524181,Şişe,8,64,72,96
B2,Sos ve Salça,5,3,10,B2-M05-K03-S10,Doğa Mayonez Standart,8690000524198,Şişe,8,72,80,96
B2,Sos ve Salça,5,3,11,B2-M05-K03-S11,Premium Mayonez Standart,8690000524204,Şişe,8,80,88,96
B2,Sos ve Salça,5,3,12,B2-M05-K03-S12,Emigro Mayonez Standart,8690000524211,Şişe,8,88,96,96
B2,Sos ve Salça,5,4,1,B2-M05-K04-S01,Emigro Mayonez Orta,8690000524228,Şişe,7,0,7,98
B2,Sos ve Salça,5,4,2,B2-M05-K04-S02,Anadolu Mayonez Orta,8690000524235,Şişe,7,7,14,98
B2,Sos ve Salça,5,4,3,B2-M05-K04-S03,Bereket Mayonez Orta,8690000524242,Şişe,7,14,21,98
B2,Sos ve Salça,5,4,4,B2-M05-K04-S04,Marmara Mayonez Orta,8690000524259,Şişe,7,21,28,98
B2,Sos ve Salça,5,4,5,B2-M05-K04-S05,Usta Mayonez Orta,8690000524266,Şişe,7,28,35,98
B2,Sos ve Salça,5,4,6,B2-M05-K04-S06,Lezzet Mayonez Orta,8690000524273,Şişe,7,35,42,98
B2,Sos ve Salça,5,4,7,B2-M05-K04-S07,Günlük Mayonez Orta,8690000524280,Şişe,7,42,49,98
B2,Sos ve Salça,5,4,8,B2-M05-K04-S08,Evimiz Mayonez Orta,8690000524297,Şişe,7,49,56,98
B2,Sos ve Salça,5,4,9,B2-M05-K04-S09,Doğa Mayonez Orta,8690000524303,Şişe,7,56,63,98
B2,Sos ve Salça,5,4,10,B2-M05-K04-S10,Premium Mayonez Orta,8690000524310,Şişe,7,63,70,98
B2,Sos ve Salça,5,4,11,B2-M05-K04-S11,Emigro Mayonez Orta,8690000524327,Şişe,7,70,77,98
B2,Sos ve Salça,5,4,12,B2-M05-K04-S12,Anadolu Mayonez Orta,8690000524334,Şişe,7,77,84,98
B2,Sos ve Salça,5,4,13,B2-M05-K04-S13,Bereket Mayonez Orta,8690000524341,Şişe,7,84,91,98
B2,Sos ve Salça,5,4,14,B2-M05-K04-S14,Marmara Mayonez Orta,8690000524358,Şişe,7,91,98,98
B2,Sos ve Salça,5,5,1,B2-M05-K05-S01,Anadolu Mayonez Küçük,8690000524365,Şişe,6,0,6,96
B2,Sos ve Salça,5,5,2,B2-M05-K05-S02,Bereket Mayonez Küçük,8690000524372,Şişe,6,6,12,96
B2,Sos ve Salça,5,5,3,B2-M05-K05-S03,Marmara Mayonez Küçük,8690000524389,Şişe,6,12,18,96
B2,Sos ve Salça,5,5,4,B2-M05-K05-S04,Usta Mayonez Küçük,8690000524396,Şişe,6,18,24,96
B2,Sos ve Salça,5,5,5,B2-M05-K05-S05,Lezzet Mayonez Küçük,8690000524402,Şişe,6,24,30,96
B2,Sos ve Salça,5,5,6,B2-M05-K05-S06,Günlük Mayonez Küçük,8690000524419,Şişe,6,30,36,96
B2,Sos ve Salça,5,5,7,B2-M05-K05-S07,Evimiz Mayonez Küçük,8690000524426,Şişe,6,36,42,96
B2,Sos ve Salça,5,5,8,B2-M05-K05-S08,Doğa Mayonez Küçük,8690000524433,Şişe,6,42,48,96
B2,Sos ve Salça,5,5,9,B2-M05-K05-S09,Premium Mayonez Küçük,8690000524440,Şişe,6,48,54,96
B2,Sos ve Salça,5,5,10,B2-M05-K05-S10,Emigro Mayonez Küçük,8690000524457,Şişe,6,54,60,96
B2,Sos ve Salça,5,5,11,B2-M05-K05-S11,Anadolu Mayonez Küçük,8690000524464,Şişe,6,60,66,96
B2,Sos ve Salça,5,5,12,B2-M05-K05-S12,Bereket Mayonez Küçük,8690000524471,Şişe,6,66,72,96
B2,Sos ve Salça,5,5,13,B2-M05-K05-S13,Marmara Mayonez Küçük,8690000524488,Şişe,6,72,78,96
B2,Sos ve Salça,5,5,14,B2-M05-K05-S14,Usta Mayonez Küçük,8690000524495,Şişe,6,78,84,96
B2,Sos ve Salça,5,5,15,B2-M05-K05-S15,Lezzet Mayonez Küçük,8690000524501,Şişe,6,84,90,96
B2,Sos ve Salça,5,5,16,B2-M05-K05-S16,Günlük Mayonez Küçük,8690000524518,Şişe,6,90,96,96
B2,Sos ve Salça,5,6,1,B2-M05-K06-S01,Bereket Mayonez Mini,8690000524525,Şişe,6,0,6,96
B2,Sos ve Salça,5,6,2,B2-M05-K06-S02,Marmara Mayonez Mini,8690000524532,Şişe,6,6,12,96
B2,Sos ve Salça,5,6,3,B2-M05-K06-S03,Usta Mayonez Mini,8690000524549,Şişe,6,12,18,96
B2,Sos ve Salça,5,6,4,B2-M05-K06-S04,Lezzet Mayonez Mini,8690000524556,Şişe,6,18,24,96
B2,Sos ve Salça,5,6,5,B2-M05-K06-S05,Günlük Mayonez Mini,8690000524563,Şişe,6,24,30,96
B2,Sos ve Salça,5,6,6,B2-M05-K06-S06,Evimiz Mayonez Mini,8690000524570,Şişe,6,30,36,96
B2,Sos ve Salça,5,6,7,B2-M05-K06-S07,Doğa Mayonez Mini,8690000524587,Şişe,6,36,42,96
B2,Sos ve Salça,5,6,8,B2-M05-K06-S08,Premium Mayonez Mini,8690000524594,Şişe,6,42,48,96
B2,Sos ve Salça,5,6,9,B2-M05-K06-S09,Emigro Mayonez Mini,8690000524600,Şişe,6,48,54,96
B2,Sos ve Salça,5,6,10,B2-M05-K06-S10,Anadolu Mayonez Mini,8690000524617,Şişe,6,54,60,96
B2,Sos ve Salça,5,6,11,B2-M05-K06-S11,Bereket Mayonez Mini,8690000524624,Şişe,6,60,66,96
B2,Sos ve Salça,5,6,12,B2-M05-K06-S12,Marmara Mayonez Mini,8690000524631,Şişe,6,66,72,96
B2,Sos ve Salça,5,6,13,B2-M05-K06-S13,Usta Mayonez Mini,8690000524648,Şişe,6,72,78,96
B2,Sos ve Salça,5,6,14,B2-M05-K06-S14,Lezzet Mayonez Mini,8690000524655,Şişe,6,78,84,96
B2,Sos ve Salça,5,6,15,B2-M05-K06-S15,Günlük Mayonez Mini,8690000524662,Şişe,6,84,90,96
B2,Sos ve Salça,5,6,16,B2-M05-K06-S16,Evimiz Mayonez Mini,8690000524679,Şişe,6,90,96,96
B2,Sos ve Salça,6,1,1,B2-M06-K01-S01,Doğa Hardal XL,8690000524686,Şişe,8,0,8,96
B2,Sos ve Salça,6,1,2,B2-M06-K01-S02,Premium Hardal XL,8690000524693,Şişe,8,8,16,96
B2,Sos ve Salça,6,1,3,B2-M06-K01-S03,Emigro Hardal XL,8690000524709,Şişe,8,16,24,96
B2,Sos ve Salça,6,1,4,B2-M06-K01-S04,Anadolu Hardal XL,8690000524716,Şişe,8,24,32,96
B2,Sos ve Salça,6,1,5,B2-M06-K01-S05,Bereket Hardal XL,8690000524723,Şişe,8,32,40,96
B2,Sos ve Salça,6,1,6,B2-M06-K01-S06,Marmara Hardal XL,8690000524730,Şişe,8,40,48,96
B2,Sos ve Salça,6,1,7,B2-M06-K01-S07,Usta Hardal XL,8690000524747,Şişe,8,48,56,96
B2,Sos ve Salça,6,1,8,B2-M06-K01-S08,Lezzet Hardal XL,8690000524754,Şişe,8,56,64,96
B2,Sos ve Salça,6,1,9,B2-M06-K01-S09,Günlük Hardal XL,8690000524761,Şişe,8,64,72,96
B2,Sos ve Salça,6,1,10,B2-M06-K01-S10,Evimiz Hardal XL,8690000524778,Şişe,8,72,80,96
B2,Sos ve Salça,6,1,11,B2-M06-K01-S11,Doğa Hardal XL,8690000524785,Şişe,8,80,88,96
B2,Sos ve Salça,6,1,12,B2-M06-K01-S12,Premium Hardal XL,8690000524792,Şişe,8,88,96,96
B2,Sos ve Salça,6,2,1,B2-M06-K02-S01,Premium Hardal Büyük,8690000524808,Şişe,7,0,7,98
B2,Sos ve Salça,6,2,2,B2-M06-K02-S02,Emigro Hardal Büyük,8690000524815,Şişe,7,7,14,98
B2,Sos ve Salça,6,2,3,B2-M06-K02-S03,Anadolu Hardal Büyük,8690000524822,Şişe,7,14,21,98
B2,Sos ve Salça,6,2,4,B2-M06-K02-S04,Bereket Hardal Büyük,8690000524839,Şişe,7,21,28,98
B2,Sos ve Salça,6,2,5,B2-M06-K02-S05,Marmara Hardal Büyük,8690000524846,Şişe,7,28,35,98
B2,Sos ve Salça,6,2,6,B2-M06-K02-S06,Usta Hardal Büyük,8690000524853,Şişe,7,35,42,98
B2,Sos ve Salça,6,2,7,B2-M06-K02-S07,Lezzet Hardal Büyük,8690000524860,Şişe,7,42,49,98
B2,Sos ve Salça,6,2,8,B2-M06-K02-S08,Günlük Hardal Büyük,8690000524877,Şişe,7,49,56,98
B2,Sos ve Salça,6,2,9,B2-M06-K02-S09,Evimiz Hardal Büyük,8690000524884,Şişe,7,56,63,98
B2,Sos ve Salça,6,2,10,B2-M06-K02-S10,Doğa Hardal Büyük,8690000524891,Şişe,7,63,70,98
B2,Sos ve Salça,6,2,11,B2-M06-K02-S11,Premium Hardal Büyük,8690000524907,Şişe,7,70,77,98
B2,Sos ve Salça,6,2,12,B2-M06-K02-S12,Emigro Hardal Büyük,8690000524914,Şişe,7,77,84,98
B2,Sos ve Salça,6,2,13,B2-M06-K02-S13,Anadolu Hardal Büyük,8690000524921,Şişe,7,84,91,98
B2,Sos ve Salça,6,2,14,B2-M06-K02-S14,Bereket Hardal Büyük,8690000524938,Şişe,7,91,98,98
B2,Sos ve Salça,6,3,1,B2-M06-K03-S01,Emigro Hardal Standart,8690000524945,Şişe,6,0,6,96
B2,Sos ve Salça,6,3,2,B2-M06-K03-S02,Anadolu Hardal Standart,8690000524952,Şişe,6,6,12,96
B2,Sos ve Salça,6,3,3,B2-M06-K03-S03,Bereket Hardal Standart,8690000524969,Şişe,6,12,18,96
B2,Sos ve Salça,6,3,4,B2-M06-K03-S04,Marmara Hardal Standart,8690000524976,Şişe,6,18,24,96
B2,Sos ve Salça,6,3,5,B2-M06-K03-S05,Usta Hardal Standart,8690000524983,Şişe,6,24,30,96
B2,Sos ve Salça,6,3,6,B2-M06-K03-S06,Lezzet Hardal Standart,8690000524990,Şişe,6,30,36,96
B2,Sos ve Salça,6,3,7,B2-M06-K03-S07,Günlük Hardal Standart,8690000525003,Şişe,6,36,42,96
B2,Sos ve Salça,6,3,8,B2-M06-K03-S08,Evimiz Hardal Standart,8690000525010,Şişe,6,42,48,96
B2,Sos ve Salça,6,3,9,B2-M06-K03-S09,Doğa Hardal Standart,8690000525027,Şişe,6,48,54,96
B2,Sos ve Salça,6,3,10,B2-M06-K03-S10,Premium Hardal Standart,8690000525034,Şişe,6,54,60,96
B2,Sos ve Salça,6,3,11,B2-M06-K03-S11,Emigro Hardal Standart,8690000525041,Şişe,6,60,66,96
B2,Sos ve Salça,6,3,12,B2-M06-K03-S12,Anadolu Hardal Standart,8690000525058,Şişe,6,66,72,96
B2,Sos ve Salça,6,3,13,B2-M06-K03-S13,Bereket Hardal Standart,8690000525065,Şişe,6,72,78,96
B2,Sos ve Salça,6,3,14,B2-M06-K03-S14,Marmara Hardal Standart,8690000525072,Şişe,6,78,84,96
B2,Sos ve Salça,6,3,15,B2-M06-K03-S15,Usta Hardal Standart,8690000525089,Şişe,6,84,90,96
B2,Sos ve Salça,6,3,16,B2-M06-K03-S16,Lezzet Hardal Standart,8690000525096,Şişe,6,90,96,96
B2,Sos ve Salça,6,4,1,B2-M06-K04-S01,Anadolu Hardal Orta,8690000525102,Şişe,5,0,5,100
B2,Sos ve Salça,6,4,2,B2-M06-K04-S02,Bereket Hardal Orta,8690000525119,Şişe,5,5,10,100
B2,Sos ve Salça,6,4,3,B2-M06-K04-S03,Marmara Hardal Orta,8690000525126,Şişe,5,10,15,100
B2,Sos ve Salça,6,4,4,B2-M06-K04-S04,Usta Hardal Orta,8690000525133,Şişe,5,15,20,100
B2,Sos ve Salça,6,4,5,B2-M06-K04-S05,Lezzet Hardal Orta,8690000525140,Şişe,5,20,25,100
B2,Sos ve Salça,6,4,6,B2-M06-K04-S06,Günlük Hardal Orta,8690000525157,Şişe,5,25,30,100
B2,Sos ve Salça,6,4,7,B2-M06-K04-S07,Evimiz Hardal Orta,8690000525164,Şişe,5,30,35,100
B2,Sos ve Salça,6,4,8,B2-M06-K04-S08,Doğa Hardal Orta,8690000525171,Şişe,5,35,40,100
B2,Sos ve Salça,6,4,9,B2-M06-K04-S09,Premium Hardal Orta,8690000525188,Şişe,5,40,45,100
B2,Sos ve Salça,6,4,10,B2-M06-K04-S10,Emigro Hardal Orta,8690000525195,Şişe,5,45,50,100
B2,Sos ve Salça,6,4,11,B2-M06-K04-S11,Anadolu Hardal Orta,8690000525201,Şişe,5,50,55,100
B2,Sos ve Salça,6,4,12,B2-M06-K04-S12,Bereket Hardal Orta,8690000525218,Şişe,5,55,60,100
B2,Sos ve Salça,6,4,13,B2-M06-K04-S13,Marmara Hardal Orta,8690000525225,Şişe,5,60,65,100
B2,Sos ve Salça,6,4,14,B2-M06-K04-S14,Usta Hardal Orta,8690000525232,Şişe,5,65,70,100
B2,Sos ve Salça,6,4,15,B2-M06-K04-S15,Lezzet Hardal Orta,8690000525249,Şişe,5,70,75,100
B2,Sos ve Salça,6,4,16,B2-M06-K04-S16,Günlük Hardal Orta,8690000525256,Şişe,5,75,80,100
B2,Sos ve Salça,6,4,17,B2-M06-K04-S17,Evimiz Hardal Orta,8690000525263,Şişe,5,80,85,100
B2,Sos ve Salça,6,4,18,B2-M06-K04-S18,Doğa Hardal Orta,8690000525270,Şişe,5,85,90,100
B2,Sos ve Salça,6,4,19,B2-M06-K04-S19,Premium Hardal Orta,8690000525287,Şişe,5,90,95,100
B2,Sos ve Salça,6,4,20,B2-M06-K04-S20,Emigro Hardal Orta,8690000525294,Şişe,5,95,100,100
B2,Sos ve Salça,6,5,1,B2-M06-K05-S01,Bereket Hardal Küçük,8690000525300,Şişe,5,0,5,100
B2,Sos ve Salça,6,5,2,B2-M06-K05-S02,Marmara Hardal Küçük,8690000525317,Şişe,5,5,10,100
B2,Sos ve Salça,6,5,3,B2-M06-K05-S03,Usta Hardal Küçük,8690000525324,Şişe,5,10,15,100
B2,Sos ve Salça,6,5,4,B2-M06-K05-S04,Lezzet Hardal Küçük,8690000525331,Şişe,5,15,20,100
B2,Sos ve Salça,6,5,5,B2-M06-K05-S05,Günlük Hardal Küçük,8690000525348,Şişe,5,20,25,100
B2,Sos ve Salça,6,5,6,B2-M06-K05-S06,Evimiz Hardal Küçük,8690000525355,Şişe,5,25,30,100
B2,Sos ve Salça,6,5,7,B2-M06-K05-S07,Doğa Hardal Küçük,8690000525362,Şişe,5,30,35,100
B2,Sos ve Salça,6,5,8,B2-M06-K05-S08,Premium Hardal Küçük,8690000525379,Şişe,5,35,40,100
B2,Sos ve Salça,6,5,9,B2-M06-K05-S09,Emigro Hardal Küçük,8690000525386,Şişe,5,40,45,100
B2,Sos ve Salça,6,5,10,B2-M06-K05-S10,Anadolu Hardal Küçük,8690000525393,Şişe,5,45,50,100
B2,Sos ve Salça,6,5,11,B2-M06-K05-S11,Bereket Hardal Küçük,8690000525409,Şişe,5,50,55,100
B2,Sos ve Salça,6,5,12,B2-M06-K05-S12,Marmara Hardal Küçük,8690000525416,Şişe,5,55,60,100
B2,Sos ve Salça,6,5,13,B2-M06-K05-S13,Usta Hardal Küçük,8690000525423,Şişe,5,60,65,100
B2,Sos ve Salça,6,5,14,B2-M06-K05-S14,Lezzet Hardal Küçük,8690000525430,Şişe,5,65,70,100
B2,Sos ve Salça,6,5,15,B2-M06-K05-S15,Günlük Hardal Küçük,8690000525447,Şişe,5,70,75,100
B2,Sos ve Salça,6,5,16,B2-M06-K05-S16,Evimiz Hardal Küçük,8690000525454,Şişe,5,75,80,100
B2,Sos ve Salça,6,5,17,B2-M06-K05-S17,Doğa Hardal Küçük,8690000525461,Şişe,5,80,85,100
B2,Sos ve Salça,6,5,18,B2-M06-K05-S18,Premium Hardal Küçük,8690000525478,Şişe,5,85,90,100
B2,Sos ve Salça,6,5,19,B2-M06-K05-S19,Emigro Hardal Küçük,8690000525485,Şişe,5,90,95,100
B2,Sos ve Salça,6,5,20,B2-M06-K05-S20,Anadolu Hardal Küçük,8690000525492,Şişe,5,95,100,100
B2,Sos ve Salça,6,6,1,B2-M06-K06-S01,Marmara Hardal Mini,8690000525508,Şişe,4,0,4,100
B2,Sos ve Salça,6,6,2,B2-M06-K06-S02,Usta Hardal Mini,8690000525515,Şişe,4,4,8,100
B2,Sos ve Salça,6,6,3,B2-M06-K06-S03,Lezzet Hardal Mini,8690000525522,Şişe,4,8,12,100
B2,Sos ve Salça,6,6,4,B2-M06-K06-S04,Günlük Hardal Mini,8690000525539,Şişe,4,12,16,100
B2,Sos ve Salça,6,6,5,B2-M06-K06-S05,Evimiz Hardal Mini,8690000525546,Şişe,4,16,20,100
B2,Sos ve Salça,6,6,6,B2-M06-K06-S06,Doğa Hardal Mini,8690000525553,Şişe,4,20,24,100
B2,Sos ve Salça,6,6,7,B2-M06-K06-S07,Premium Hardal Mini,8690000525560,Şişe,4,24,28,100
B2,Sos ve Salça,6,6,8,B2-M06-K06-S08,Emigro Hardal Mini,8690000525577,Şişe,4,28,32,100
B2,Sos ve Salça,6,6,9,B2-M06-K06-S09,Anadolu Hardal Mini,8690000525584,Şişe,4,32,36,100
B2,Sos ve Salça,6,6,10,B2-M06-K06-S10,Bereket Hardal Mini,8690000525591,Şişe,4,36,40,100
B2,Sos ve Salça,6,6,11,B2-M06-K06-S11,Marmara Hardal Mini,8690000525607,Şişe,4,40,44,100
B2,Sos ve Salça,6,6,12,B2-M06-K06-S12,Usta Hardal Mini,8690000525614,Şişe,4,44,48,100
B2,Sos ve Salça,6,6,13,B2-M06-K06-S13,Lezzet Hardal Mini,8690000525621,Şişe,4,48,52,100
B2,Sos ve Salça,6,6,14,B2-M06-K06-S14,Günlük Hardal Mini,8690000525638,Şişe,4,52,56,100
B2,Sos ve Salça,6,6,15,B2-M06-K06-S15,Evimiz Hardal Mini,8690000525645,Şişe,4,56,60,100
B2,Sos ve Salça,6,6,16,B2-M06-K06-S16,Doğa Hardal Mini,8690000525652,Şişe,4,60,64,100
B2,Sos ve Salça,6,6,17,B2-M06-K06-S17,Premium Hardal Mini,8690000525669,Şişe,4,64,68,100
B2,Sos ve Salça,6,6,18,B2-M06-K06-S18,Emigro Hardal Mini,8690000525676,Şişe,4,68,72,100
B2,Sos ve Salça,6,6,19,B2-M06-K06-S19,Anadolu Hardal Mini,8690000525683,Şişe,4,72,76,100
B2,Sos ve Salça,6,6,20,B2-M06-K06-S20,Bereket Hardal Mini,8690000525690,Şişe,4,76,80,100
B2,Sos ve Salça,6,6,21,B2-M06-K06-S21,Marmara Hardal Mini,8690000525706,Şişe,4,80,84,100
B2,Sos ve Salça,6,6,22,B2-M06-K06-S22,Usta Hardal Mini,8690000525713,Şişe,4,84,88,100
B2,Sos ve Salça,6,6,23,B2-M06-K06-S23,Lezzet Hardal Mini,8690000525720,Şişe,4,88,92,100
B2,Sos ve Salça,6,6,24,B2-M06-K06-S24,Günlük Hardal Mini,8690000525737,Şişe,4,92,96,100
B2,Sos ve Salça,6,6,25,B2-M06-K06-S25,Evimiz Hardal Mini,8690000525744,Şişe,4,96,100,100
B2,Sos ve Salça,7,1,1,B2-M07-K01-S01,Premium Barbekü Sos XL,8690000525751,Şişe,9,0,9,99
B2,Sos ve Salça,7,1,2,B2-M07-K01-S02,Emigro Barbekü Sos XL,8690000525768,Şişe,9,9,18,99
B2,Sos ve Salça,7,1,3,B2-M07-K01-S03,Anadolu Barbekü Sos XL,8690000525775,Şişe,9,18,27,99
B2,Sos ve Salça,7,1,4,B2-M07-K01-S04,Bereket Barbekü Sos XL,8690000525782,Şişe,9,27,36,99
B2,Sos ve Salça,7,1,5,B2-M07-K01-S05,Marmara Barbekü Sos XL,8690000525799,Şişe,9,36,45,99
B2,Sos ve Salça,7,1,6,B2-M07-K01-S06,Usta Barbekü Sos XL,8690000525805,Şişe,9,45,54,99
B2,Sos ve Salça,7,1,7,B2-M07-K01-S07,Lezzet Barbekü Sos XL,8690000525812,Şişe,9,54,63,99
B2,Sos ve Salça,7,1,8,B2-M07-K01-S08,Günlük Barbekü Sos XL,8690000525829,Şişe,9,63,72,99
B2,Sos ve Salça,7,1,9,B2-M07-K01-S09,Evimiz Barbekü Sos XL,8690000525836,Şişe,9,72,81,99
B2,Sos ve Salça,7,1,10,B2-M07-K01-S10,Doğa Barbekü Sos XL,8690000525843,Şişe,9,81,90,99
B2,Sos ve Salça,7,1,11,B2-M07-K01-S11,Premium Barbekü Sos XL,8690000525850,Şişe,9,90,99,99
B2,Sos ve Salça,7,2,1,B2-M07-K02-S01,Emigro Barbekü Sos Büyük,8690000525867,Şişe,8,0,8,96
B2,Sos ve Salça,7,2,2,B2-M07-K02-S02,Anadolu Barbekü Sos Büyük,8690000525874,Şişe,8,8,16,96
B2,Sos ve Salça,7,2,3,B2-M07-K02-S03,Bereket Barbekü Sos Büyük,8690000525881,Şişe,8,16,24,96
B2,Sos ve Salça,7,2,4,B2-M07-K02-S04,Marmara Barbekü Sos Büyük,8690000525898,Şişe,8,24,32,96
B2,Sos ve Salça,7,2,5,B2-M07-K02-S05,Usta Barbekü Sos Büyük,8690000525904,Şişe,8,32,40,96
B2,Sos ve Salça,7,2,6,B2-M07-K02-S06,Lezzet Barbekü Sos Büyük,8690000525911,Şişe,8,40,48,96
B2,Sos ve Salça,7,2,7,B2-M07-K02-S07,Günlük Barbekü Sos Büyük,8690000525928,Şişe,8,48,56,96
B2,Sos ve Salça,7,2,8,B2-M07-K02-S08,Evimiz Barbekü Sos Büyük,8690000525935,Şişe,8,56,64,96
B2,Sos ve Salça,7,2,9,B2-M07-K02-S09,Doğa Barbekü Sos Büyük,8690000525942,Şişe,8,64,72,96
B2,Sos ve Salça,7,2,10,B2-M07-K02-S10,Premium Barbekü Sos Büyük,8690000525959,Şişe,8,72,80,96
B2,Sos ve Salça,7,2,11,B2-M07-K02-S11,Emigro Barbekü Sos Büyük,8690000525966,Şişe,8,80,88,96
B2,Sos ve Salça,7,2,12,B2-M07-K02-S12,Anadolu Barbekü Sos Büyük,8690000525973,Şişe,8,88,96,96
B2,Sos ve Salça,7,3,1,B2-M07-K03-S01,Anadolu Barbekü Sos Standart,8690000525980,Şişe,7,0,7,98
B2,Sos ve Salça,7,3,2,B2-M07-K03-S02,Bereket Barbekü Sos Standart,8690000525997,Şişe,7,7,14,98
B2,Sos ve Salça,7,3,3,B2-M07-K03-S03,Marmara Barbekü Sos Standart,8690000526000,Şişe,7,14,21,98
B2,Sos ve Salça,7,3,4,B2-M07-K03-S04,Usta Barbekü Sos Standart,8690000526017,Şişe,7,21,28,98
B2,Sos ve Salça,7,3,5,B2-M07-K03-S05,Lezzet Barbekü Sos Standart,8690000526024,Şişe,7,28,35,98
B2,Sos ve Salça,7,3,6,B2-M07-K03-S06,Günlük Barbekü Sos Standart,8690000526031,Şişe,7,35,42,98
B2,Sos ve Salça,7,3,7,B2-M07-K03-S07,Evimiz Barbekü Sos Standart,8690000526048,Şişe,7,42,49,98
B2,Sos ve Salça,7,3,8,B2-M07-K03-S08,Doğa Barbekü Sos Standart,8690000526055,Şişe,7,49,56,98
B2,Sos ve Salça,7,3,9,B2-M07-K03-S09,Premium Barbekü Sos Standart,8690000526062,Şişe,7,56,63,98
B2,Sos ve Salça,7,3,10,B2-M07-K03-S10,Emigro Barbekü Sos Standart,8690000526079,Şişe,7,63,70,98
B2,Sos ve Salça,7,3,11,B2-M07-K03-S11,Anadolu Barbekü Sos Standart,8690000526086,Şişe,7,70,77,98
B2,Sos ve Salça,7,3,12,B2-M07-K03-S12,Bereket Barbekü Sos Standart,8690000526093,Şişe,7,77,84,98
B2,Sos ve Salça,7,3,13,B2-M07-K03-S13,Marmara Barbekü Sos Standart,8690000526109,Şişe,7,84,91,98
B2,Sos ve Salça,7,3,14,B2-M07-K03-S14,Usta Barbekü Sos Standart,8690000526116,Şişe,7,91,98,98
B2,Sos ve Salça,7,4,1,B2-M07-K04-S01,Bereket Barbekü Sos Orta,8690000526123,Şişe,6,0,6,96
B2,Sos ve Salça,7,4,2,B2-M07-K04-S02,Marmara Barbekü Sos Orta,8690000526130,Şişe,6,6,12,96
B2,Sos ve Salça,7,4,3,B2-M07-K04-S03,Usta Barbekü Sos Orta,8690000526147,Şişe,6,12,18,96
B2,Sos ve Salça,7,4,4,B2-M07-K04-S04,Lezzet Barbekü Sos Orta,8690000526154,Şişe,6,18,24,96
B2,Sos ve Salça,7,4,5,B2-M07-K04-S05,Günlük Barbekü Sos Orta,8690000526161,Şişe,6,24,30,96
B2,Sos ve Salça,7,4,6,B2-M07-K04-S06,Evimiz Barbekü Sos Orta,8690000526178,Şişe,6,30,36,96
B2,Sos ve Salça,7,4,7,B2-M07-K04-S07,Doğa Barbekü Sos Orta,8690000526185,Şişe,6,36,42,96
B2,Sos ve Salça,7,4,8,B2-M07-K04-S08,Premium Barbekü Sos Orta,8690000526192,Şişe,6,42,48,96
B2,Sos ve Salça,7,4,9,B2-M07-K04-S09,Emigro Barbekü Sos Orta,8690000526208,Şişe,6,48,54,96
B2,Sos ve Salça,7,4,10,B2-M07-K04-S10,Anadolu Barbekü Sos Orta,8690000526215,Şişe,6,54,60,96
B2,Sos ve Salça,7,4,11,B2-M07-K04-S11,Bereket Barbekü Sos Orta,8690000526222,Şişe,6,60,66,96
B2,Sos ve Salça,7,4,12,B2-M07-K04-S12,Marmara Barbekü Sos Orta,8690000526239,Şişe,6,66,72,96
B2,Sos ve Salça,7,4,13,B2-M07-K04-S13,Usta Barbekü Sos Orta,8690000526246,Şişe,6,72,78,96
B2,Sos ve Salça,7,4,14,B2-M07-K04-S14,Lezzet Barbekü Sos Orta,8690000526253,Şişe,6,78,84,96
B2,Sos ve Salça,7,4,15,B2-M07-K04-S15,Günlük Barbekü Sos Orta,8690000526260,Şişe,6,84,90,96
B2,Sos ve Salça,7,4,16,B2-M07-K04-S16,Evimiz Barbekü Sos Orta,8690000526277,Şişe,6,90,96,96
B2,Sos ve Salça,7,5,1,B2-M07-K05-S01,Marmara Barbekü Sos Küçük,8690000526284,Şişe,6,0,6,96
B2,Sos ve Salça,7,5,2,B2-M07-K05-S02,Usta Barbekü Sos Küçük,8690000526291,Şişe,6,6,12,96
B2,Sos ve Salça,7,5,3,B2-M07-K05-S03,Lezzet Barbekü Sos Küçük,8690000526307,Şişe,6,12,18,96
B2,Sos ve Salça,7,5,4,B2-M07-K05-S04,Günlük Barbekü Sos Küçük,8690000526314,Şişe,6,18,24,96
B2,Sos ve Salça,7,5,5,B2-M07-K05-S05,Evimiz Barbekü Sos Küçük,8690000526321,Şişe,6,24,30,96
B2,Sos ve Salça,7,5,6,B2-M07-K05-S06,Doğa Barbekü Sos Küçük,8690000526338,Şişe,6,30,36,96
B2,Sos ve Salça,7,5,7,B2-M07-K05-S07,Premium Barbekü Sos Küçük,8690000526345,Şişe,6,36,42,96
B2,Sos ve Salça,7,5,8,B2-M07-K05-S08,Emigro Barbekü Sos Küçük,8690000526352,Şişe,6,42,48,96
B2,Sos ve Salça,7,5,9,B2-M07-K05-S09,Anadolu Barbekü Sos Küçük,8690000526369,Şişe,6,48,54,96
B2,Sos ve Salça,7,5,10,B2-M07-K05-S10,Bereket Barbekü Sos Küçük,8690000526376,Şişe,6,54,60,96
B2,Sos ve Salça,7,5,11,B2-M07-K05-S11,Marmara Barbekü Sos Küçük,8690000526383,Şişe,6,60,66,96
B2,Sos ve Salça,7,5,12,B2-M07-K05-S12,Usta Barbekü Sos Küçük,8690000526390,Şişe,6,66,72,96
B2,Sos ve Salça,7,5,13,B2-M07-K05-S13,Lezzet Barbekü Sos Küçük,8690000526406,Şişe,6,72,78,96
B2,Sos ve Salça,7,5,14,B2-M07-K05-S14,Günlük Barbekü Sos Küçük,8690000526413,Şişe,6,78,84,96
B2,Sos ve Salça,7,5,15,B2-M07-K05-S15,Evimiz Barbekü Sos Küçük,8690000526420,Şişe,6,84,90,96
B2,Sos ve Salça,7,5,16,B2-M07-K05-S16,Doğa Barbekü Sos Küçük,8690000526437,Şişe,6,90,96,96
B2,Sos ve Salça,7,6,1,B2-M07-K06-S01,Usta Barbekü Sos Mini,8690000526444,Şişe,5,0,5,100
B2,Sos ve Salça,7,6,2,B2-M07-K06-S02,Lezzet Barbekü Sos Mini,8690000526451,Şişe,5,5,10,100
B2,Sos ve Salça,7,6,3,B2-M07-K06-S03,Günlük Barbekü Sos Mini,8690000526468,Şişe,5,10,15,100
B2,Sos ve Salça,7,6,4,B2-M07-K06-S04,Evimiz Barbekü Sos Mini,8690000526475,Şişe,5,15,20,100
B2,Sos ve Salça,7,6,5,B2-M07-K06-S05,Doğa Barbekü Sos Mini,8690000526482,Şişe,5,20,25,100
B2,Sos ve Salça,7,6,6,B2-M07-K06-S06,Premium Barbekü Sos Mini,8690000526499,Şişe,5,25,30,100
B2,Sos ve Salça,7,6,7,B2-M07-K06-S07,Emigro Barbekü Sos Mini,8690000526505,Şişe,5,30,35,100
B2,Sos ve Salça,7,6,8,B2-M07-K06-S08,Anadolu Barbekü Sos Mini,8690000526512,Şişe,5,35,40,100
B2,Sos ve Salça,7,6,9,B2-M07-K06-S09,Bereket Barbekü Sos Mini,8690000526529,Şişe,5,40,45,100
B2,Sos ve Salça,7,6,10,B2-M07-K06-S10,Marmara Barbekü Sos Mini,8690000526536,Şişe,5,45,50,100
B2,Sos ve Salça,7,6,11,B2-M07-K06-S11,Usta Barbekü Sos Mini,8690000526543,Şişe,5,50,55,100
B2,Sos ve Salça,7,6,12,B2-M07-K06-S12,Lezzet Barbekü Sos Mini,8690000526550,Şişe,5,55,60,100
B2,Sos ve Salça,7,6,13,B2-M07-K06-S13,Günlük Barbekü Sos Mini,8690000526567,Şişe,5,60,65,100
B2,Sos ve Salça,7,6,14,B2-M07-K06-S14,Evimiz Barbekü Sos Mini,8690000526574,Şişe,5,65,70,100
B2,Sos ve Salça,7,6,15,B2-M07-K06-S15,Doğa Barbekü Sos Mini,8690000526581,Şişe,5,70,75,100
B2,Sos ve Salça,7,6,16,B2-M07-K06-S16,Premium Barbekü Sos Mini,8690000526598,Şişe,5,75,80,100
B2,Sos ve Salça,7,6,17,B2-M07-K06-S17,Emigro Barbekü Sos Mini,8690000526604,Şişe,5,80,85,100
B2,Sos ve Salça,7,6,18,B2-M07-K06-S18,Anadolu Barbekü Sos Mini,8690000526611,Şişe,5,85,90,100
B2,Sos ve Salça,7,6,19,B2-M07-K06-S19,Bereket Barbekü Sos Mini,8690000526628,Şişe,5,90,95,100
B2,Sos ve Salça,7,6,20,B2-M07-K06-S20,Marmara Barbekü Sos Mini,8690000526635,Şişe,5,95,100,100
B2,Sos ve Salça,8,1,1,B2-M08-K01-S01,Emigro Acı Sos XL,8690000526642,Şişe,6,0,6,96
B2,Sos ve Salça,8,1,2,B2-M08-K01-S02,Anadolu Acı Sos XL,8690000526659,Şişe,6,6,12,96
B2,Sos ve Salça,8,1,3,B2-M08-K01-S03,Bereket Acı Sos XL,8690000526666,Şişe,6,12,18,96
B2,Sos ve Salça,8,1,4,B2-M08-K01-S04,Marmara Acı Sos XL,8690000526673,Şişe,6,18,24,96
B2,Sos ve Salça,8,1,5,B2-M08-K01-S05,Usta Acı Sos XL,8690000526680,Şişe,6,24,30,96
B2,Sos ve Salça,8,1,6,B2-M08-K01-S06,Lezzet Acı Sos XL,8690000526697,Şişe,6,30,36,96
B2,Sos ve Salça,8,1,7,B2-M08-K01-S07,Günlük Acı Sos XL,8690000526703,Şişe,6,36,42,96
B2,Sos ve Salça,8,1,8,B2-M08-K01-S08,Evimiz Acı Sos XL,8690000526710,Şişe,6,42,48,96
B2,Sos ve Salça,8,1,9,B2-M08-K01-S09,Doğa Acı Sos XL,8690000526727,Şişe,6,48,54,96
B2,Sos ve Salça,8,1,10,B2-M08-K01-S10,Premium Acı Sos XL,8690000526734,Şişe,6,54,60,96
B2,Sos ve Salça,8,1,11,B2-M08-K01-S11,Emigro Acı Sos XL,8690000526741,Şişe,6,60,66,96
B2,Sos ve Salça,8,1,12,B2-M08-K01-S12,Anadolu Acı Sos XL,8690000526758,Şişe,6,66,72,96
B2,Sos ve Salça,8,1,13,B2-M08-K01-S13,Bereket Acı Sos XL,8690000526765,Şişe,6,72,78,96
B2,Sos ve Salça,8,1,14,B2-M08-K01-S14,Marmara Acı Sos XL,8690000526772,Şişe,6,78,84,96
B2,Sos ve Salça,8,1,15,B2-M08-K01-S15,Usta Acı Sos XL,8690000526789,Şişe,6,84,90,96
B2,Sos ve Salça,8,1,16,B2-M08-K01-S16,Lezzet Acı Sos XL,8690000526796,Şişe,6,90,96,96
B2,Sos ve Salça,8,2,1,B2-M08-K02-S01,Anadolu Acı Sos Büyük,8690000526802,Şişe,6,0,6,96
B2,Sos ve Salça,8,2,2,B2-M08-K02-S02,Bereket Acı Sos Büyük,8690000526819,Şişe,6,6,12,96
B2,Sos ve Salça,8,2,3,B2-M08-K02-S03,Marmara Acı Sos Büyük,8690000526826,Şişe,6,12,18,96
B2,Sos ve Salça,8,2,4,B2-M08-K02-S04,Usta Acı Sos Büyük,8690000526833,Şişe,6,18,24,96
B2,Sos ve Salça,8,2,5,B2-M08-K02-S05,Lezzet Acı Sos Büyük,8690000526840,Şişe,6,24,30,96
B2,Sos ve Salça,8,2,6,B2-M08-K02-S06,Günlük Acı Sos Büyük,8690000526857,Şişe,6,30,36,96
B2,Sos ve Salça,8,2,7,B2-M08-K02-S07,Evimiz Acı Sos Büyük,8690000526864,Şişe,6,36,42,96
B2,Sos ve Salça,8,2,8,B2-M08-K02-S08,Doğa Acı Sos Büyük,8690000526871,Şişe,6,42,48,96
B2,Sos ve Salça,8,2,9,B2-M08-K02-S09,Premium Acı Sos Büyük,8690000526888,Şişe,6,48,54,96
B2,Sos ve Salça,8,2,10,B2-M08-K02-S10,Emigro Acı Sos Büyük,8690000526895,Şişe,6,54,60,96
B2,Sos ve Salça,8,2,11,B2-M08-K02-S11,Anadolu Acı Sos Büyük,8690000526901,Şişe,6,60,66,96
B2,Sos ve Salça,8,2,12,B2-M08-K02-S12,Bereket Acı Sos Büyük,8690000526918,Şişe,6,66,72,96
B2,Sos ve Salça,8,2,13,B2-M08-K02-S13,Marmara Acı Sos Büyük,8690000526925,Şişe,6,72,78,96
B2,Sos ve Salça,8,2,14,B2-M08-K02-S14,Usta Acı Sos Büyük,8690000526932,Şişe,6,78,84,96
B2,Sos ve Salça,8,2,15,B2-M08-K02-S15,Lezzet Acı Sos Büyük,8690000526949,Şişe,6,84,90,96
B2,Sos ve Salça,8,2,16,B2-M08-K02-S16,Günlük Acı Sos Büyük,8690000526956,Şişe,6,90,96,96
B2,Sos ve Salça,8,3,1,B2-M08-K03-S01,Bereket Acı Sos Standart,8690000526963,Şişe,5,0,5,100
B2,Sos ve Salça,8,3,2,B2-M08-K03-S02,Marmara Acı Sos Standart,8690000526970,Şişe,5,5,10,100
B2,Sos ve Salça,8,3,3,B2-M08-K03-S03,Usta Acı Sos Standart,8690000526987,Şişe,5,10,15,100
B2,Sos ve Salça,8,3,4,B2-M08-K03-S04,Lezzet Acı Sos Standart,8690000526994,Şişe,5,15,20,100
B2,Sos ve Salça,8,3,5,B2-M08-K03-S05,Günlük Acı Sos Standart,8690000527007,Şişe,5,20,25,100
B2,Sos ve Salça,8,3,6,B2-M08-K03-S06,Evimiz Acı Sos Standart,8690000527014,Şişe,5,25,30,100
B2,Sos ve Salça,8,3,7,B2-M08-K03-S07,Doğa Acı Sos Standart,8690000527021,Şişe,5,30,35,100
B2,Sos ve Salça,8,3,8,B2-M08-K03-S08,Premium Acı Sos Standart,8690000527038,Şişe,5,35,40,100
B2,Sos ve Salça,8,3,9,B2-M08-K03-S09,Emigro Acı Sos Standart,8690000527045,Şişe,5,40,45,100
B2,Sos ve Salça,8,3,10,B2-M08-K03-S10,Anadolu Acı Sos Standart,8690000527052,Şişe,5,45,50,100
B2,Sos ve Salça,8,3,11,B2-M08-K03-S11,Bereket Acı Sos Standart,8690000527069,Şişe,5,50,55,100
B2,Sos ve Salça,8,3,12,B2-M08-K03-S12,Marmara Acı Sos Standart,8690000527076,Şişe,5,55,60,100
B2,Sos ve Salça,8,3,13,B2-M08-K03-S13,Usta Acı Sos Standart,8690000527083,Şişe,5,60,65,100
B2,Sos ve Salça,8,3,14,B2-M08-K03-S14,Lezzet Acı Sos Standart,8690000527090,Şişe,5,65,70,100
B2,Sos ve Salça,8,3,15,B2-M08-K03-S15,Günlük Acı Sos Standart,8690000527106,Şişe,5,70,75,100
B2,Sos ve Salça,8,3,16,B2-M08-K03-S16,Evimiz Acı Sos Standart,8690000527113,Şişe,5,75,80,100
B2,Sos ve Salça,8,3,17,B2-M08-K03-S17,Doğa Acı Sos Standart,8690000527120,Şişe,5,80,85,100
B2,Sos ve Salça,8,3,18,B2-M08-K03-S18,Premium Acı Sos Standart,8690000527137,Şişe,5,85,90,100
B2,Sos ve Salça,8,3,19,B2-M08-K03-S19,Emigro Acı Sos Standart,8690000527144,Şişe,5,90,95,100
B2,Sos ve Salça,8,3,20,B2-M08-K03-S20,Anadolu Acı Sos Standart,8690000527151,Şişe,5,95,100,100
B2,Sos ve Salça,8,4,1,B2-M08-K04-S01,Marmara Acı Sos Orta,8690000527168,Şişe,4,0,4,100
B2,Sos ve Salça,8,4,2,B2-M08-K04-S02,Usta Acı Sos Orta,8690000527175,Şişe,4,4,8,100
B2,Sos ve Salça,8,4,3,B2-M08-K04-S03,Lezzet Acı Sos Orta,8690000527182,Şişe,4,8,12,100
B2,Sos ve Salça,8,4,4,B2-M08-K04-S04,Günlük Acı Sos Orta,8690000527199,Şişe,4,12,16,100
B2,Sos ve Salça,8,4,5,B2-M08-K04-S05,Evimiz Acı Sos Orta,8690000527205,Şişe,4,16,20,100
B2,Sos ve Salça,8,4,6,B2-M08-K04-S06,Doğa Acı Sos Orta,8690000527212,Şişe,4,20,24,100
B2,Sos ve Salça,8,4,7,B2-M08-K04-S07,Premium Acı Sos Orta,8690000527229,Şişe,4,24,28,100
B2,Sos ve Salça,8,4,8,B2-M08-K04-S08,Emigro Acı Sos Orta,8690000527236,Şişe,4,28,32,100
B2,Sos ve Salça,8,4,9,B2-M08-K04-S09,Anadolu Acı Sos Orta,8690000527243,Şişe,4,32,36,100
B2,Sos ve Salça,8,4,10,B2-M08-K04-S10,Bereket Acı Sos Orta,8690000527250,Şişe,4,36,40,100
B2,Sos ve Salça,8,4,11,B2-M08-K04-S11,Marmara Acı Sos Orta,8690000527267,Şişe,4,40,44,100
B2,Sos ve Salça,8,4,12,B2-M08-K04-S12,Usta Acı Sos Orta,8690000527274,Şişe,4,44,48,100
B2,Sos ve Salça,8,4,13,B2-M08-K04-S13,Lezzet Acı Sos Orta,8690000527281,Şişe,4,48,52,100
B2,Sos ve Salça,8,4,14,B2-M08-K04-S14,Günlük Acı Sos Orta,8690000527298,Şişe,4,52,56,100
B2,Sos ve Salça,8,4,15,B2-M08-K04-S15,Evimiz Acı Sos Orta,8690000527304,Şişe,4,56,60,100
B2,Sos ve Salça,8,4,16,B2-M08-K04-S16,Doğa Acı Sos Orta,8690000527311,Şişe,4,60,64,100
B2,Sos ve Salça,8,4,17,B2-M08-K04-S17,Premium Acı Sos Orta,8690000527328,Şişe,4,64,68,100
B2,Sos ve Salça,8,4,18,B2-M08-K04-S18,Emigro Acı Sos Orta,8690000527335,Şişe,4,68,72,100
B2,Sos ve Salça,8,4,19,B2-M08-K04-S19,Anadolu Acı Sos Orta,8690000527342,Şişe,4,72,76,100
B2,Sos ve Salça,8,4,20,B2-M08-K04-S20,Bereket Acı Sos Orta,8690000527359,Şişe,4,76,80,100
B2,Sos ve Salça,8,4,21,B2-M08-K04-S21,Marmara Acı Sos Orta,8690000527366,Şişe,4,80,84,100
B2,Sos ve Salça,8,4,22,B2-M08-K04-S22,Usta Acı Sos Orta,8690000527373,Şişe,4,84,88,100
B2,Sos ve Salça,8,4,23,B2-M08-K04-S23,Lezzet Acı Sos Orta,8690000527380,Şişe,4,88,92,100
B2,Sos ve Salça,8,4,24,B2-M08-K04-S24,Günlük Acı Sos Orta,8690000527397,Şişe,4,92,96,100
B2,Sos ve Salça,8,4,25,B2-M08-K04-S25,Evimiz Acı Sos Orta,8690000527403,Şişe,4,96,100,100
B2,Sos ve Salça,8,5,1,B2-M08-K05-S01,Usta Acı Sos Küçük,8690000527410,Şişe,4,0,4,100
B2,Sos ve Salça,8,5,2,B2-M08-K05-S02,Lezzet Acı Sos Küçük,8690000527427,Şişe,4,4,8,100
B2,Sos ve Salça,8,5,3,B2-M08-K05-S03,Günlük Acı Sos Küçük,8690000527434,Şişe,4,8,12,100
B2,Sos ve Salça,8,5,4,B2-M08-K05-S04,Evimiz Acı Sos Küçük,8690000527441,Şişe,4,12,16,100
B2,Sos ve Salça,8,5,5,B2-M08-K05-S05,Doğa Acı Sos Küçük,8690000527458,Şişe,4,16,20,100
B2,Sos ve Salça,8,5,6,B2-M08-K05-S06,Premium Acı Sos Küçük,8690000527465,Şişe,4,20,24,100
B2,Sos ve Salça,8,5,7,B2-M08-K05-S07,Emigro Acı Sos Küçük,8690000527472,Şişe,4,24,28,100
B2,Sos ve Salça,8,5,8,B2-M08-K05-S08,Anadolu Acı Sos Küçük,8690000527489,Şişe,4,28,32,100
B2,Sos ve Salça,8,5,9,B2-M08-K05-S09,Bereket Acı Sos Küçük,8690000527496,Şişe,4,32,36,100
B2,Sos ve Salça,8,5,10,B2-M08-K05-S10,Marmara Acı Sos Küçük,8690000527502,Şişe,4,36,40,100
B2,Sos ve Salça,8,5,11,B2-M08-K05-S11,Usta Acı Sos Küçük,8690000527519,Şişe,4,40,44,100
B2,Sos ve Salça,8,5,12,B2-M08-K05-S12,Lezzet Acı Sos Küçük,8690000527526,Şişe,4,44,48,100
B2,Sos ve Salça,8,5,13,B2-M08-K05-S13,Günlük Acı Sos Küçük,8690000527533,Şişe,4,48,52,100
B2,Sos ve Salça,8,5,14,B2-M08-K05-S14,Evimiz Acı Sos Küçük,8690000527540,Şişe,4,52,56,100
B2,Sos ve Salça,8,5,15,B2-M08-K05-S15,Doğa Acı Sos Küçük,8690000527557,Şişe,4,56,60,100
B2,Sos ve Salça,8,5,16,B2-M08-K05-S16,Premium Acı Sos Küçük,8690000527564,Şişe,4,60,64,100
B2,Sos ve Salça,8,5,17,B2-M08-K05-S17,Emigro Acı Sos Küçük,8690000527571,Şişe,4,64,68,100
B2,Sos ve Salça,8,5,18,B2-M08-K05-S18,Anadolu Acı Sos Küçük,8690000527588,Şişe,4,68,72,100
B2,Sos ve Salça,8,5,19,B2-M08-K05-S19,Bereket Acı Sos Küçük,8690000527595,Şişe,4,72,76,100
B2,Sos ve Salça,8,5,20,B2-M08-K05-S20,Marmara Acı Sos Küçük,8690000527601,Şişe,4,76,80,100
B2,Sos ve Salça,8,5,21,B2-M08-K05-S21,Usta Acı Sos Küçük,8690000527618,Şişe,4,80,84,100
B2,Sos ve Salça,8,5,22,B2-M08-K05-S22,Lezzet Acı Sos Küçük,8690000527625,Şişe,4,84,88,100
B2,Sos ve Salça,8,5,23,B2-M08-K05-S23,Günlük Acı Sos Küçük,8690000527632,Şişe,4,88,92,100
B2,Sos ve Salça,8,5,24,B2-M08-K05-S24,Evimiz Acı Sos Küçük,8690000527649,Şişe,4,92,96,100
B2,Sos ve Salça,8,5,25,B2-M08-K05-S25,Doğa Acı Sos Küçük,8690000527656,Şişe,4,96,100,100
B2,Sos ve Salça,8,6,1,B2-M08-K06-S01,Lezzet Acı Sos Mini,8690000527663,Şişe,4,0,4,100
B2,Sos ve Salça,8,6,2,B2-M08-K06-S02,Günlük Acı Sos Mini,8690000527670,Şişe,4,4,8,100
B2,Sos ve Salça,8,6,3,B2-M08-K06-S03,Evimiz Acı Sos Mini,8690000527687,Şişe,4,8,12,100
B2,Sos ve Salça,8,6,4,B2-M08-K06-S04,Doğa Acı Sos Mini,8690000527694,Şişe,4,12,16,100
B2,Sos ve Salça,8,6,5,B2-M08-K06-S05,Premium Acı Sos Mini,8690000527700,Şişe,4,16,20,100
B2,Sos ve Salça,8,6,6,B2-M08-K06-S06,Emigro Acı Sos Mini,8690000527717,Şişe,4,20,24,100
B2,Sos ve Salça,8,6,7,B2-M08-K06-S07,Anadolu Acı Sos Mini,8690000527724,Şişe,4,24,28,100
B2,Sos ve Salça,8,6,8,B2-M08-K06-S08,Bereket Acı Sos Mini,8690000527731,Şişe,4,28,32,100
B2,Sos ve Salça,8,6,9,B2-M08-K06-S09,Marmara Acı Sos Mini,8690000527748,Şişe,4,32,36,100
B2,Sos ve Salça,8,6,10,B2-M08-K06-S10,Usta Acı Sos Mini,8690000527755,Şişe,4,36,40,100
B2,Sos ve Salça,8,6,11,B2-M08-K06-S11,Lezzet Acı Sos Mini,8690000527762,Şişe,4,40,44,100
B2,Sos ve Salça,8,6,12,B2-M08-K06-S12,Günlük Acı Sos Mini,8690000527779,Şişe,4,44,48,100
B2,Sos ve Salça,8,6,13,B2-M08-K06-S13,Evimiz Acı Sos Mini,8690000527786,Şişe,4,48,52,100
B2,Sos ve Salça,8,6,14,B2-M08-K06-S14,Doğa Acı Sos Mini,8690000527793,Şişe,4,52,56,100
B2,Sos ve Salça,8,6,15,B2-M08-K06-S15,Premium Acı Sos Mini,8690000527809,Şişe,4,56,60,100
B2,Sos ve Salça,8,6,16,B2-M08-K06-S16,Emigro Acı Sos Mini,8690000527816,Şişe,4,60,64,100
B2,Sos ve Salça,8,6,17,B2-M08-K06-S17,Anadolu Acı Sos Mini,8690000527823,Şişe,4,64,68,100
B2,Sos ve Salça,8,6,18,B2-M08-K06-S18,Bereket Acı Sos Mini,8690000527830,Şişe,4,68,72,100
B2,Sos ve Salça,8,6,19,B2-M08-K06-S19,Marmara Acı Sos Mini,8690000527847,Şişe,4,72,76,100
B2,Sos ve Salça,8,6,20,B2-M08-K06-S20,Usta Acı Sos Mini,8690000527854,Şişe,4,76,80,100
B2,Sos ve Salça,8,6,21,B2-M08-K06-S21,Lezzet Acı Sos Mini,8690000527861,Şişe,4,80,84,100
B2,Sos ve Salça,8,6,22,B2-M08-K06-S22,Günlük Acı Sos Mini,8690000527878,Şişe,4,84,88,100
B2,Sos ve Salça,8,6,23,B2-M08-K06-S23,Evimiz Acı Sos Mini,8690000527885,Şişe,4,88,92,100
B2,Sos ve Salça,8,6,24,B2-M08-K06-S24,Doğa Acı Sos Mini,8690000527892,Şişe,4,92,96,100
B2,Sos ve Salça,8,6,25,B2-M08-K06-S25,Premium Acı Sos Mini,8690000527908,Şişe,4,96,100,100
B2,Sos ve Salça,9,1,1,B2-M09-K01-S01,Anadolu Nar Ekşisi XL,8690000527915,Şişe,9,0,9,99
B2,Sos ve Salça,9,1,2,B2-M09-K01-S02,Bereket Nar Ekşisi XL,8690000527922,Şişe,9,9,18,99
B2,Sos ve Salça,9,1,3,B2-M09-K01-S03,Marmara Nar Ekşisi XL,8690000527939,Şişe,9,18,27,99
B2,Sos ve Salça,9,1,4,B2-M09-K01-S04,Usta Nar Ekşisi XL,8690000527946,Şişe,9,27,36,99
B2,Sos ve Salça,9,1,5,B2-M09-K01-S05,Lezzet Nar Ekşisi XL,8690000527953,Şişe,9,36,45,99
B2,Sos ve Salça,9,1,6,B2-M09-K01-S06,Günlük Nar Ekşisi XL,8690000527960,Şişe,9,45,54,99
B2,Sos ve Salça,9,1,7,B2-M09-K01-S07,Evimiz Nar Ekşisi XL,8690000527977,Şişe,9,54,63,99
B2,Sos ve Salça,9,1,8,B2-M09-K01-S08,Doğa Nar Ekşisi XL,8690000527984,Şişe,9,63,72,99
B2,Sos ve Salça,9,1,9,B2-M09-K01-S09,Premium Nar Ekşisi XL,8690000527991,Şişe,9,72,81,99
B2,Sos ve Salça,9,1,10,B2-M09-K01-S10,Emigro Nar Ekşisi XL,8690000528004,Şişe,9,81,90,99
B2,Sos ve Salça,9,1,11,B2-M09-K01-S11,Anadolu Nar Ekşisi XL,8690000528011,Şişe,9,90,99,99
B2,Sos ve Salça,9,2,1,B2-M09-K02-S01,Bereket Nar Ekşisi Büyük,8690000528028,Şişe,8,0,8,96
B2,Sos ve Salça,9,2,2,B2-M09-K02-S02,Marmara Nar Ekşisi Büyük,8690000528035,Şişe,8,8,16,96
B2,Sos ve Salça,9,2,3,B2-M09-K02-S03,Usta Nar Ekşisi Büyük,8690000528042,Şişe,8,16,24,96
B2,Sos ve Salça,9,2,4,B2-M09-K02-S04,Lezzet Nar Ekşisi Büyük,8690000528059,Şişe,8,24,32,96
B2,Sos ve Salça,9,2,5,B2-M09-K02-S05,Günlük Nar Ekşisi Büyük,8690000528066,Şişe,8,32,40,96
B2,Sos ve Salça,9,2,6,B2-M09-K02-S06,Evimiz Nar Ekşisi Büyük,8690000528073,Şişe,8,40,48,96
B2,Sos ve Salça,9,2,7,B2-M09-K02-S07,Doğa Nar Ekşisi Büyük,8690000528080,Şişe,8,48,56,96
B2,Sos ve Salça,9,2,8,B2-M09-K02-S08,Premium Nar Ekşisi Büyük,8690000528097,Şişe,8,56,64,96
B2,Sos ve Salça,9,2,9,B2-M09-K02-S09,Emigro Nar Ekşisi Büyük,8690000528103,Şişe,8,64,72,96
B2,Sos ve Salça,9,2,10,B2-M09-K02-S10,Anadolu Nar Ekşisi Büyük,8690000528110,Şişe,8,72,80,96
B2,Sos ve Salça,9,2,11,B2-M09-K02-S11,Bereket Nar Ekşisi Büyük,8690000528127,Şişe,8,80,88,96
B2,Sos ve Salça,9,2,12,B2-M09-K02-S12,Marmara Nar Ekşisi Büyük,8690000528134,Şişe,8,88,96,96
B2,Sos ve Salça,9,3,1,B2-M09-K03-S01,Marmara Nar Ekşisi Standart,8690000528141,Şişe,7,0,7,98
B2,Sos ve Salça,9,3,2,B2-M09-K03-S02,Usta Nar Ekşisi Standart,8690000528158,Şişe,7,7,14,98
B2,Sos ve Salça,9,3,3,B2-M09-K03-S03,Lezzet Nar Ekşisi Standart,8690000528165,Şişe,7,14,21,98
B2,Sos ve Salça,9,3,4,B2-M09-K03-S04,Günlük Nar Ekşisi Standart,8690000528172,Şişe,7,21,28,98
B2,Sos ve Salça,9,3,5,B2-M09-K03-S05,Evimiz Nar Ekşisi Standart,8690000528189,Şişe,7,28,35,98
B2,Sos ve Salça,9,3,6,B2-M09-K03-S06,Doğa Nar Ekşisi Standart,8690000528196,Şişe,7,35,42,98
B2,Sos ve Salça,9,3,7,B2-M09-K03-S07,Premium Nar Ekşisi Standart,8690000528202,Şişe,7,42,49,98
B2,Sos ve Salça,9,3,8,B2-M09-K03-S08,Emigro Nar Ekşisi Standart,8690000528219,Şişe,7,49,56,98
B2,Sos ve Salça,9,3,9,B2-M09-K03-S09,Anadolu Nar Ekşisi Standart,8690000528226,Şişe,7,56,63,98
B2,Sos ve Salça,9,3,10,B2-M09-K03-S10,Bereket Nar Ekşisi Standart,8690000528233,Şişe,7,63,70,98
B2,Sos ve Salça,9,3,11,B2-M09-K03-S11,Marmara Nar Ekşisi Standart,8690000528240,Şişe,7,70,77,98
B2,Sos ve Salça,9,3,12,B2-M09-K03-S12,Usta Nar Ekşisi Standart,8690000528257,Şişe,7,77,84,98
B2,Sos ve Salça,9,3,13,B2-M09-K03-S13,Lezzet Nar Ekşisi Standart,8690000528264,Şişe,7,84,91,98
B2,Sos ve Salça,9,3,14,B2-M09-K03-S14,Günlük Nar Ekşisi Standart,8690000528271,Şişe,7,91,98,98
B2,Sos ve Salça,9,4,1,B2-M09-K04-S01,Usta Nar Ekşisi Orta,8690000528288,Şişe,6,0,6,96
B2,Sos ve Salça,9,4,2,B2-M09-K04-S02,Lezzet Nar Ekşisi Orta,8690000528295,Şişe,6,6,12,96
B2,Sos ve Salça,9,4,3,B2-M09-K04-S03,Günlük Nar Ekşisi Orta,8690000528301,Şişe,6,12,18,96
B2,Sos ve Salça,9,4,4,B2-M09-K04-S04,Evimiz Nar Ekşisi Orta,8690000528318,Şişe,6,18,24,96
B2,Sos ve Salça,9,4,5,B2-M09-K04-S05,Doğa Nar Ekşisi Orta,8690000528325,Şişe,6,24,30,96
B2,Sos ve Salça,9,4,6,B2-M09-K04-S06,Premium Nar Ekşisi Orta,8690000528332,Şişe,6,30,36,96
B2,Sos ve Salça,9,4,7,B2-M09-K04-S07,Emigro Nar Ekşisi Orta,8690000528349,Şişe,6,36,42,96
B2,Sos ve Salça,9,4,8,B2-M09-K04-S08,Anadolu Nar Ekşisi Orta,8690000528356,Şişe,6,42,48,96
B2,Sos ve Salça,9,4,9,B2-M09-K04-S09,Bereket Nar Ekşisi Orta,8690000528363,Şişe,6,48,54,96
B2,Sos ve Salça,9,4,10,B2-M09-K04-S10,Marmara Nar Ekşisi Orta,8690000528370,Şişe,6,54,60,96
B2,Sos ve Salça,9,4,11,B2-M09-K04-S11,Usta Nar Ekşisi Orta,8690000528387,Şişe,6,60,66,96
B2,Sos ve Salça,9,4,12,B2-M09-K04-S12,Lezzet Nar Ekşisi Orta,8690000528394,Şişe,6,66,72,96
B2,Sos ve Salça,9,4,13,B2-M09-K04-S13,Günlük Nar Ekşisi Orta,8690000528400,Şişe,6,72,78,96
B2,Sos ve Salça,9,4,14,B2-M09-K04-S14,Evimiz Nar Ekşisi Orta,8690000528417,Şişe,6,78,84,96
B2,Sos ve Salça,9,4,15,B2-M09-K04-S15,Doğa Nar Ekşisi Orta,8690000528424,Şişe,6,84,90,96
B2,Sos ve Salça,9,4,16,B2-M09-K04-S16,Premium Nar Ekşisi Orta,8690000528431,Şişe,6,90,96,96
B2,Sos ve Salça,9,5,1,B2-M09-K05-S01,Lezzet Nar Ekşisi Küçük,8690000528448,Şişe,6,0,6,96
B2,Sos ve Salça,9,5,2,B2-M09-K05-S02,Günlük Nar Ekşisi Küçük,8690000528455,Şişe,6,6,12,96
B2,Sos ve Salça,9,5,3,B2-M09-K05-S03,Evimiz Nar Ekşisi Küçük,8690000528462,Şişe,6,12,18,96
B2,Sos ve Salça,9,5,4,B2-M09-K05-S04,Doğa Nar Ekşisi Küçük,8690000528479,Şişe,6,18,24,96
B2,Sos ve Salça,9,5,5,B2-M09-K05-S05,Premium Nar Ekşisi Küçük,8690000528486,Şişe,6,24,30,96
B2,Sos ve Salça,9,5,6,B2-M09-K05-S06,Emigro Nar Ekşisi Küçük,8690000528493,Şişe,6,30,36,96
B2,Sos ve Salça,9,5,7,B2-M09-K05-S07,Anadolu Nar Ekşisi Küçük,8690000528509,Şişe,6,36,42,96
B2,Sos ve Salça,9,5,8,B2-M09-K05-S08,Bereket Nar Ekşisi Küçük,8690000528516,Şişe,6,42,48,96
B2,Sos ve Salça,9,5,9,B2-M09-K05-S09,Marmara Nar Ekşisi Küçük,8690000528523,Şişe,6,48,54,96
B2,Sos ve Salça,9,5,10,B2-M09-K05-S10,Usta Nar Ekşisi Küçük,8690000528530,Şişe,6,54,60,96
B2,Sos ve Salça,9,5,11,B2-M09-K05-S11,Lezzet Nar Ekşisi Küçük,8690000528547,Şişe,6,60,66,96
B2,Sos ve Salça,9,5,12,B2-M09-K05-S12,Günlük Nar Ekşisi Küçük,8690000528554,Şişe,6,66,72,96
B2,Sos ve Salça,9,5,13,B2-M09-K05-S13,Evimiz Nar Ekşisi Küçük,8690000528561,Şişe,6,72,78,96
B2,Sos ve Salça,9,5,14,B2-M09-K05-S14,Doğa Nar Ekşisi Küçük,8690000528578,Şişe,6,78,84,96
B2,Sos ve Salça,9,5,15,B2-M09-K05-S15,Premium Nar Ekşisi Küçük,8690000528585,Şişe,6,84,90,96
B2,Sos ve Salça,9,5,16,B2-M09-K05-S16,Emigro Nar Ekşisi Küçük,8690000528592,Şişe,6,90,96,96
B2,Sos ve Salça,9,6,1,B2-M09-K06-S01,Günlük Nar Ekşisi Mini,8690000528608,Şişe,5,0,5,100
B2,Sos ve Salça,9,6,2,B2-M09-K06-S02,Evimiz Nar Ekşisi Mini,8690000528615,Şişe,5,5,10,100
B2,Sos ve Salça,9,6,3,B2-M09-K06-S03,Doğa Nar Ekşisi Mini,8690000528622,Şişe,5,10,15,100
B2,Sos ve Salça,9,6,4,B2-M09-K06-S04,Premium Nar Ekşisi Mini,8690000528639,Şişe,5,15,20,100
B2,Sos ve Salça,9,6,5,B2-M09-K06-S05,Emigro Nar Ekşisi Mini,8690000528646,Şişe,5,20,25,100
B2,Sos ve Salça,9,6,6,B2-M09-K06-S06,Anadolu Nar Ekşisi Mini,8690000528653,Şişe,5,25,30,100
B2,Sos ve Salça,9,6,7,B2-M09-K06-S07,Bereket Nar Ekşisi Mini,8690000528660,Şişe,5,30,35,100
B2,Sos ve Salça,9,6,8,B2-M09-K06-S08,Marmara Nar Ekşisi Mini,8690000528677,Şişe,5,35,40,100
B2,Sos ve Salça,9,6,9,B2-M09-K06-S09,Usta Nar Ekşisi Mini,8690000528684,Şişe,5,40,45,100
B2,Sos ve Salça,9,6,10,B2-M09-K06-S10,Lezzet Nar Ekşisi Mini,8690000528691,Şişe,5,45,50,100
B2,Sos ve Salça,9,6,11,B2-M09-K06-S11,Günlük Nar Ekşisi Mini,8690000528707,Şişe,5,50,55,100
B2,Sos ve Salça,9,6,12,B2-M09-K06-S12,Evimiz Nar Ekşisi Mini,8690000528714,Şişe,5,55,60,100
B2,Sos ve Salça,9,6,13,B2-M09-K06-S13,Doğa Nar Ekşisi Mini,8690000528721,Şişe,5,60,65,100
B2,Sos ve Salça,9,6,14,B2-M09-K06-S14,Premium Nar Ekşisi Mini,8690000528738,Şişe,5,65,70,100
B2,Sos ve Salça,9,6,15,B2-M09-K06-S15,Emigro Nar Ekşisi Mini,8690000528745,Şişe,5,70,75,100
B2,Sos ve Salça,9,6,16,B2-M09-K06-S16,Anadolu Nar Ekşisi Mini,8690000528752,Şişe,5,75,80,100
B2,Sos ve Salça,9,6,17,B2-M09-K06-S17,Bereket Nar Ekşisi Mini,8690000528769,Şişe,5,80,85,100
B2,Sos ve Salça,9,6,18,B2-M09-K06-S18,Marmara Nar Ekşisi Mini,8690000528776,Şişe,5,85,90,100
B2,Sos ve Salça,9,6,19,B2-M09-K06-S19,Usta Nar Ekşisi Mini,8690000528783,Şişe,5,90,95,100
B2,Sos ve Salça,9,6,20,B2-M09-K06-S20,Lezzet Nar Ekşisi Mini,8690000528790,Şişe,5,95,100,100
B2,Sos ve Salça,10,1,1,B2-M10-K01-S01,Bereket Soya Sosu XL,8690000528806,Şişe,8,0,8,96
B2,Sos ve Salça,10,1,2,B2-M10-K01-S02,Marmara Soya Sosu XL,8690000528813,Şişe,8,8,16,96
B2,Sos ve Salça,10,1,3,B2-M10-K01-S03,Usta Soya Sosu XL,8690000528820,Şişe,8,16,24,96
B2,Sos ve Salça,10,1,4,B2-M10-K01-S04,Lezzet Soya Sosu XL,8690000528837,Şişe,8,24,32,96
B2,Sos ve Salça,10,1,5,B2-M10-K01-S05,Günlük Soya Sosu XL,8690000528844,Şişe,8,32,40,96
B2,Sos ve Salça,10,1,6,B2-M10-K01-S06,Evimiz Soya Sosu XL,8690000528851,Şişe,8,40,48,96
B2,Sos ve Salça,10,1,7,B2-M10-K01-S07,Doğa Soya Sosu XL,8690000528868,Şişe,8,48,56,96
B2,Sos ve Salça,10,1,8,B2-M10-K01-S08,Premium Soya Sosu XL,8690000528875,Şişe,8,56,64,96
B2,Sos ve Salça,10,1,9,B2-M10-K01-S09,Emigro Soya Sosu XL,8690000528882,Şişe,8,64,72,96
B2,Sos ve Salça,10,1,10,B2-M10-K01-S10,Anadolu Soya Sosu XL,8690000528899,Şişe,8,72,80,96
B2,Sos ve Salça,10,1,11,B2-M10-K01-S11,Bereket Soya Sosu XL,8690000528905,Şişe,8,80,88,96
B2,Sos ve Salça,10,1,12,B2-M10-K01-S12,Marmara Soya Sosu XL,8690000528912,Şişe,8,88,96,96
B2,Sos ve Salça,10,2,1,B2-M10-K02-S01,Marmara Soya Sosu Büyük,8690000528929,Şişe,7,0,7,98
B2,Sos ve Salça,10,2,2,B2-M10-K02-S02,Usta Soya Sosu Büyük,8690000528936,Şişe,7,7,14,98
B2,Sos ve Salça,10,2,3,B2-M10-K02-S03,Lezzet Soya Sosu Büyük,8690000528943,Şişe,7,14,21,98
B2,Sos ve Salça,10,2,4,B2-M10-K02-S04,Günlük Soya Sosu Büyük,8690000528950,Şişe,7,21,28,98
B2,Sos ve Salça,10,2,5,B2-M10-K02-S05,Evimiz Soya Sosu Büyük,8690000528967,Şişe,7,28,35,98
B2,Sos ve Salça,10,2,6,B2-M10-K02-S06,Doğa Soya Sosu Büyük,8690000528974,Şişe,7,35,42,98
B2,Sos ve Salça,10,2,7,B2-M10-K02-S07,Premium Soya Sosu Büyük,8690000528981,Şişe,7,42,49,98
B2,Sos ve Salça,10,2,8,B2-M10-K02-S08,Emigro Soya Sosu Büyük,8690000528998,Şişe,7,49,56,98
B2,Sos ve Salça,10,2,9,B2-M10-K02-S09,Anadolu Soya Sosu Büyük,8690000529001,Şişe,7,56,63,98
B2,Sos ve Salça,10,2,10,B2-M10-K02-S10,Bereket Soya Sosu Büyük,8690000529018,Şişe,7,63,70,98
B2,Sos ve Salça,10,2,11,B2-M10-K02-S11,Marmara Soya Sosu Büyük,8690000529025,Şişe,7,70,77,98
B2,Sos ve Salça,10,2,12,B2-M10-K02-S12,Usta Soya Sosu Büyük,8690000529032,Şişe,7,77,84,98
B2,Sos ve Salça,10,2,13,B2-M10-K02-S13,Lezzet Soya Sosu Büyük,8690000529049,Şişe,7,84,91,98
B2,Sos ve Salça,10,2,14,B2-M10-K02-S14,Günlük Soya Sosu Büyük,8690000529056,Şişe,7,91,98,98
B2,Sos ve Salça,10,3,1,B2-M10-K03-S01,Usta Soya Sosu Standart,8690000529063,Şişe,6,0,6,96
B2,Sos ve Salça,10,3,2,B2-M10-K03-S02,Lezzet Soya Sosu Standart,8690000529070,Şişe,6,6,12,96
B2,Sos ve Salça,10,3,3,B2-M10-K03-S03,Günlük Soya Sosu Standart,8690000529087,Şişe,6,12,18,96
B2,Sos ve Salça,10,3,4,B2-M10-K03-S04,Evimiz Soya Sosu Standart,8690000529094,Şişe,6,18,24,96
B2,Sos ve Salça,10,3,5,B2-M10-K03-S05,Doğa Soya Sosu Standart,8690000529100,Şişe,6,24,30,96
B2,Sos ve Salça,10,3,6,B2-M10-K03-S06,Premium Soya Sosu Standart,8690000529117,Şişe,6,30,36,96
B2,Sos ve Salça,10,3,7,B2-M10-K03-S07,Emigro Soya Sosu Standart,8690000529124,Şişe,6,36,42,96
B2,Sos ve Salça,10,3,8,B2-M10-K03-S08,Anadolu Soya Sosu Standart,8690000529131,Şişe,6,42,48,96
B2,Sos ve Salça,10,3,9,B2-M10-K03-S09,Bereket Soya Sosu Standart,8690000529148,Şişe,6,48,54,96
B2,Sos ve Salça,10,3,10,B2-M10-K03-S10,Marmara Soya Sosu Standart,8690000529155,Şişe,6,54,60,96
B2,Sos ve Salça,10,3,11,B2-M10-K03-S11,Usta Soya Sosu Standart,8690000529162,Şişe,6,60,66,96
B2,Sos ve Salça,10,3,12,B2-M10-K03-S12,Lezzet Soya Sosu Standart,8690000529179,Şişe,6,66,72,96
B2,Sos ve Salça,10,3,13,B2-M10-K03-S13,Günlük Soya Sosu Standart,8690000529186,Şişe,6,72,78,96
B2,Sos ve Salça,10,3,14,B2-M10-K03-S14,Evimiz Soya Sosu Standart,8690000529193,Şişe,6,78,84,96
B2,Sos ve Salça,10,3,15,B2-M10-K03-S15,Doğa Soya Sosu Standart,8690000529209,Şişe,6,84,90,96
B2,Sos ve Salça,10,3,16,B2-M10-K03-S16,Premium Soya Sosu Standart,8690000529216,Şişe,6,90,96,96
B2,Sos ve Salça,10,4,1,B2-M10-K04-S01,Lezzet Soya Sosu Orta,8690000529223,Şişe,5,0,5,100
B2,Sos ve Salça,10,4,2,B2-M10-K04-S02,Günlük Soya Sosu Orta,8690000529230,Şişe,5,5,10,100
B2,Sos ve Salça,10,4,3,B2-M10-K04-S03,Evimiz Soya Sosu Orta,8690000529247,Şişe,5,10,15,100
B2,Sos ve Salça,10,4,4,B2-M10-K04-S04,Doğa Soya Sosu Orta,8690000529254,Şişe,5,15,20,100
B2,Sos ve Salça,10,4,5,B2-M10-K04-S05,Premium Soya Sosu Orta,8690000529261,Şişe,5,20,25,100
B2,Sos ve Salça,10,4,6,B2-M10-K04-S06,Emigro Soya Sosu Orta,8690000529278,Şişe,5,25,30,100
B2,Sos ve Salça,10,4,7,B2-M10-K04-S07,Anadolu Soya Sosu Orta,8690000529285,Şişe,5,30,35,100
B2,Sos ve Salça,10,4,8,B2-M10-K04-S08,Bereket Soya Sosu Orta,8690000529292,Şişe,5,35,40,100
B2,Sos ve Salça,10,4,9,B2-M10-K04-S09,Marmara Soya Sosu Orta,8690000529308,Şişe,5,40,45,100
B2,Sos ve Salça,10,4,10,B2-M10-K04-S10,Usta Soya Sosu Orta,8690000529315,Şişe,5,45,50,100
B2,Sos ve Salça,10,4,11,B2-M10-K04-S11,Lezzet Soya Sosu Orta,8690000529322,Şişe,5,50,55,100
B2,Sos ve Salça,10,4,12,B2-M10-K04-S12,Günlük Soya Sosu Orta,8690000529339,Şişe,5,55,60,100
B2,Sos ve Salça,10,4,13,B2-M10-K04-S13,Evimiz Soya Sosu Orta,8690000529346,Şişe,5,60,65,100
B2,Sos ve Salça,10,4,14,B2-M10-K04-S14,Doğa Soya Sosu Orta,8690000529353,Şişe,5,65,70,100
B2,Sos ve Salça,10,4,15,B2-M10-K04-S15,Premium Soya Sosu Orta,8690000529360,Şişe,5,70,75,100
B2,Sos ve Salça,10,4,16,B2-M10-K04-S16,Emigro Soya Sosu Orta,8690000529377,Şişe,5,75,80,100
B2,Sos ve Salça,10,4,17,B2-M10-K04-S17,Anadolu Soya Sosu Orta,8690000529384,Şişe,5,80,85,100
B2,Sos ve Salça,10,4,18,B2-M10-K04-S18,Bereket Soya Sosu Orta,8690000529391,Şişe,5,85,90,100
B2,Sos ve Salça,10,4,19,B2-M10-K04-S19,Marmara Soya Sosu Orta,8690000529407,Şişe,5,90,95,100
B2,Sos ve Salça,10,4,20,B2-M10-K04-S20,Usta Soya Sosu Orta,8690000529414,Şişe,5,95,100,100
B2,Sos ve Salça,10,5,1,B2-M10-K05-S01,Günlük Soya Sosu Küçük,8690000529421,Şişe,5,0,5,100
B2,Sos ve Salça,10,5,2,B2-M10-K05-S02,Evimiz Soya Sosu Küçük,8690000529438,Şişe,5,5,10,100
B2,Sos ve Salça,10,5,3,B2-M10-K05-S03,Doğa Soya Sosu Küçük,8690000529445,Şişe,5,10,15,100
B2,Sos ve Salça,10,5,4,B2-M10-K05-S04,Premium Soya Sosu Küçük,8690000529452,Şişe,5,15,20,100
B2,Sos ve Salça,10,5,5,B2-M10-K05-S05,Emigro Soya Sosu Küçük,8690000529469,Şişe,5,20,25,100
B2,Sos ve Salça,10,5,6,B2-M10-K05-S06,Anadolu Soya Sosu Küçük,8690000529476,Şişe,5,25,30,100
B2,Sos ve Salça,10,5,7,B2-M10-K05-S07,Bereket Soya Sosu Küçük,8690000529483,Şişe,5,30,35,100
B2,Sos ve Salça,10,5,8,B2-M10-K05-S08,Marmara Soya Sosu Küçük,8690000529490,Şişe,5,35,40,100
B2,Sos ve Salça,10,5,9,B2-M10-K05-S09,Usta Soya Sosu Küçük,8690000529506,Şişe,5,40,45,100
B2,Sos ve Salça,10,5,10,B2-M10-K05-S10,Lezzet Soya Sosu Küçük,8690000529513,Şişe,5,45,50,100
B2,Sos ve Salça,10,5,11,B2-M10-K05-S11,Günlük Soya Sosu Küçük,8690000529520,Şişe,5,50,55,100
B2,Sos ve Salça,10,5,12,B2-M10-K05-S12,Evimiz Soya Sosu Küçük,8690000529537,Şişe,5,55,60,100
B2,Sos ve Salça,10,5,13,B2-M10-K05-S13,Doğa Soya Sosu Küçük,8690000529544,Şişe,5,60,65,100
B2,Sos ve Salça,10,5,14,B2-M10-K05-S14,Premium Soya Sosu Küçük,8690000529551,Şişe,5,65,70,100
B2,Sos ve Salça,10,5,15,B2-M10-K05-S15,Emigro Soya Sosu Küçük,8690000529568,Şişe,5,70,75,100
B2,Sos ve Salça,10,5,16,B2-M10-K05-S16,Anadolu Soya Sosu Küçük,8690000529575,Şişe,5,75,80,100
B2,Sos ve Salça,10,5,17,B2-M10-K05-S17,Bereket Soya Sosu Küçük,8690000529582,Şişe,5,80,85,100
B2,Sos ve Salça,10,5,18,B2-M10-K05-S18,Marmara Soya Sosu Küçük,8690000529599,Şişe,5,85,90,100
B2,Sos ve Salça,10,5,19,B2-M10-K05-S19,Usta Soya Sosu Küçük,8690000529605,Şişe,5,90,95,100
B2,Sos ve Salça,10,5,20,B2-M10-K05-S20,Lezzet Soya Sosu Küçük,8690000529612,Şişe,5,95,100,100
B2,Sos ve Salça,10,6,1,B2-M10-K06-S01,Evimiz Soya Sosu Mini,8690000529629,Şişe,4,0,4,100
B2,Sos ve Salça,10,6,2,B2-M10-K06-S02,Doğa Soya Sosu Mini,8690000529636,Şişe,4,4,8,100
B2,Sos ve Salça,10,6,3,B2-M10-K06-S03,Premium Soya Sosu Mini,8690000529643,Şişe,4,8,12,100
B2,Sos ve Salça,10,6,4,B2-M10-K06-S04,Emigro Soya Sosu Mini,8690000529650,Şişe,4,12,16,100
B2,Sos ve Salça,10,6,5,B2-M10-K06-S05,Anadolu Soya Sosu Mini,8690000529667,Şişe,4,16,20,100
B2,Sos ve Salça,10,6,6,B2-M10-K06-S06,Bereket Soya Sosu Mini,8690000529674,Şişe,4,20,24,100
B2,Sos ve Salça,10,6,7,B2-M10-K06-S07,Marmara Soya Sosu Mini,8690000529681,Şişe,4,24,28,100
B2,Sos ve Salça,10,6,8,B2-M10-K06-S08,Usta Soya Sosu Mini,8690000529698,Şişe,4,28,32,100
B2,Sos ve Salça,10,6,9,B2-M10-K06-S09,Lezzet Soya Sosu Mini,8690000529704,Şişe,4,32,36,100
B2,Sos ve Salça,10,6,10,B2-M10-K06-S10,Günlük Soya Sosu Mini,8690000529711,Şişe,4,36,40,100
B2,Sos ve Salça,10,6,11,B2-M10-K06-S11,Evimiz Soya Sosu Mini,8690000529728,Şişe,4,40,44,100
B2,Sos ve Salça,10,6,12,B2-M10-K06-S12,Doğa Soya Sosu Mini,8690000529735,Şişe,4,44,48,100
B2,Sos ve Salça,10,6,13,B2-M10-K06-S13,Premium Soya Sosu Mini,8690000529742,Şişe,4,48,52,100
B2,Sos ve Salça,10,6,14,B2-M10-K06-S14,Emigro Soya Sosu Mini,8690000529759,Şişe,4,52,56,100
B2,Sos ve Salça,10,6,15,B2-M10-K06-S15,Anadolu Soya Sosu Mini,8690000529766,Şişe,4,56,60,100
B2,Sos ve Salça,10,6,16,B2-M10-K06-S16,Bereket Soya Sosu Mini,8690000529773,Şişe,4,60,64,100
B2,Sos ve Salça,10,6,17,B2-M10-K06-S17,Marmara Soya Sosu Mini,8690000529780,Şişe,4,64,68,100
B2,Sos ve Salça,10,6,18,B2-M10-K06-S18,Usta Soya Sosu Mini,8690000529797,Şişe,4,68,72,100
B2,Sos ve Salça,10,6,19,B2-M10-K06-S19,Lezzet Soya Sosu Mini,8690000529803,Şişe,4,72,76,100
B2,Sos ve Salça,10,6,20,B2-M10-K06-S20,Günlük Soya Sosu Mini,8690000529810,Şişe,4,76,80,100
B2,Sos ve Salça,10,6,21,B2-M10-K06-S21,Evimiz Soya Sosu Mini,8690000529827,Şişe,4,80,84,100
B2,Sos ve Salça,10,6,22,B2-M10-K06-S22,Doğa Soya Sosu Mini,8690000529834,Şişe,4,84,88,100
B2,Sos ve Salça,10,6,23,B2-M10-K06-S23,Premium Soya Sosu Mini,8690000529841,Şişe,4,88,92,100
B2,Sos ve Salça,10,6,24,B2-M10-K06-S24,Emigro Soya Sosu Mini,8690000529858,Şişe,4,92,96,100
B2,Sos ve Salça,10,6,25,B2-M10-K06-S25,Anadolu Soya Sosu Mini,8690000529865,Şişe,4,96,100,100
C1,İçecek,1,1,1,C1-M01-K01-S01,Marmara Doğal Kaynak Suyu XL,8690000529872,Şişe,11,0,11,99
C1,İçecek,1,1,2,C1-M01-K01-S02,Usta Doğal Kaynak Suyu XL,8690000529889,Şişe,11,11,22,99
C1,İçecek,1,1,3,C1-M01-K01-S03,Lezzet Doğal Kaynak Suyu XL,8690000529896,Şişe,11,22,33,99
C1,İçecek,1,1,4,C1-M01-K01-S04,Günlük Doğal Kaynak Suyu XL,8690000529902,Şişe,11,33,44,99
C1,İçecek,1,1,5,C1-M01-K01-S05,Evimiz Doğal Kaynak Suyu XL,8690000529919,Şişe,11,44,55,99
C1,İçecek,1,1,6,C1-M01-K01-S06,Doğa Doğal Kaynak Suyu XL,8690000529926,Şişe,11,55,66,99
C1,İçecek,1,1,7,C1-M01-K01-S07,Premium Doğal Kaynak Suyu XL,8690000529933,Şişe,11,66,77,99
C1,İçecek,1,1,8,C1-M01-K01-S08,Emigro Doğal Kaynak Suyu XL,8690000529940,Şişe,11,77,88,99
C1,İçecek,1,1,9,C1-M01-K01-S09,Anadolu Doğal Kaynak Suyu XL,8690000529957,Şişe,11,88,99,99
C1,İçecek,1,2,1,C1-M01-K02-S01,Usta Doğal Kaynak Suyu Büyük,8690000529964,Şişe,10,0,10,100
C1,İçecek,1,2,2,C1-M01-K02-S02,Lezzet Doğal Kaynak Suyu Büyük,8690000529971,Şişe,10,10,20,100
C1,İçecek,1,2,3,C1-M01-K02-S03,Günlük Doğal Kaynak Suyu Büyük,8690000529988,Şişe,10,20,30,100
C1,İçecek,1,2,4,C1-M01-K02-S04,Evimiz Doğal Kaynak Suyu Büyük,8690000529995,Şişe,10,30,40,100
C1,İçecek,1,2,5,C1-M01-K02-S05,Doğa Doğal Kaynak Suyu Büyük,8690000530007,Şişe,10,40,50,100
C1,İçecek,1,2,6,C1-M01-K02-S06,Premium Doğal Kaynak Suyu Büyük,8690000530014,Şişe,10,50,60,100
C1,İçecek,1,2,7,C1-M01-K02-S07,Emigro Doğal Kaynak Suyu Büyük,8690000530021,Şişe,10,60,70,100
C1,İçecek,1,2,8,C1-M01-K02-S08,Anadolu Doğal Kaynak Suyu Büyük,8690000530038,Şişe,10,70,80,100
C1,İçecek,1,2,9,C1-M01-K02-S09,Bereket Doğal Kaynak Suyu Büyük,8690000530045,Şişe,10,80,90,100
C1,İçecek,1,2,10,C1-M01-K02-S10,Marmara Doğal Kaynak Suyu Büyük,8690000530052,Şişe,10,90,100,100
C1,İçecek,1,3,1,C1-M01-K03-S01,Lezzet Doğal Kaynak Suyu Standart,8690000530069,Şişe,9,0,9,99
C1,İçecek,1,3,2,C1-M01-K03-S02,Günlük Doğal Kaynak Suyu Standart,8690000530076,Şişe,9,9,18,99
C1,İçecek,1,3,3,C1-M01-K03-S03,Evimiz Doğal Kaynak Suyu Standart,8690000530083,Şişe,9,18,27,99
C1,İçecek,1,3,4,C1-M01-K03-S04,Doğa Doğal Kaynak Suyu Standart,8690000530090,Şişe,9,27,36,99
C1,İçecek,1,3,5,C1-M01-K03-S05,Premium Doğal Kaynak Suyu Standart,8690000530106,Şişe,9,36,45,99
C1,İçecek,1,3,6,C1-M01-K03-S06,Emigro Doğal Kaynak Suyu Standart,8690000530113,Şişe,9,45,54,99
C1,İçecek,1,3,7,C1-M01-K03-S07,Anadolu Doğal Kaynak Suyu Standart,8690000530120,Şişe,9,54,63,99
C1,İçecek,1,3,8,C1-M01-K03-S08,Bereket Doğal Kaynak Suyu Standart,8690000530137,Şişe,9,63,72,99
C1,İçecek,1,3,9,C1-M01-K03-S09,Marmara Doğal Kaynak Suyu Standart,8690000530144,Şişe,9,72,81,99
C1,İçecek,1,3,10,C1-M01-K03-S10,Usta Doğal Kaynak Suyu Standart,8690000530151,Şişe,9,81,90,99
C1,İçecek,1,3,11,C1-M01-K03-S11,Lezzet Doğal Kaynak Suyu Standart,8690000530168,Şişe,9,90,99,99
C1,İçecek,1,4,1,C1-M01-K04-S01,Günlük Doğal Kaynak Suyu Orta,8690000530175,Şişe,8,0,8,96
C1,İçecek,1,4,2,C1-M01-K04-S02,Evimiz Doğal Kaynak Suyu Orta,8690000530182,Şişe,8,8,16,96
C1,İçecek,1,4,3,C1-M01-K04-S03,Doğa Doğal Kaynak Suyu Orta,8690000530199,Şişe,8,16,24,96
C1,İçecek,1,4,4,C1-M01-K04-S04,Premium Doğal Kaynak Suyu Orta,8690000530205,Şişe,8,24,32,96
C1,İçecek,1,4,5,C1-M01-K04-S05,Emigro Doğal Kaynak Suyu Orta,8690000530212,Şişe,8,32,40,96
C1,İçecek,1,4,6,C1-M01-K04-S06,Anadolu Doğal Kaynak Suyu Orta,8690000530229,Şişe,8,40,48,96
C1,İçecek,1,4,7,C1-M01-K04-S07,Bereket Doğal Kaynak Suyu Orta,8690000530236,Şişe,8,48,56,96
C1,İçecek,1,4,8,C1-M01-K04-S08,Marmara Doğal Kaynak Suyu Orta,8690000530243,Şişe,8,56,64,96
C1,İçecek,1,4,9,C1-M01-K04-S09,Usta Doğal Kaynak Suyu Orta,8690000530250,Şişe,8,64,72,96
C1,İçecek,1,4,10,C1-M01-K04-S10,Lezzet Doğal Kaynak Suyu Orta,8690000530267,Şişe,8,72,80,96
C1,İçecek,1,4,11,C1-M01-K04-S11,Günlük Doğal Kaynak Suyu Orta,8690000530274,Şişe,8,80,88,96
C1,İçecek,1,4,12,C1-M01-K04-S12,Evimiz Doğal Kaynak Suyu Orta,8690000530281,Şişe,8,88,96,96
C1,İçecek,1,5,1,C1-M01-K05-S01,Evimiz Doğal Kaynak Suyu Küçük,8690000530298,Şişe,7,0,7,98
C1,İçecek,1,5,2,C1-M01-K05-S02,Doğa Doğal Kaynak Suyu Küçük,8690000530304,Şişe,7,7,14,98
C1,İçecek,1,5,3,C1-M01-K05-S03,Premium Doğal Kaynak Suyu Küçük,8690000530311,Şişe,7,14,21,98
C1,İçecek,1,5,4,C1-M01-K05-S04,Emigro Doğal Kaynak Suyu Küçük,8690000530328,Şişe,7,21,28,98
C1,İçecek,1,5,5,C1-M01-K05-S05,Anadolu Doğal Kaynak Suyu Küçük,8690000530335,Şişe,7,28,35,98
C1,İçecek,1,5,6,C1-M01-K05-S06,Bereket Doğal Kaynak Suyu Küçük,8690000530342,Şişe,7,35,42,98
C1,İçecek,1,5,7,C1-M01-K05-S07,Marmara Doğal Kaynak Suyu Küçük,8690000530359,Şişe,7,42,49,98
C1,İçecek,1,5,8,C1-M01-K05-S08,Usta Doğal Kaynak Suyu Küçük,8690000530366,Şişe,7,49,56,98
C1,İçecek,1,5,9,C1-M01-K05-S09,Lezzet Doğal Kaynak Suyu Küçük,8690000530373,Şişe,7,56,63,98
C1,İçecek,1,5,10,C1-M01-K05-S10,Günlük Doğal Kaynak Suyu Küçük,8690000530380,Şişe,7,63,70,98
C1,İçecek,1,5,11,C1-M01-K05-S11,Evimiz Doğal Kaynak Suyu Küçük,8690000530397,Şişe,7,70,77,98
C1,İçecek,1,5,12,C1-M01-K05-S12,Doğa Doğal Kaynak Suyu Küçük,8690000530403,Şişe,7,77,84,98
C1,İçecek,1,5,13,C1-M01-K05-S13,Premium Doğal Kaynak Suyu Küçük,8690000530410,Şişe,7,84,91,98
C1,İçecek,1,5,14,C1-M01-K05-S14,Emigro Doğal Kaynak Suyu Küçük,8690000530427,Şişe,7,91,98,98
C1,İçecek,1,6,1,C1-M01-K06-S01,Doğa Doğal Kaynak Suyu Mini,8690000530434,Şişe,6,0,6,96
C1,İçecek,1,6,2,C1-M01-K06-S02,Premium Doğal Kaynak Suyu Mini,8690000530441,Şişe,6,6,12,96
C1,İçecek,1,6,3,C1-M01-K06-S03,Emigro Doğal Kaynak Suyu Mini,8690000530458,Şişe,6,12,18,96
C1,İçecek,1,6,4,C1-M01-K06-S04,Anadolu Doğal Kaynak Suyu Mini,8690000530465,Şişe,6,18,24,96
C1,İçecek,1,6,5,C1-M01-K06-S05,Bereket Doğal Kaynak Suyu Mini,8690000530472,Şişe,6,24,30,96
C1,İçecek,1,6,6,C1-M01-K06-S06,Marmara Doğal Kaynak Suyu Mini,8690000530489,Şişe,6,30,36,96
C1,İçecek,1,6,7,C1-M01-K06-S07,Usta Doğal Kaynak Suyu Mini,8690000530496,Şişe,6,36,42,96
C1,İçecek,1,6,8,C1-M01-K06-S08,Lezzet Doğal Kaynak Suyu Mini,8690000530502,Şişe,6,42,48,96
C1,İçecek,1,6,9,C1-M01-K06-S09,Günlük Doğal Kaynak Suyu Mini,8690000530519,Şişe,6,48,54,96
C1,İçecek,1,6,10,C1-M01-K06-S10,Evimiz Doğal Kaynak Suyu Mini,8690000530526,Şişe,6,54,60,96
C1,İçecek,1,6,11,C1-M01-K06-S11,Doğa Doğal Kaynak Suyu Mini,8690000530533,Şişe,6,60,66,96
C1,İçecek,1,6,12,C1-M01-K06-S12,Premium Doğal Kaynak Suyu Mini,8690000530540,Şişe,6,66,72,96
C1,İçecek,1,6,13,C1-M01-K06-S13,Emigro Doğal Kaynak Suyu Mini,8690000530557,Şişe,6,72,78,96
C1,İçecek,1,6,14,C1-M01-K06-S14,Anadolu Doğal Kaynak Suyu Mini,8690000530564,Şişe,6,78,84,96
C1,İçecek,1,6,15,C1-M01-K06-S15,Bereket Doğal Kaynak Suyu Mini,8690000530571,Şişe,6,84,90,96
C1,İçecek,1,6,16,C1-M01-K06-S16,Marmara Doğal Kaynak Suyu Mini,8690000530588,Şişe,6,90,96,96
C1,İçecek,2,1,1,C1-M02-K01-S01,Usta Maden Suyu XL,8690000530595,Şişe,8,0,8,96
C1,İçecek,2,1,2,C1-M02-K01-S02,Lezzet Maden Suyu XL,8690000530601,Şişe,8,8,16,96
C1,İçecek,2,1,3,C1-M02-K01-S03,Günlük Maden Suyu XL,8690000530618,Şişe,8,16,24,96
C1,İçecek,2,1,4,C1-M02-K01-S04,Evimiz Maden Suyu XL,8690000530625,Şişe,8,24,32,96
C1,İçecek,2,1,5,C1-M02-K01-S05,Doğa Maden Suyu XL,8690000530632,Şişe,8,32,40,96
C1,İçecek,2,1,6,C1-M02-K01-S06,Premium Maden Suyu XL,8690000530649,Şişe,8,40,48,96
C1,İçecek,2,1,7,C1-M02-K01-S07,Emigro Maden Suyu XL,8690000530656,Şişe,8,48,56,96
C1,İçecek,2,1,8,C1-M02-K01-S08,Anadolu Maden Suyu XL,8690000530663,Şişe,8,56,64,96
C1,İçecek,2,1,9,C1-M02-K01-S09,Bereket Maden Suyu XL,8690000530670,Şişe,8,64,72,96
C1,İçecek,2,1,10,C1-M02-K01-S10,Marmara Maden Suyu XL,8690000530687,Şişe,8,72,80,96
C1,İçecek,2,1,11,C1-M02-K01-S11,Usta Maden Suyu XL,8690000530694,Şişe,8,80,88,96
C1,İçecek,2,1,12,C1-M02-K01-S12,Lezzet Maden Suyu XL,8690000530700,Şişe,8,88,96,96
C1,İçecek,2,2,1,C1-M02-K02-S01,Lezzet Maden Suyu Büyük,8690000530717,Şişe,7,0,7,98
C1,İçecek,2,2,2,C1-M02-K02-S02,Günlük Maden Suyu Büyük,8690000530724,Şişe,7,7,14,98
C1,İçecek,2,2,3,C1-M02-K02-S03,Evimiz Maden Suyu Büyük,8690000530731,Şişe,7,14,21,98
C1,İçecek,2,2,4,C1-M02-K02-S04,Doğa Maden Suyu Büyük,8690000530748,Şişe,7,21,28,98
C1,İçecek,2,2,5,C1-M02-K02-S05,Premium Maden Suyu Büyük,8690000530755,Şişe,7,28,35,98
C1,İçecek,2,2,6,C1-M02-K02-S06,Emigro Maden Suyu Büyük,8690000530762,Şişe,7,35,42,98
C1,İçecek,2,2,7,C1-M02-K02-S07,Anadolu Maden Suyu Büyük,8690000530779,Şişe,7,42,49,98
C1,İçecek,2,2,8,C1-M02-K02-S08,Bereket Maden Suyu Büyük,8690000530786,Şişe,7,49,56,98
C1,İçecek,2,2,9,C1-M02-K02-S09,Marmara Maden Suyu Büyük,8690000530793,Şişe,7,56,63,98
C1,İçecek,2,2,10,C1-M02-K02-S10,Usta Maden Suyu Büyük,8690000530809,Şişe,7,63,70,98
C1,İçecek,2,2,11,C1-M02-K02-S11,Lezzet Maden Suyu Büyük,8690000530816,Şişe,7,70,77,98
C1,İçecek,2,2,12,C1-M02-K02-S12,Günlük Maden Suyu Büyük,8690000530823,Şişe,7,77,84,98
C1,İçecek,2,2,13,C1-M02-K02-S13,Evimiz Maden Suyu Büyük,8690000530830,Şişe,7,84,91,98
C1,İçecek,2,2,14,C1-M02-K02-S14,Doğa Maden Suyu Büyük,8690000530847,Şişe,7,91,98,98
C1,İçecek,2,3,1,C1-M02-K03-S01,Günlük Maden Suyu Standart,8690000530854,Şişe,6,0,6,96
C1,İçecek,2,3,2,C1-M02-K03-S02,Evimiz Maden Suyu Standart,8690000530861,Şişe,6,6,12,96
C1,İçecek,2,3,3,C1-M02-K03-S03,Doğa Maden Suyu Standart,8690000530878,Şişe,6,12,18,96
C1,İçecek,2,3,4,C1-M02-K03-S04,Premium Maden Suyu Standart,8690000530885,Şişe,6,18,24,96
C1,İçecek,2,3,5,C1-M02-K03-S05,Emigro Maden Suyu Standart,8690000530892,Şişe,6,24,30,96
C1,İçecek,2,3,6,C1-M02-K03-S06,Anadolu Maden Suyu Standart,8690000530908,Şişe,6,30,36,96
C1,İçecek,2,3,7,C1-M02-K03-S07,Bereket Maden Suyu Standart,8690000530915,Şişe,6,36,42,96
C1,İçecek,2,3,8,C1-M02-K03-S08,Marmara Maden Suyu Standart,8690000530922,Şişe,6,42,48,96
C1,İçecek,2,3,9,C1-M02-K03-S09,Usta Maden Suyu Standart,8690000530939,Şişe,6,48,54,96
C1,İçecek,2,3,10,C1-M02-K03-S10,Lezzet Maden Suyu Standart,8690000530946,Şişe,6,54,60,96
C1,İçecek,2,3,11,C1-M02-K03-S11,Günlük Maden Suyu Standart,8690000530953,Şişe,6,60,66,96
C1,İçecek,2,3,12,C1-M02-K03-S12,Evimiz Maden Suyu Standart,8690000530960,Şişe,6,66,72,96
C1,İçecek,2,3,13,C1-M02-K03-S13,Doğa Maden Suyu Standart,8690000530977,Şişe,6,72,78,96
C1,İçecek,2,3,14,C1-M02-K03-S14,Premium Maden Suyu Standart,8690000530984,Şişe,6,78,84,96
C1,İçecek,2,3,15,C1-M02-K03-S15,Emigro Maden Suyu Standart,8690000530991,Şişe,6,84,90,96
C1,İçecek,2,3,16,C1-M02-K03-S16,Anadolu Maden Suyu Standart,8690000531004,Şişe,6,90,96,96
C1,İçecek,2,4,1,C1-M02-K04-S01,Evimiz Maden Suyu Orta,8690000531011,Şişe,5,0,5,100
C1,İçecek,2,4,2,C1-M02-K04-S02,Doğa Maden Suyu Orta,8690000531028,Şişe,5,5,10,100
C1,İçecek,2,4,3,C1-M02-K04-S03,Premium Maden Suyu Orta,8690000531035,Şişe,5,10,15,100
C1,İçecek,2,4,4,C1-M02-K04-S04,Emigro Maden Suyu Orta,8690000531042,Şişe,5,15,20,100
C1,İçecek,2,4,5,C1-M02-K04-S05,Anadolu Maden Suyu Orta,8690000531059,Şişe,5,20,25,100
C1,İçecek,2,4,6,C1-M02-K04-S06,Bereket Maden Suyu Orta,8690000531066,Şişe,5,25,30,100
C1,İçecek,2,4,7,C1-M02-K04-S07,Marmara Maden Suyu Orta,8690000531073,Şişe,5,30,35,100
C1,İçecek,2,4,8,C1-M02-K04-S08,Usta Maden Suyu Orta,8690000531080,Şişe,5,35,40,100
C1,İçecek,2,4,9,C1-M02-K04-S09,Lezzet Maden Suyu Orta,8690000531097,Şişe,5,40,45,100
C1,İçecek,2,4,10,C1-M02-K04-S10,Günlük Maden Suyu Orta,8690000531103,Şişe,5,45,50,100
C1,İçecek,2,4,11,C1-M02-K04-S11,Evimiz Maden Suyu Orta,8690000531110,Şişe,5,50,55,100
C1,İçecek,2,4,12,C1-M02-K04-S12,Doğa Maden Suyu Orta,8690000531127,Şişe,5,55,60,100
C1,İçecek,2,4,13,C1-M02-K04-S13,Premium Maden Suyu Orta,8690000531134,Şişe,5,60,65,100
C1,İçecek,2,4,14,C1-M02-K04-S14,Emigro Maden Suyu Orta,8690000531141,Şişe,5,65,70,100
C1,İçecek,2,4,15,C1-M02-K04-S15,Anadolu Maden Suyu Orta,8690000531158,Şişe,5,70,75,100
C1,İçecek,2,4,16,C1-M02-K04-S16,Bereket Maden Suyu Orta,8690000531165,Şişe,5,75,80,100
C1,İçecek,2,4,17,C1-M02-K04-S17,Marmara Maden Suyu Orta,8690000531172,Şişe,5,80,85,100
C1,İçecek,2,4,18,C1-M02-K04-S18,Usta Maden Suyu Orta,8690000531189,Şişe,5,85,90,100
C1,İçecek,2,4,19,C1-M02-K04-S19,Lezzet Maden Suyu Orta,8690000531196,Şişe,5,90,95,100
C1,İçecek,2,4,20,C1-M02-K04-S20,Günlük Maden Suyu Orta,8690000531202,Şişe,5,95,100,100
C1,İçecek,2,5,1,C1-M02-K05-S01,Doğa Maden Suyu Küçük,8690000531219,Şişe,5,0,5,100
C1,İçecek,2,5,2,C1-M02-K05-S02,Premium Maden Suyu Küçük,8690000531226,Şişe,5,5,10,100
C1,İçecek,2,5,3,C1-M02-K05-S03,Emigro Maden Suyu Küçük,8690000531233,Şişe,5,10,15,100
C1,İçecek,2,5,4,C1-M02-K05-S04,Anadolu Maden Suyu Küçük,8690000531240,Şişe,5,15,20,100
C1,İçecek,2,5,5,C1-M02-K05-S05,Bereket Maden Suyu Küçük,8690000531257,Şişe,5,20,25,100
C1,İçecek,2,5,6,C1-M02-K05-S06,Marmara Maden Suyu Küçük,8690000531264,Şişe,5,25,30,100
C1,İçecek,2,5,7,C1-M02-K05-S07,Usta Maden Suyu Küçük,8690000531271,Şişe,5,30,35,100
C1,İçecek,2,5,8,C1-M02-K05-S08,Lezzet Maden Suyu Küçük,8690000531288,Şişe,5,35,40,100
C1,İçecek,2,5,9,C1-M02-K05-S09,Günlük Maden Suyu Küçük,8690000531295,Şişe,5,40,45,100
C1,İçecek,2,5,10,C1-M02-K05-S10,Evimiz Maden Suyu Küçük,8690000531301,Şişe,5,45,50,100
C1,İçecek,2,5,11,C1-M02-K05-S11,Doğa Maden Suyu Küçük,8690000531318,Şişe,5,50,55,100
C1,İçecek,2,5,12,C1-M02-K05-S12,Premium Maden Suyu Küçük,8690000531325,Şişe,5,55,60,100
C1,İçecek,2,5,13,C1-M02-K05-S13,Emigro Maden Suyu Küçük,8690000531332,Şişe,5,60,65,100
C1,İçecek,2,5,14,C1-M02-K05-S14,Anadolu Maden Suyu Küçük,8690000531349,Şişe,5,65,70,100
C1,İçecek,2,5,15,C1-M02-K05-S15,Bereket Maden Suyu Küçük,8690000531356,Şişe,5,70,75,100
C1,İçecek,2,5,16,C1-M02-K05-S16,Marmara Maden Suyu Küçük,8690000531363,Şişe,5,75,80,100
C1,İçecek,2,5,17,C1-M02-K05-S17,Usta Maden Suyu Küçük,8690000531370,Şişe,5,80,85,100
C1,İçecek,2,5,18,C1-M02-K05-S18,Lezzet Maden Suyu Küçük,8690000531387,Şişe,5,85,90,100
C1,İçecek,2,5,19,C1-M02-K05-S19,Günlük Maden Suyu Küçük,8690000531394,Şişe,5,90,95,100
C1,İçecek,2,5,20,C1-M02-K05-S20,Evimiz Maden Suyu Küçük,8690000531400,Şişe,5,95,100,100
C1,İçecek,2,6,1,C1-M02-K06-S01,Premium Maden Suyu Mini,8690000531417,Şişe,4,0,4,100
C1,İçecek,2,6,2,C1-M02-K06-S02,Emigro Maden Suyu Mini,8690000531424,Şişe,4,4,8,100
C1,İçecek,2,6,3,C1-M02-K06-S03,Anadolu Maden Suyu Mini,8690000531431,Şişe,4,8,12,100
C1,İçecek,2,6,4,C1-M02-K06-S04,Bereket Maden Suyu Mini,8690000531448,Şişe,4,12,16,100
C1,İçecek,2,6,5,C1-M02-K06-S05,Marmara Maden Suyu Mini,8690000531455,Şişe,4,16,20,100
C1,İçecek,2,6,6,C1-M02-K06-S06,Usta Maden Suyu Mini,8690000531462,Şişe,4,20,24,100
C1,İçecek,2,6,7,C1-M02-K06-S07,Lezzet Maden Suyu Mini,8690000531479,Şişe,4,24,28,100
C1,İçecek,2,6,8,C1-M02-K06-S08,Günlük Maden Suyu Mini,8690000531486,Şişe,4,28,32,100
C1,İçecek,2,6,9,C1-M02-K06-S09,Evimiz Maden Suyu Mini,8690000531493,Şişe,4,32,36,100
C1,İçecek,2,6,10,C1-M02-K06-S10,Doğa Maden Suyu Mini,8690000531509,Şişe,4,36,40,100
C1,İçecek,2,6,11,C1-M02-K06-S11,Premium Maden Suyu Mini,8690000531516,Şişe,4,40,44,100
C1,İçecek,2,6,12,C1-M02-K06-S12,Emigro Maden Suyu Mini,8690000531523,Şişe,4,44,48,100
C1,İçecek,2,6,13,C1-M02-K06-S13,Anadolu Maden Suyu Mini,8690000531530,Şişe,4,48,52,100
C1,İçecek,2,6,14,C1-M02-K06-S14,Bereket Maden Suyu Mini,8690000531547,Şişe,4,52,56,100
C1,İçecek,2,6,15,C1-M02-K06-S15,Marmara Maden Suyu Mini,8690000531554,Şişe,4,56,60,100
C1,İçecek,2,6,16,C1-M02-K06-S16,Usta Maden Suyu Mini,8690000531561,Şişe,4,60,64,100
C1,İçecek,2,6,17,C1-M02-K06-S17,Lezzet Maden Suyu Mini,8690000531578,Şişe,4,64,68,100
C1,İçecek,2,6,18,C1-M02-K06-S18,Günlük Maden Suyu Mini,8690000531585,Şişe,4,68,72,100
C1,İçecek,2,6,19,C1-M02-K06-S19,Evimiz Maden Suyu Mini,8690000531592,Şişe,4,72,76,100
C1,İçecek,2,6,20,C1-M02-K06-S20,Doğa Maden Suyu Mini,8690000531608,Şişe,4,76,80,100
C1,İçecek,2,6,21,C1-M02-K06-S21,Premium Maden Suyu Mini,8690000531615,Şişe,4,80,84,100
C1,İçecek,2,6,22,C1-M02-K06-S22,Emigro Maden Suyu Mini,8690000531622,Şişe,4,84,88,100
C1,İçecek,2,6,23,C1-M02-K06-S23,Anadolu Maden Suyu Mini,8690000531639,Şişe,4,88,92,100
C1,İçecek,2,6,24,C1-M02-K06-S24,Bereket Maden Suyu Mini,8690000531646,Şişe,4,92,96,100
C1,İçecek,2,6,25,C1-M02-K06-S25,Marmara Maden Suyu Mini,8690000531653,Şişe,4,96,100,100
C1,İçecek,3,1,1,C1-M03-K01-S01,Lezzet Kola XL,8690000531660,Şişe,11,0,11,99
C1,İçecek,3,1,2,C1-M03-K01-S02,Günlük Kola XL,8690000531677,Şişe,11,11,22,99
C1,İçecek,3,1,3,C1-M03-K01-S03,Evimiz Kola XL,8690000531684,Şişe,11,22,33,99
C1,İçecek,3,1,4,C1-M03-K01-S04,Doğa Kola XL,8690000531691,Şişe,11,33,44,99
C1,İçecek,3,1,5,C1-M03-K01-S05,Premium Kola XL,8690000531707,Şişe,11,44,55,99
C1,İçecek,3,1,6,C1-M03-K01-S06,Emigro Kola XL,8690000531714,Şişe,11,55,66,99
C1,İçecek,3,1,7,C1-M03-K01-S07,Anadolu Kola XL,8690000531721,Şişe,11,66,77,99
C1,İçecek,3,1,8,C1-M03-K01-S08,Bereket Kola XL,8690000531738,Şişe,11,77,88,99
C1,İçecek,3,1,9,C1-M03-K01-S09,Marmara Kola XL,8690000531745,Şişe,11,88,99,99
C1,İçecek,3,2,1,C1-M03-K02-S01,Günlük Kola Büyük,8690000531752,Şişe,10,0,10,100
C1,İçecek,3,2,2,C1-M03-K02-S02,Evimiz Kola Büyük,8690000531769,Şişe,10,10,20,100
C1,İçecek,3,2,3,C1-M03-K02-S03,Doğa Kola Büyük,8690000531776,Şişe,10,20,30,100
C1,İçecek,3,2,4,C1-M03-K02-S04,Premium Kola Büyük,8690000531783,Şişe,10,30,40,100
C1,İçecek,3,2,5,C1-M03-K02-S05,Emigro Kola Büyük,8690000531790,Şişe,10,40,50,100
C1,İçecek,3,2,6,C1-M03-K02-S06,Anadolu Kola Büyük,8690000531806,Şişe,10,50,60,100
C1,İçecek,3,2,7,C1-M03-K02-S07,Bereket Kola Büyük,8690000531813,Şişe,10,60,70,100
C1,İçecek,3,2,8,C1-M03-K02-S08,Marmara Kola Büyük,8690000531820,Şişe,10,70,80,100
C1,İçecek,3,2,9,C1-M03-K02-S09,Usta Kola Büyük,8690000531837,Şişe,10,80,90,100
C1,İçecek,3,2,10,C1-M03-K02-S10,Lezzet Kola Büyük,8690000531844,Şişe,10,90,100,100
C1,İçecek,3,3,1,C1-M03-K03-S01,Evimiz Kola Standart,8690000531851,Şişe,9,0,9,99
C1,İçecek,3,3,2,C1-M03-K03-S02,Doğa Kola Standart,8690000531868,Şişe,9,9,18,99
C1,İçecek,3,3,3,C1-M03-K03-S03,Premium Kola Standart,8690000531875,Şişe,9,18,27,99
C1,İçecek,3,3,4,C1-M03-K03-S04,Emigro Kola Standart,8690000531882,Şişe,9,27,36,99
C1,İçecek,3,3,5,C1-M03-K03-S05,Anadolu Kola Standart,8690000531899,Şişe,9,36,45,99
C1,İçecek,3,3,6,C1-M03-K03-S06,Bereket Kola Standart,8690000531905,Şişe,9,45,54,99
C1,İçecek,3,3,7,C1-M03-K03-S07,Marmara Kola Standart,8690000531912,Şişe,9,54,63,99
C1,İçecek,3,3,8,C1-M03-K03-S08,Usta Kola Standart,8690000531929,Şişe,9,63,72,99
C1,İçecek,3,3,9,C1-M03-K03-S09,Lezzet Kola Standart,8690000531936,Şişe,9,72,81,99
C1,İçecek,3,3,10,C1-M03-K03-S10,Günlük Kola Standart,8690000531943,Şişe,9,81,90,99
C1,İçecek,3,3,11,C1-M03-K03-S11,Evimiz Kola Standart,8690000531950,Şişe,9,90,99,99
C1,İçecek,3,4,1,C1-M03-K04-S01,Doğa Kola Orta,8690000531967,Şişe,8,0,8,96
C1,İçecek,3,4,2,C1-M03-K04-S02,Premium Kola Orta,8690000531974,Şişe,8,8,16,96
C1,İçecek,3,4,3,C1-M03-K04-S03,Emigro Kola Orta,8690000531981,Şişe,8,16,24,96
C1,İçecek,3,4,4,C1-M03-K04-S04,Anadolu Kola Orta,8690000531998,Şişe,8,24,32,96
C1,İçecek,3,4,5,C1-M03-K04-S05,Bereket Kola Orta,8690000532001,Şişe,8,32,40,96
C1,İçecek,3,4,6,C1-M03-K04-S06,Marmara Kola Orta,8690000532018,Şişe,8,40,48,96
C1,İçecek,3,4,7,C1-M03-K04-S07,Usta Kola Orta,8690000532025,Şişe,8,48,56,96
C1,İçecek,3,4,8,C1-M03-K04-S08,Lezzet Kola Orta,8690000532032,Şişe,8,56,64,96
C1,İçecek,3,4,9,C1-M03-K04-S09,Günlük Kola Orta,8690000532049,Şişe,8,64,72,96
C1,İçecek,3,4,10,C1-M03-K04-S10,Evimiz Kola Orta,8690000532056,Şişe,8,72,80,96
C1,İçecek,3,4,11,C1-M03-K04-S11,Doğa Kola Orta,8690000532063,Şişe,8,80,88,96
C1,İçecek,3,4,12,C1-M03-K04-S12,Premium Kola Orta,8690000532070,Şişe,8,88,96,96
C1,İçecek,3,5,1,C1-M03-K05-S01,Premium Kola Küçük,8690000532087,Şişe,7,0,7,98
C1,İçecek,3,5,2,C1-M03-K05-S02,Emigro Kola Küçük,8690000532094,Şişe,7,7,14,98
C1,İçecek,3,5,3,C1-M03-K05-S03,Anadolu Kola Küçük,8690000532100,Şişe,7,14,21,98
C1,İçecek,3,5,4,C1-M03-K05-S04,Bereket Kola Küçük,8690000532117,Şişe,7,21,28,98
C1,İçecek,3,5,5,C1-M03-K05-S05,Marmara Kola Küçük,8690000532124,Şişe,7,28,35,98
C1,İçecek,3,5,6,C1-M03-K05-S06,Usta Kola Küçük,8690000532131,Şişe,7,35,42,98
C1,İçecek,3,5,7,C1-M03-K05-S07,Lezzet Kola Küçük,8690000532148,Şişe,7,42,49,98
C1,İçecek,3,5,8,C1-M03-K05-S08,Günlük Kola Küçük,8690000532155,Şişe,7,49,56,98
C1,İçecek,3,5,9,C1-M03-K05-S09,Evimiz Kola Küçük,8690000532162,Şişe,7,56,63,98
C1,İçecek,3,5,10,C1-M03-K05-S10,Doğa Kola Küçük,8690000532179,Şişe,7,63,70,98
C1,İçecek,3,5,11,C1-M03-K05-S11,Premium Kola Küçük,8690000532186,Şişe,7,70,77,98
C1,İçecek,3,5,12,C1-M03-K05-S12,Emigro Kola Küçük,8690000532193,Şişe,7,77,84,98
C1,İçecek,3,5,13,C1-M03-K05-S13,Anadolu Kola Küçük,8690000532209,Şişe,7,84,91,98
C1,İçecek,3,5,14,C1-M03-K05-S14,Bereket Kola Küçük,8690000532216,Şişe,7,91,98,98
C1,İçecek,3,6,1,C1-M03-K06-S01,Emigro Kola Mini,8690000532223,Şişe,6,0,6,96
C1,İçecek,3,6,2,C1-M03-K06-S02,Anadolu Kola Mini,8690000532230,Şişe,6,6,12,96
C1,İçecek,3,6,3,C1-M03-K06-S03,Bereket Kola Mini,8690000532247,Şişe,6,12,18,96
C1,İçecek,3,6,4,C1-M03-K06-S04,Marmara Kola Mini,8690000532254,Şişe,6,18,24,96
C1,İçecek,3,6,5,C1-M03-K06-S05,Usta Kola Mini,8690000532261,Şişe,6,24,30,96
C1,İçecek,3,6,6,C1-M03-K06-S06,Lezzet Kola Mini,8690000532278,Şişe,6,30,36,96
C1,İçecek,3,6,7,C1-M03-K06-S07,Günlük Kola Mini,8690000532285,Şişe,6,36,42,96
C1,İçecek,3,6,8,C1-M03-K06-S08,Evimiz Kola Mini,8690000532292,Şişe,6,42,48,96
C1,İçecek,3,6,9,C1-M03-K06-S09,Doğa Kola Mini,8690000532308,Şişe,6,48,54,96
C1,İçecek,3,6,10,C1-M03-K06-S10,Premium Kola Mini,8690000532315,Şişe,6,54,60,96
C1,İçecek,3,6,11,C1-M03-K06-S11,Emigro Kola Mini,8690000532322,Şişe,6,60,66,96
C1,İçecek,3,6,12,C1-M03-K06-S12,Anadolu Kola Mini,8690000532339,Şişe,6,66,72,96
C1,İçecek,3,6,13,C1-M03-K06-S13,Bereket Kola Mini,8690000532346,Şişe,6,72,78,96
C1,İçecek,3,6,14,C1-M03-K06-S14,Marmara Kola Mini,8690000532353,Şişe,6,78,84,96
C1,İçecek,3,6,15,C1-M03-K06-S15,Usta Kola Mini,8690000532360,Şişe,6,84,90,96
C1,İçecek,3,6,16,C1-M03-K06-S16,Lezzet Kola Mini,8690000532377,Şişe,6,90,96,96
C1,İçecek,4,1,1,C1-M04-K01-S01,Günlük Portakallı Gazlı İçecek XL,8690000532384,Şişe,11,0,11,99
C1,İçecek,4,1,2,C1-M04-K01-S02,Evimiz Portakallı Gazlı İçecek XL,8690000532391,Şişe,11,11,22,99
C1,İçecek,4,1,3,C1-M04-K01-S03,Doğa Portakallı Gazlı İçecek XL,8690000532407,Şişe,11,22,33,99
C1,İçecek,4,1,4,C1-M04-K01-S04,Premium Portakallı Gazlı İçecek XL,8690000532414,Şişe,11,33,44,99
C1,İçecek,4,1,5,C1-M04-K01-S05,Emigro Portakallı Gazlı İçecek XL,8690000532421,Şişe,11,44,55,99
C1,İçecek,4,1,6,C1-M04-K01-S06,Anadolu Portakallı Gazlı İçecek XL,8690000532438,Şişe,11,55,66,99
C1,İçecek,4,1,7,C1-M04-K01-S07,Bereket Portakallı Gazlı İçecek XL,8690000532445,Şişe,11,66,77,99
C1,İçecek,4,1,8,C1-M04-K01-S08,Marmara Portakallı Gazlı İçecek XL,8690000532452,Şişe,11,77,88,99
C1,İçecek,4,1,9,C1-M04-K01-S09,Usta Portakallı Gazlı İçecek XL,8690000532469,Şişe,11,88,99,99
C1,İçecek,4,2,1,C1-M04-K02-S01,Evimiz Portakallı Gazlı İçecek Büyük,8690000532476,Şişe,10,0,10,100
C1,İçecek,4,2,2,C1-M04-K02-S02,Doğa Portakallı Gazlı İçecek Büyük,8690000532483,Şişe,10,10,20,100
C1,İçecek,4,2,3,C1-M04-K02-S03,Premium Portakallı Gazlı İçecek Büyük,8690000532490,Şişe,10,20,30,100
C1,İçecek,4,2,4,C1-M04-K02-S04,Emigro Portakallı Gazlı İçecek Büyük,8690000532506,Şişe,10,30,40,100
C1,İçecek,4,2,5,C1-M04-K02-S05,Anadolu Portakallı Gazlı İçecek Büyük,8690000532513,Şişe,10,40,50,100
C1,İçecek,4,2,6,C1-M04-K02-S06,Bereket Portakallı Gazlı İçecek Büyük,8690000532520,Şişe,10,50,60,100
C1,İçecek,4,2,7,C1-M04-K02-S07,Marmara Portakallı Gazlı İçecek Büyük,8690000532537,Şişe,10,60,70,100
C1,İçecek,4,2,8,C1-M04-K02-S08,Usta Portakallı Gazlı İçecek Büyük,8690000532544,Şişe,10,70,80,100
C1,İçecek,4,2,9,C1-M04-K02-S09,Lezzet Portakallı Gazlı İçecek Büyük,8690000532551,Şişe,10,80,90,100
C1,İçecek,4,2,10,C1-M04-K02-S10,Günlük Portakallı Gazlı İçecek Büyük,8690000532568,Şişe,10,90,100,100
C1,İçecek,4,3,1,C1-M04-K03-S01,Doğa Portakallı Gazlı İçecek Standart,8690000532575,Şişe,9,0,9,99
C1,İçecek,4,3,2,C1-M04-K03-S02,Premium Portakallı Gazlı İçecek Standart,8690000532582,Şişe,9,9,18,99
C1,İçecek,4,3,3,C1-M04-K03-S03,Emigro Portakallı Gazlı İçecek Standart,8690000532599,Şişe,9,18,27,99
C1,İçecek,4,3,4,C1-M04-K03-S04,Anadolu Portakallı Gazlı İçecek Standart,8690000532605,Şişe,9,27,36,99
C1,İçecek,4,3,5,C1-M04-K03-S05,Bereket Portakallı Gazlı İçecek Standart,8690000532612,Şişe,9,36,45,99
C1,İçecek,4,3,6,C1-M04-K03-S06,Marmara Portakallı Gazlı İçecek Standart,8690000532629,Şişe,9,45,54,99
C1,İçecek,4,3,7,C1-M04-K03-S07,Usta Portakallı Gazlı İçecek Standart,8690000532636,Şişe,9,54,63,99
C1,İçecek,4,3,8,C1-M04-K03-S08,Lezzet Portakallı Gazlı İçecek Standart,8690000532643,Şişe,9,63,72,99
C1,İçecek,4,3,9,C1-M04-K03-S09,Günlük Portakallı Gazlı İçecek Standart,8690000532650,Şişe,9,72,81,99
C1,İçecek,4,3,10,C1-M04-K03-S10,Evimiz Portakallı Gazlı İçecek Standart,8690000532667,Şişe,9,81,90,99
C1,İçecek,4,3,11,C1-M04-K03-S11,Doğa Portakallı Gazlı İçecek Standart,8690000532674,Şişe,9,90,99,99
C1,İçecek,4,4,1,C1-M04-K04-S01,Premium Portakallı Gazlı İçecek Orta,8690000532681,Şişe,8,0,8,96
C1,İçecek,4,4,2,C1-M04-K04-S02,Emigro Portakallı Gazlı İçecek Orta,8690000532698,Şişe,8,8,16,96
C1,İçecek,4,4,3,C1-M04-K04-S03,Anadolu Portakallı Gazlı İçecek Orta,8690000532704,Şişe,8,16,24,96
C1,İçecek,4,4,4,C1-M04-K04-S04,Bereket Portakallı Gazlı İçecek Orta,8690000532711,Şişe,8,24,32,96
C1,İçecek,4,4,5,C1-M04-K04-S05,Marmara Portakallı Gazlı İçecek Orta,8690000532728,Şişe,8,32,40,96
C1,İçecek,4,4,6,C1-M04-K04-S06,Usta Portakallı Gazlı İçecek Orta,8690000532735,Şişe,8,40,48,96
C1,İçecek,4,4,7,C1-M04-K04-S07,Lezzet Portakallı Gazlı İçecek Orta,8690000532742,Şişe,8,48,56,96
C1,İçecek,4,4,8,C1-M04-K04-S08,Günlük Portakallı Gazlı İçecek Orta,8690000532759,Şişe,8,56,64,96
C1,İçecek,4,4,9,C1-M04-K04-S09,Evimiz Portakallı Gazlı İçecek Orta,8690000532766,Şişe,8,64,72,96
C1,İçecek,4,4,10,C1-M04-K04-S10,Doğa Portakallı Gazlı İçecek Orta,8690000532773,Şişe,8,72,80,96
C1,İçecek,4,4,11,C1-M04-K04-S11,Premium Portakallı Gazlı İçecek Orta,8690000532780,Şişe,8,80,88,96
C1,İçecek,4,4,12,C1-M04-K04-S12,Emigro Portakallı Gazlı İçecek Orta,8690000532797,Şişe,8,88,96,96
C1,İçecek,4,5,1,C1-M04-K05-S01,Emigro Portakallı Gazlı İçecek Küçük,8690000532803,Şişe,7,0,7,98
C1,İçecek,4,5,2,C1-M04-K05-S02,Anadolu Portakallı Gazlı İçecek Küçük,8690000532810,Şişe,7,7,14,98
C1,İçecek,4,5,3,C1-M04-K05-S03,Bereket Portakallı Gazlı İçecek Küçük,8690000532827,Şişe,7,14,21,98
C1,İçecek,4,5,4,C1-M04-K05-S04,Marmara Portakallı Gazlı İçecek Küçük,8690000532834,Şişe,7,21,28,98
C1,İçecek,4,5,5,C1-M04-K05-S05,Usta Portakallı Gazlı İçecek Küçük,8690000532841,Şişe,7,28,35,98
C1,İçecek,4,5,6,C1-M04-K05-S06,Lezzet Portakallı Gazlı İçecek Küçük,8690000532858,Şişe,7,35,42,98
C1,İçecek,4,5,7,C1-M04-K05-S07,Günlük Portakallı Gazlı İçecek Küçük,8690000532865,Şişe,7,42,49,98
C1,İçecek,4,5,8,C1-M04-K05-S08,Evimiz Portakallı Gazlı İçecek Küçük,8690000532872,Şişe,7,49,56,98
C1,İçecek,4,5,9,C1-M04-K05-S09,Doğa Portakallı Gazlı İçecek Küçük,8690000532889,Şişe,7,56,63,98
C1,İçecek,4,5,10,C1-M04-K05-S10,Premium Portakallı Gazlı İçecek Küçük,8690000532896,Şişe,7,63,70,98
C1,İçecek,4,5,11,C1-M04-K05-S11,Emigro Portakallı Gazlı İçecek Küçük,8690000532902,Şişe,7,70,77,98
C1,İçecek,4,5,12,C1-M04-K05-S12,Anadolu Portakallı Gazlı İçecek Küçük,8690000532919,Şişe,7,77,84,98
C1,İçecek,4,5,13,C1-M04-K05-S13,Bereket Portakallı Gazlı İçecek Küçük,8690000532926,Şişe,7,84,91,98
C1,İçecek,4,5,14,C1-M04-K05-S14,Marmara Portakallı Gazlı İçecek Küçük,8690000532933,Şişe,7,91,98,98
C1,İçecek,4,6,1,C1-M04-K06-S01,Anadolu Portakallı Gazlı İçecek Mini,8690000532940,Şişe,6,0,6,96
C1,İçecek,4,6,2,C1-M04-K06-S02,Bereket Portakallı Gazlı İçecek Mini,8690000532957,Şişe,6,6,12,96
C1,İçecek,4,6,3,C1-M04-K06-S03,Marmara Portakallı Gazlı İçecek Mini,8690000532964,Şişe,6,12,18,96
C1,İçecek,4,6,4,C1-M04-K06-S04,Usta Portakallı Gazlı İçecek Mini,8690000532971,Şişe,6,18,24,96
C1,İçecek,4,6,5,C1-M04-K06-S05,Lezzet Portakallı Gazlı İçecek Mini,8690000532988,Şişe,6,24,30,96
C1,İçecek,4,6,6,C1-M04-K06-S06,Günlük Portakallı Gazlı İçecek Mini,8690000532995,Şişe,6,30,36,96
C1,İçecek,4,6,7,C1-M04-K06-S07,Evimiz Portakallı Gazlı İçecek Mini,8690000533008,Şişe,6,36,42,96
C1,İçecek,4,6,8,C1-M04-K06-S08,Doğa Portakallı Gazlı İçecek Mini,8690000533015,Şişe,6,42,48,96
C1,İçecek,4,6,9,C1-M04-K06-S09,Premium Portakallı Gazlı İçecek Mini,8690000533022,Şişe,6,48,54,96
C1,İçecek,4,6,10,C1-M04-K06-S10,Emigro Portakallı Gazlı İçecek Mini,8690000533039,Şişe,6,54,60,96
C1,İçecek,4,6,11,C1-M04-K06-S11,Anadolu Portakallı Gazlı İçecek Mini,8690000533046,Şişe,6,60,66,96
C1,İçecek,4,6,12,C1-M04-K06-S12,Bereket Portakallı Gazlı İçecek Mini,8690000533053,Şişe,6,66,72,96
C1,İçecek,4,6,13,C1-M04-K06-S13,Marmara Portakallı Gazlı İçecek Mini,8690000533060,Şişe,6,72,78,96
C1,İçecek,4,6,14,C1-M04-K06-S14,Usta Portakallı Gazlı İçecek Mini,8690000533077,Şişe,6,78,84,96
C1,İçecek,4,6,15,C1-M04-K06-S15,Lezzet Portakallı Gazlı İçecek Mini,8690000533084,Şişe,6,84,90,96
C1,İçecek,4,6,16,C1-M04-K06-S16,Günlük Portakallı Gazlı İçecek Mini,8690000533091,Şişe,6,90,96,96
C1,İçecek,5,1,1,C1-M05-K01-S01,Evimiz Limonlu Gazlı İçecek XL,8690000533107,Şişe,11,0,11,99
C1,İçecek,5,1,2,C1-M05-K01-S02,Doğa Limonlu Gazlı İçecek XL,8690000533114,Şişe,11,11,22,99
C1,İçecek,5,1,3,C1-M05-K01-S03,Premium Limonlu Gazlı İçecek XL,8690000533121,Şişe,11,22,33,99
C1,İçecek,5,1,4,C1-M05-K01-S04,Emigro Limonlu Gazlı İçecek XL,8690000533138,Şişe,11,33,44,99
C1,İçecek,5,1,5,C1-M05-K01-S05,Anadolu Limonlu Gazlı İçecek XL,8690000533145,Şişe,11,44,55,99
C1,İçecek,5,1,6,C1-M05-K01-S06,Bereket Limonlu Gazlı İçecek XL,8690000533152,Şişe,11,55,66,99
C1,İçecek,5,1,7,C1-M05-K01-S07,Marmara Limonlu Gazlı İçecek XL,8690000533169,Şişe,11,66,77,99
C1,İçecek,5,1,8,C1-M05-K01-S08,Usta Limonlu Gazlı İçecek XL,8690000533176,Şişe,11,77,88,99
C1,İçecek,5,1,9,C1-M05-K01-S09,Lezzet Limonlu Gazlı İçecek XL,8690000533183,Şişe,11,88,99,99
C1,İçecek,5,2,1,C1-M05-K02-S01,Doğa Limonlu Gazlı İçecek Büyük,8690000533190,Şişe,10,0,10,100
C1,İçecek,5,2,2,C1-M05-K02-S02,Premium Limonlu Gazlı İçecek Büyük,8690000533206,Şişe,10,10,20,100
C1,İçecek,5,2,3,C1-M05-K02-S03,Emigro Limonlu Gazlı İçecek Büyük,8690000533213,Şişe,10,20,30,100
C1,İçecek,5,2,4,C1-M05-K02-S04,Anadolu Limonlu Gazlı İçecek Büyük,8690000533220,Şişe,10,30,40,100
C1,İçecek,5,2,5,C1-M05-K02-S05,Bereket Limonlu Gazlı İçecek Büyük,8690000533237,Şişe,10,40,50,100
C1,İçecek,5,2,6,C1-M05-K02-S06,Marmara Limonlu Gazlı İçecek Büyük,8690000533244,Şişe,10,50,60,100
C1,İçecek,5,2,7,C1-M05-K02-S07,Usta Limonlu Gazlı İçecek Büyük,8690000533251,Şişe,10,60,70,100
C1,İçecek,5,2,8,C1-M05-K02-S08,Lezzet Limonlu Gazlı İçecek Büyük,8690000533268,Şişe,10,70,80,100
C1,İçecek,5,2,9,C1-M05-K02-S09,Günlük Limonlu Gazlı İçecek Büyük,8690000533275,Şişe,10,80,90,100
C1,İçecek,5,2,10,C1-M05-K02-S10,Evimiz Limonlu Gazlı İçecek Büyük,8690000533282,Şişe,10,90,100,100
C1,İçecek,5,3,1,C1-M05-K03-S01,Premium Limonlu Gazlı İçecek Standart,8690000533299,Şişe,9,0,9,99
C1,İçecek,5,3,2,C1-M05-K03-S02,Emigro Limonlu Gazlı İçecek Standart,8690000533305,Şişe,9,9,18,99
C1,İçecek,5,3,3,C1-M05-K03-S03,Anadolu Limonlu Gazlı İçecek Standart,8690000533312,Şişe,9,18,27,99
C1,İçecek,5,3,4,C1-M05-K03-S04,Bereket Limonlu Gazlı İçecek Standart,8690000533329,Şişe,9,27,36,99
C1,İçecek,5,3,5,C1-M05-K03-S05,Marmara Limonlu Gazlı İçecek Standart,8690000533336,Şişe,9,36,45,99
C1,İçecek,5,3,6,C1-M05-K03-S06,Usta Limonlu Gazlı İçecek Standart,8690000533343,Şişe,9,45,54,99
C1,İçecek,5,3,7,C1-M05-K03-S07,Lezzet Limonlu Gazlı İçecek Standart,8690000533350,Şişe,9,54,63,99
C1,İçecek,5,3,8,C1-M05-K03-S08,Günlük Limonlu Gazlı İçecek Standart,8690000533367,Şişe,9,63,72,99
C1,İçecek,5,3,9,C1-M05-K03-S09,Evimiz Limonlu Gazlı İçecek Standart,8690000533374,Şişe,9,72,81,99
C1,İçecek,5,3,10,C1-M05-K03-S10,Doğa Limonlu Gazlı İçecek Standart,8690000533381,Şişe,9,81,90,99
C1,İçecek,5,3,11,C1-M05-K03-S11,Premium Limonlu Gazlı İçecek Standart,8690000533398,Şişe,9,90,99,99
C1,İçecek,5,4,1,C1-M05-K04-S01,Emigro Limonlu Gazlı İçecek Orta,8690000533404,Şişe,8,0,8,96
C1,İçecek,5,4,2,C1-M05-K04-S02,Anadolu Limonlu Gazlı İçecek Orta,8690000533411,Şişe,8,8,16,96
C1,İçecek,5,4,3,C1-M05-K04-S03,Bereket Limonlu Gazlı İçecek Orta,8690000533428,Şişe,8,16,24,96
C1,İçecek,5,4,4,C1-M05-K04-S04,Marmara Limonlu Gazlı İçecek Orta,8690000533435,Şişe,8,24,32,96
C1,İçecek,5,4,5,C1-M05-K04-S05,Usta Limonlu Gazlı İçecek Orta,8690000533442,Şişe,8,32,40,96
C1,İçecek,5,4,6,C1-M05-K04-S06,Lezzet Limonlu Gazlı İçecek Orta,8690000533459,Şişe,8,40,48,96
C1,İçecek,5,4,7,C1-M05-K04-S07,Günlük Limonlu Gazlı İçecek Orta,8690000533466,Şişe,8,48,56,96
C1,İçecek,5,4,8,C1-M05-K04-S08,Evimiz Limonlu Gazlı İçecek Orta,8690000533473,Şişe,8,56,64,96
C1,İçecek,5,4,9,C1-M05-K04-S09,Doğa Limonlu Gazlı İçecek Orta,8690000533480,Şişe,8,64,72,96
C1,İçecek,5,4,10,C1-M05-K04-S10,Premium Limonlu Gazlı İçecek Orta,8690000533497,Şişe,8,72,80,96
C1,İçecek,5,4,11,C1-M05-K04-S11,Emigro Limonlu Gazlı İçecek Orta,8690000533503,Şişe,8,80,88,96
C1,İçecek,5,4,12,C1-M05-K04-S12,Anadolu Limonlu Gazlı İçecek Orta,8690000533510,Şişe,8,88,96,96
C1,İçecek,5,5,1,C1-M05-K05-S01,Anadolu Limonlu Gazlı İçecek Küçük,8690000533527,Şişe,7,0,7,98
C1,İçecek,5,5,2,C1-M05-K05-S02,Bereket Limonlu Gazlı İçecek Küçük,8690000533534,Şişe,7,7,14,98
C1,İçecek,5,5,3,C1-M05-K05-S03,Marmara Limonlu Gazlı İçecek Küçük,8690000533541,Şişe,7,14,21,98
C1,İçecek,5,5,4,C1-M05-K05-S04,Usta Limonlu Gazlı İçecek Küçük,8690000533558,Şişe,7,21,28,98
C1,İçecek,5,5,5,C1-M05-K05-S05,Lezzet Limonlu Gazlı İçecek Küçük,8690000533565,Şişe,7,28,35,98
C1,İçecek,5,5,6,C1-M05-K05-S06,Günlük Limonlu Gazlı İçecek Küçük,8690000533572,Şişe,7,35,42,98
C1,İçecek,5,5,7,C1-M05-K05-S07,Evimiz Limonlu Gazlı İçecek Küçük,8690000533589,Şişe,7,42,49,98
C1,İçecek,5,5,8,C1-M05-K05-S08,Doğa Limonlu Gazlı İçecek Küçük,8690000533596,Şişe,7,49,56,98
C1,İçecek,5,5,9,C1-M05-K05-S09,Premium Limonlu Gazlı İçecek Küçük,8690000533602,Şişe,7,56,63,98
C1,İçecek,5,5,10,C1-M05-K05-S10,Emigro Limonlu Gazlı İçecek Küçük,8690000533619,Şişe,7,63,70,98
C1,İçecek,5,5,11,C1-M05-K05-S11,Anadolu Limonlu Gazlı İçecek Küçük,8690000533626,Şişe,7,70,77,98
C1,İçecek,5,5,12,C1-M05-K05-S12,Bereket Limonlu Gazlı İçecek Küçük,8690000533633,Şişe,7,77,84,98
C1,İçecek,5,5,13,C1-M05-K05-S13,Marmara Limonlu Gazlı İçecek Küçük,8690000533640,Şişe,7,84,91,98
C1,İçecek,5,5,14,C1-M05-K05-S14,Usta Limonlu Gazlı İçecek Küçük,8690000533657,Şişe,7,91,98,98
C1,İçecek,5,6,1,C1-M05-K06-S01,Bereket Limonlu Gazlı İçecek Mini,8690000533664,Şişe,6,0,6,96
C1,İçecek,5,6,2,C1-M05-K06-S02,Marmara Limonlu Gazlı İçecek Mini,8690000533671,Şişe,6,6,12,96
C1,İçecek,5,6,3,C1-M05-K06-S03,Usta Limonlu Gazlı İçecek Mini,8690000533688,Şişe,6,12,18,96
C1,İçecek,5,6,4,C1-M05-K06-S04,Lezzet Limonlu Gazlı İçecek Mini,8690000533695,Şişe,6,18,24,96
C1,İçecek,5,6,5,C1-M05-K06-S05,Günlük Limonlu Gazlı İçecek Mini,8690000533701,Şişe,6,24,30,96
C1,İçecek,5,6,6,C1-M05-K06-S06,Evimiz Limonlu Gazlı İçecek Mini,8690000533718,Şişe,6,30,36,96
C1,İçecek,5,6,7,C1-M05-K06-S07,Doğa Limonlu Gazlı İçecek Mini,8690000533725,Şişe,6,36,42,96
C1,İçecek,5,6,8,C1-M05-K06-S08,Premium Limonlu Gazlı İçecek Mini,8690000533732,Şişe,6,42,48,96
C1,İçecek,5,6,9,C1-M05-K06-S09,Emigro Limonlu Gazlı İçecek Mini,8690000533749,Şişe,6,48,54,96
C1,İçecek,5,6,10,C1-M05-K06-S10,Anadolu Limonlu Gazlı İçecek Mini,8690000533756,Şişe,6,54,60,96
C1,İçecek,5,6,11,C1-M05-K06-S11,Bereket Limonlu Gazlı İçecek Mini,8690000533763,Şişe,6,60,66,96
C1,İçecek,5,6,12,C1-M05-K06-S12,Marmara Limonlu Gazlı İçecek Mini,8690000533770,Şişe,6,66,72,96
C1,İçecek,5,6,13,C1-M05-K06-S13,Usta Limonlu Gazlı İçecek Mini,8690000533787,Şişe,6,72,78,96
C1,İçecek,5,6,14,C1-M05-K06-S14,Lezzet Limonlu Gazlı İçecek Mini,8690000533794,Şişe,6,78,84,96
C1,İçecek,5,6,15,C1-M05-K06-S15,Günlük Limonlu Gazlı İçecek Mini,8690000533800,Şişe,6,84,90,96
C1,İçecek,5,6,16,C1-M05-K06-S16,Evimiz Limonlu Gazlı İçecek Mini,8690000533817,Şişe,6,90,96,96
C1,İçecek,6,1,1,C1-M06-K01-S01,Doğa Şeftali Soğuk Çay XL,8690000533824,Şişe,10,0,10,100
C1,İçecek,6,1,2,C1-M06-K01-S02,Premium Şeftali Soğuk Çay XL,8690000533831,Şişe,10,10,20,100
C1,İçecek,6,1,3,C1-M06-K01-S03,Emigro Şeftali Soğuk Çay XL,8690000533848,Şişe,10,20,30,100
C1,İçecek,6,1,4,C1-M06-K01-S04,Anadolu Şeftali Soğuk Çay XL,8690000533855,Şişe,10,30,40,100
C1,İçecek,6,1,5,C1-M06-K01-S05,Bereket Şeftali Soğuk Çay XL,8690000533862,Şişe,10,40,50,100
C1,İçecek,6,1,6,C1-M06-K01-S06,Marmara Şeftali Soğuk Çay XL,8690000533879,Şişe,10,50,60,100
C1,İçecek,6,1,7,C1-M06-K01-S07,Usta Şeftali Soğuk Çay XL,8690000533886,Şişe,10,60,70,100
C1,İçecek,6,1,8,C1-M06-K01-S08,Lezzet Şeftali Soğuk Çay XL,8690000533893,Şişe,10,70,80,100
C1,İçecek,6,1,9,C1-M06-K01-S09,Günlük Şeftali Soğuk Çay XL,8690000533909,Şişe,10,80,90,100
C1,İçecek,6,1,10,C1-M06-K01-S10,Evimiz Şeftali Soğuk Çay XL,8690000533916,Şişe,10,90,100,100
C1,İçecek,6,2,1,C1-M06-K02-S01,Premium Şeftali Soğuk Çay Büyük,8690000533923,Şişe,9,0,9,99
C1,İçecek,6,2,2,C1-M06-K02-S02,Emigro Şeftali Soğuk Çay Büyük,8690000533930,Şişe,9,9,18,99
C1,İçecek,6,2,3,C1-M06-K02-S03,Anadolu Şeftali Soğuk Çay Büyük,8690000533947,Şişe,9,18,27,99
C1,İçecek,6,2,4,C1-M06-K02-S04,Bereket Şeftali Soğuk Çay Büyük,8690000533954,Şişe,9,27,36,99
C1,İçecek,6,2,5,C1-M06-K02-S05,Marmara Şeftali Soğuk Çay Büyük,8690000533961,Şişe,9,36,45,99
C1,İçecek,6,2,6,C1-M06-K02-S06,Usta Şeftali Soğuk Çay Büyük,8690000533978,Şişe,9,45,54,99
C1,İçecek,6,2,7,C1-M06-K02-S07,Lezzet Şeftali Soğuk Çay Büyük,8690000533985,Şişe,9,54,63,99
C1,İçecek,6,2,8,C1-M06-K02-S08,Günlük Şeftali Soğuk Çay Büyük,8690000533992,Şişe,9,63,72,99
C1,İçecek,6,2,9,C1-M06-K02-S09,Evimiz Şeftali Soğuk Çay Büyük,8690000534005,Şişe,9,72,81,99
C1,İçecek,6,2,10,C1-M06-K02-S10,Doğa Şeftali Soğuk Çay Büyük,8690000534012,Şişe,9,81,90,99
C1,İçecek,6,2,11,C1-M06-K02-S11,Premium Şeftali Soğuk Çay Büyük,8690000534029,Şişe,9,90,99,99
C1,İçecek,6,3,1,C1-M06-K03-S01,Emigro Şeftali Soğuk Çay Standart,8690000534036,Şişe,8,0,8,96
C1,İçecek,6,3,2,C1-M06-K03-S02,Anadolu Şeftali Soğuk Çay Standart,8690000534043,Şişe,8,8,16,96
C1,İçecek,6,3,3,C1-M06-K03-S03,Bereket Şeftali Soğuk Çay Standart,8690000534050,Şişe,8,16,24,96
C1,İçecek,6,3,4,C1-M06-K03-S04,Marmara Şeftali Soğuk Çay Standart,8690000534067,Şişe,8,24,32,96
C1,İçecek,6,3,5,C1-M06-K03-S05,Usta Şeftali Soğuk Çay Standart,8690000534074,Şişe,8,32,40,96
C1,İçecek,6,3,6,C1-M06-K03-S06,Lezzet Şeftali Soğuk Çay Standart,8690000534081,Şişe,8,40,48,96
C1,İçecek,6,3,7,C1-M06-K03-S07,Günlük Şeftali Soğuk Çay Standart,8690000534098,Şişe,8,48,56,96
C1,İçecek,6,3,8,C1-M06-K03-S08,Evimiz Şeftali Soğuk Çay Standart,8690000534104,Şişe,8,56,64,96
C1,İçecek,6,3,9,C1-M06-K03-S09,Doğa Şeftali Soğuk Çay Standart,8690000534111,Şişe,8,64,72,96
C1,İçecek,6,3,10,C1-M06-K03-S10,Premium Şeftali Soğuk Çay Standart,8690000534128,Şişe,8,72,80,96
C1,İçecek,6,3,11,C1-M06-K03-S11,Emigro Şeftali Soğuk Çay Standart,8690000534135,Şişe,8,80,88,96
C1,İçecek,6,3,12,C1-M06-K03-S12,Anadolu Şeftali Soğuk Çay Standart,8690000534142,Şişe,8,88,96,96
C1,İçecek,6,4,1,C1-M06-K04-S01,Anadolu Şeftali Soğuk Çay Orta,8690000534159,Şişe,7,0,7,98
C1,İçecek,6,4,2,C1-M06-K04-S02,Bereket Şeftali Soğuk Çay Orta,8690000534166,Şişe,7,7,14,98
C1,İçecek,6,4,3,C1-M06-K04-S03,Marmara Şeftali Soğuk Çay Orta,8690000534173,Şişe,7,14,21,98
C1,İçecek,6,4,4,C1-M06-K04-S04,Usta Şeftali Soğuk Çay Orta,8690000534180,Şişe,7,21,28,98
C1,İçecek,6,4,5,C1-M06-K04-S05,Lezzet Şeftali Soğuk Çay Orta,8690000534197,Şişe,7,28,35,98
C1,İçecek,6,4,6,C1-M06-K04-S06,Günlük Şeftali Soğuk Çay Orta,8690000534203,Şişe,7,35,42,98
C1,İçecek,6,4,7,C1-M06-K04-S07,Evimiz Şeftali Soğuk Çay Orta,8690000534210,Şişe,7,42,49,98
C1,İçecek,6,4,8,C1-M06-K04-S08,Doğa Şeftali Soğuk Çay Orta,8690000534227,Şişe,7,49,56,98
C1,İçecek,6,4,9,C1-M06-K04-S09,Premium Şeftali Soğuk Çay Orta,8690000534234,Şişe,7,56,63,98
C1,İçecek,6,4,10,C1-M06-K04-S10,Emigro Şeftali Soğuk Çay Orta,8690000534241,Şişe,7,63,70,98
C1,İçecek,6,4,11,C1-M06-K04-S11,Anadolu Şeftali Soğuk Çay Orta,8690000534258,Şişe,7,70,77,98
C1,İçecek,6,4,12,C1-M06-K04-S12,Bereket Şeftali Soğuk Çay Orta,8690000534265,Şişe,7,77,84,98
C1,İçecek,6,4,13,C1-M06-K04-S13,Marmara Şeftali Soğuk Çay Orta,8690000534272,Şişe,7,84,91,98
C1,İçecek,6,4,14,C1-M06-K04-S14,Usta Şeftali Soğuk Çay Orta,8690000534289,Şişe,7,91,98,98
C1,İçecek,6,5,1,C1-M06-K05-S01,Bereket Şeftali Soğuk Çay Küçük,8690000534296,Şişe,6,0,6,96
C1,İçecek,6,5,2,C1-M06-K05-S02,Marmara Şeftali Soğuk Çay Küçük,8690000534302,Şişe,6,6,12,96
C1,İçecek,6,5,3,C1-M06-K05-S03,Usta Şeftali Soğuk Çay Küçük,8690000534319,Şişe,6,12,18,96
C1,İçecek,6,5,4,C1-M06-K05-S04,Lezzet Şeftali Soğuk Çay Küçük,8690000534326,Şişe,6,18,24,96
C1,İçecek,6,5,5,C1-M06-K05-S05,Günlük Şeftali Soğuk Çay Küçük,8690000534333,Şişe,6,24,30,96
C1,İçecek,6,5,6,C1-M06-K05-S06,Evimiz Şeftali Soğuk Çay Küçük,8690000534340,Şişe,6,30,36,96
C1,İçecek,6,5,7,C1-M06-K05-S07,Doğa Şeftali Soğuk Çay Küçük,8690000534357,Şişe,6,36,42,96
C1,İçecek,6,5,8,C1-M06-K05-S08,Premium Şeftali Soğuk Çay Küçük,8690000534364,Şişe,6,42,48,96
C1,İçecek,6,5,9,C1-M06-K05-S09,Emigro Şeftali Soğuk Çay Küçük,8690000534371,Şişe,6,48,54,96
C1,İçecek,6,5,10,C1-M06-K05-S10,Anadolu Şeftali Soğuk Çay Küçük,8690000534388,Şişe,6,54,60,96
C1,İçecek,6,5,11,C1-M06-K05-S11,Bereket Şeftali Soğuk Çay Küçük,8690000534395,Şişe,6,60,66,96
C1,İçecek,6,5,12,C1-M06-K05-S12,Marmara Şeftali Soğuk Çay Küçük,8690000534401,Şişe,6,66,72,96
C1,İçecek,6,5,13,C1-M06-K05-S13,Usta Şeftali Soğuk Çay Küçük,8690000534418,Şişe,6,72,78,96
C1,İçecek,6,5,14,C1-M06-K05-S14,Lezzet Şeftali Soğuk Çay Küçük,8690000534425,Şişe,6,78,84,96
C1,İçecek,6,5,15,C1-M06-K05-S15,Günlük Şeftali Soğuk Çay Küçük,8690000534432,Şişe,6,84,90,96
C1,İçecek,6,5,16,C1-M06-K05-S16,Evimiz Şeftali Soğuk Çay Küçük,8690000534449,Şişe,6,90,96,96
C1,İçecek,6,6,1,C1-M06-K06-S01,Marmara Şeftali Soğuk Çay Mini,8690000534456,Şişe,6,0,6,96
C1,İçecek,6,6,2,C1-M06-K06-S02,Usta Şeftali Soğuk Çay Mini,8690000534463,Şişe,6,6,12,96
C1,İçecek,6,6,3,C1-M06-K06-S03,Lezzet Şeftali Soğuk Çay Mini,8690000534470,Şişe,6,12,18,96
C1,İçecek,6,6,4,C1-M06-K06-S04,Günlük Şeftali Soğuk Çay Mini,8690000534487,Şişe,6,18,24,96
C1,İçecek,6,6,5,C1-M06-K06-S05,Evimiz Şeftali Soğuk Çay Mini,8690000534494,Şişe,6,24,30,96
C1,İçecek,6,6,6,C1-M06-K06-S06,Doğa Şeftali Soğuk Çay Mini,8690000534500,Şişe,6,30,36,96
C1,İçecek,6,6,7,C1-M06-K06-S07,Premium Şeftali Soğuk Çay Mini,8690000534517,Şişe,6,36,42,96
C1,İçecek,6,6,8,C1-M06-K06-S08,Emigro Şeftali Soğuk Çay Mini,8690000534524,Şişe,6,42,48,96
C1,İçecek,6,6,9,C1-M06-K06-S09,Anadolu Şeftali Soğuk Çay Mini,8690000534531,Şişe,6,48,54,96
C1,İçecek,6,6,10,C1-M06-K06-S10,Bereket Şeftali Soğuk Çay Mini,8690000534548,Şişe,6,54,60,96
C1,İçecek,6,6,11,C1-M06-K06-S11,Marmara Şeftali Soğuk Çay Mini,8690000534555,Şişe,6,60,66,96
C1,İçecek,6,6,12,C1-M06-K06-S12,Usta Şeftali Soğuk Çay Mini,8690000534562,Şişe,6,66,72,96
C1,İçecek,6,6,13,C1-M06-K06-S13,Lezzet Şeftali Soğuk Çay Mini,8690000534579,Şişe,6,72,78,96
C1,İçecek,6,6,14,C1-M06-K06-S14,Günlük Şeftali Soğuk Çay Mini,8690000534586,Şişe,6,78,84,96
C1,İçecek,6,6,15,C1-M06-K06-S15,Evimiz Şeftali Soğuk Çay Mini,8690000534593,Şişe,6,84,90,96
C1,İçecek,6,6,16,C1-M06-K06-S16,Doğa Şeftali Soğuk Çay Mini,8690000534609,Şişe,6,90,96,96
C1,İçecek,7,1,1,C1-M07-K01-S01,Premium Limon Soğuk Çay XL,8690000534616,Şişe,10,0,10,100
C1,İçecek,7,1,2,C1-M07-K01-S02,Emigro Limon Soğuk Çay XL,8690000534623,Şişe,10,10,20,100
C1,İçecek,7,1,3,C1-M07-K01-S03,Anadolu Limon Soğuk Çay XL,8690000534630,Şişe,10,20,30,100
C1,İçecek,7,1,4,C1-M07-K01-S04,Bereket Limon Soğuk Çay XL,8690000534647,Şişe,10,30,40,100
C1,İçecek,7,1,5,C1-M07-K01-S05,Marmara Limon Soğuk Çay XL,8690000534654,Şişe,10,40,50,100
C1,İçecek,7,1,6,C1-M07-K01-S06,Usta Limon Soğuk Çay XL,8690000534661,Şişe,10,50,60,100
C1,İçecek,7,1,7,C1-M07-K01-S07,Lezzet Limon Soğuk Çay XL,8690000534678,Şişe,10,60,70,100
C1,İçecek,7,1,8,C1-M07-K01-S08,Günlük Limon Soğuk Çay XL,8690000534685,Şişe,10,70,80,100
C1,İçecek,7,1,9,C1-M07-K01-S09,Evimiz Limon Soğuk Çay XL,8690000534692,Şişe,10,80,90,100
C1,İçecek,7,1,10,C1-M07-K01-S10,Doğa Limon Soğuk Çay XL,8690000534708,Şişe,10,90,100,100
C1,İçecek,7,2,1,C1-M07-K02-S01,Emigro Limon Soğuk Çay Büyük,8690000534715,Şişe,9,0,9,99
C1,İçecek,7,2,2,C1-M07-K02-S02,Anadolu Limon Soğuk Çay Büyük,8690000534722,Şişe,9,9,18,99
C1,İçecek,7,2,3,C1-M07-K02-S03,Bereket Limon Soğuk Çay Büyük,8690000534739,Şişe,9,18,27,99
C1,İçecek,7,2,4,C1-M07-K02-S04,Marmara Limon Soğuk Çay Büyük,8690000534746,Şişe,9,27,36,99
C1,İçecek,7,2,5,C1-M07-K02-S05,Usta Limon Soğuk Çay Büyük,8690000534753,Şişe,9,36,45,99
C1,İçecek,7,2,6,C1-M07-K02-S06,Lezzet Limon Soğuk Çay Büyük,8690000534760,Şişe,9,45,54,99
C1,İçecek,7,2,7,C1-M07-K02-S07,Günlük Limon Soğuk Çay Büyük,8690000534777,Şişe,9,54,63,99
C1,İçecek,7,2,8,C1-M07-K02-S08,Evimiz Limon Soğuk Çay Büyük,8690000534784,Şişe,9,63,72,99
C1,İçecek,7,2,9,C1-M07-K02-S09,Doğa Limon Soğuk Çay Büyük,8690000534791,Şişe,9,72,81,99
C1,İçecek,7,2,10,C1-M07-K02-S10,Premium Limon Soğuk Çay Büyük,8690000534807,Şişe,9,81,90,99
C1,İçecek,7,2,11,C1-M07-K02-S11,Emigro Limon Soğuk Çay Büyük,8690000534814,Şişe,9,90,99,99
C1,İçecek,7,3,1,C1-M07-K03-S01,Anadolu Limon Soğuk Çay Standart,8690000534821,Şişe,8,0,8,96
C1,İçecek,7,3,2,C1-M07-K03-S02,Bereket Limon Soğuk Çay Standart,8690000534838,Şişe,8,8,16,96
C1,İçecek,7,3,3,C1-M07-K03-S03,Marmara Limon Soğuk Çay Standart,8690000534845,Şişe,8,16,24,96
C1,İçecek,7,3,4,C1-M07-K03-S04,Usta Limon Soğuk Çay Standart,8690000534852,Şişe,8,24,32,96
C1,İçecek,7,3,5,C1-M07-K03-S05,Lezzet Limon Soğuk Çay Standart,8690000534869,Şişe,8,32,40,96
C1,İçecek,7,3,6,C1-M07-K03-S06,Günlük Limon Soğuk Çay Standart,8690000534876,Şişe,8,40,48,96
C1,İçecek,7,3,7,C1-M07-K03-S07,Evimiz Limon Soğuk Çay Standart,8690000534883,Şişe,8,48,56,96
C1,İçecek,7,3,8,C1-M07-K03-S08,Doğa Limon Soğuk Çay Standart,8690000534890,Şişe,8,56,64,96
C1,İçecek,7,3,9,C1-M07-K03-S09,Premium Limon Soğuk Çay Standart,8690000534906,Şişe,8,64,72,96
C1,İçecek,7,3,10,C1-M07-K03-S10,Emigro Limon Soğuk Çay Standart,8690000534913,Şişe,8,72,80,96
C1,İçecek,7,3,11,C1-M07-K03-S11,Anadolu Limon Soğuk Çay Standart,8690000534920,Şişe,8,80,88,96
C1,İçecek,7,3,12,C1-M07-K03-S12,Bereket Limon Soğuk Çay Standart,8690000534937,Şişe,8,88,96,96
C1,İçecek,7,4,1,C1-M07-K04-S01,Bereket Limon Soğuk Çay Orta,8690000534944,Şişe,7,0,7,98
C1,İçecek,7,4,2,C1-M07-K04-S02,Marmara Limon Soğuk Çay Orta,8690000534951,Şişe,7,7,14,98
C1,İçecek,7,4,3,C1-M07-K04-S03,Usta Limon Soğuk Çay Orta,8690000534968,Şişe,7,14,21,98
C1,İçecek,7,4,4,C1-M07-K04-S04,Lezzet Limon Soğuk Çay Orta,8690000534975,Şişe,7,21,28,98
C1,İçecek,7,4,5,C1-M07-K04-S05,Günlük Limon Soğuk Çay Orta,8690000534982,Şişe,7,28,35,98
C1,İçecek,7,4,6,C1-M07-K04-S06,Evimiz Limon Soğuk Çay Orta,8690000534999,Şişe,7,35,42,98
C1,İçecek,7,4,7,C1-M07-K04-S07,Doğa Limon Soğuk Çay Orta,8690000535002,Şişe,7,42,49,98
C1,İçecek,7,4,8,C1-M07-K04-S08,Premium Limon Soğuk Çay Orta,8690000535019,Şişe,7,49,56,98
C1,İçecek,7,4,9,C1-M07-K04-S09,Emigro Limon Soğuk Çay Orta,8690000535026,Şişe,7,56,63,98
C1,İçecek,7,4,10,C1-M07-K04-S10,Anadolu Limon Soğuk Çay Orta,8690000535033,Şişe,7,63,70,98
C1,İçecek,7,4,11,C1-M07-K04-S11,Bereket Limon Soğuk Çay Orta,8690000535040,Şişe,7,70,77,98
C1,İçecek,7,4,12,C1-M07-K04-S12,Marmara Limon Soğuk Çay Orta,8690000535057,Şişe,7,77,84,98
C1,İçecek,7,4,13,C1-M07-K04-S13,Usta Limon Soğuk Çay Orta,8690000535064,Şişe,7,84,91,98
C1,İçecek,7,4,14,C1-M07-K04-S14,Lezzet Limon Soğuk Çay Orta,8690000535071,Şişe,7,91,98,98
C1,İçecek,7,5,1,C1-M07-K05-S01,Marmara Limon Soğuk Çay Küçük,8690000535088,Şişe,6,0,6,96
C1,İçecek,7,5,2,C1-M07-K05-S02,Usta Limon Soğuk Çay Küçük,8690000535095,Şişe,6,6,12,96
C1,İçecek,7,5,3,C1-M07-K05-S03,Lezzet Limon Soğuk Çay Küçük,8690000535101,Şişe,6,12,18,96
C1,İçecek,7,5,4,C1-M07-K05-S04,Günlük Limon Soğuk Çay Küçük,8690000535118,Şişe,6,18,24,96
C1,İçecek,7,5,5,C1-M07-K05-S05,Evimiz Limon Soğuk Çay Küçük,8690000535125,Şişe,6,24,30,96
C1,İçecek,7,5,6,C1-M07-K05-S06,Doğa Limon Soğuk Çay Küçük,8690000535132,Şişe,6,30,36,96
C1,İçecek,7,5,7,C1-M07-K05-S07,Premium Limon Soğuk Çay Küçük,8690000535149,Şişe,6,36,42,96
C1,İçecek,7,5,8,C1-M07-K05-S08,Emigro Limon Soğuk Çay Küçük,8690000535156,Şişe,6,42,48,96
C1,İçecek,7,5,9,C1-M07-K05-S09,Anadolu Limon Soğuk Çay Küçük,8690000535163,Şişe,6,48,54,96
C1,İçecek,7,5,10,C1-M07-K05-S10,Bereket Limon Soğuk Çay Küçük,8690000535170,Şişe,6,54,60,96
C1,İçecek,7,5,11,C1-M07-K05-S11,Marmara Limon Soğuk Çay Küçük,8690000535187,Şişe,6,60,66,96
C1,İçecek,7,5,12,C1-M07-K05-S12,Usta Limon Soğuk Çay Küçük,8690000535194,Şişe,6,66,72,96
C1,İçecek,7,5,13,C1-M07-K05-S13,Lezzet Limon Soğuk Çay Küçük,8690000535200,Şişe,6,72,78,96
C1,İçecek,7,5,14,C1-M07-K05-S14,Günlük Limon Soğuk Çay Küçük,8690000535217,Şişe,6,78,84,96
C1,İçecek,7,5,15,C1-M07-K05-S15,Evimiz Limon Soğuk Çay Küçük,8690000535224,Şişe,6,84,90,96
C1,İçecek,7,5,16,C1-M07-K05-S16,Doğa Limon Soğuk Çay Küçük,8690000535231,Şişe,6,90,96,96
C1,İçecek,7,6,1,C1-M07-K06-S01,Usta Limon Soğuk Çay Mini,8690000535248,Şişe,6,0,6,96
C1,İçecek,7,6,2,C1-M07-K06-S02,Lezzet Limon Soğuk Çay Mini,8690000535255,Şişe,6,6,12,96
C1,İçecek,7,6,3,C1-M07-K06-S03,Günlük Limon Soğuk Çay Mini,8690000535262,Şişe,6,12,18,96
C1,İçecek,7,6,4,C1-M07-K06-S04,Evimiz Limon Soğuk Çay Mini,8690000535279,Şişe,6,18,24,96
C1,İçecek,7,6,5,C1-M07-K06-S05,Doğa Limon Soğuk Çay Mini,8690000535286,Şişe,6,24,30,96
C1,İçecek,7,6,6,C1-M07-K06-S06,Premium Limon Soğuk Çay Mini,8690000535293,Şişe,6,30,36,96
C1,İçecek,7,6,7,C1-M07-K06-S07,Emigro Limon Soğuk Çay Mini,8690000535309,Şişe,6,36,42,96
C1,İçecek,7,6,8,C1-M07-K06-S08,Anadolu Limon Soğuk Çay Mini,8690000535316,Şişe,6,42,48,96
C1,İçecek,7,6,9,C1-M07-K06-S09,Bereket Limon Soğuk Çay Mini,8690000535323,Şişe,6,48,54,96
C1,İçecek,7,6,10,C1-M07-K06-S10,Marmara Limon Soğuk Çay Mini,8690000535330,Şişe,6,54,60,96
C1,İçecek,7,6,11,C1-M07-K06-S11,Usta Limon Soğuk Çay Mini,8690000535347,Şişe,6,60,66,96
C1,İçecek,7,6,12,C1-M07-K06-S12,Lezzet Limon Soğuk Çay Mini,8690000535354,Şişe,6,66,72,96
C1,İçecek,7,6,13,C1-M07-K06-S13,Günlük Limon Soğuk Çay Mini,8690000535361,Şişe,6,72,78,96
C1,İçecek,7,6,14,C1-M07-K06-S14,Evimiz Limon Soğuk Çay Mini,8690000535378,Şişe,6,78,84,96
C1,İçecek,7,6,15,C1-M07-K06-S15,Doğa Limon Soğuk Çay Mini,8690000535385,Şişe,6,84,90,96
C1,İçecek,7,6,16,C1-M07-K06-S16,Premium Limon Soğuk Çay Mini,8690000535392,Şişe,6,90,96,96
C1,İçecek,8,1,1,C1-M08-K01-S01,Emigro Portakal Suyu XL,8690000535408,Kutu,9,0,9,99
C1,İçecek,8,1,2,C1-M08-K01-S02,Anadolu Portakal Suyu XL,8690000535415,Kutu,9,9,18,99
C1,İçecek,8,1,3,C1-M08-K01-S03,Bereket Portakal Suyu XL,8690000535422,Kutu,9,18,27,99
C1,İçecek,8,1,4,C1-M08-K01-S04,Marmara Portakal Suyu XL,8690000535439,Kutu,9,27,36,99
C1,İçecek,8,1,5,C1-M08-K01-S05,Usta Portakal Suyu XL,8690000535446,Kutu,9,36,45,99
C1,İçecek,8,1,6,C1-M08-K01-S06,Lezzet Portakal Suyu XL,8690000535453,Kutu,9,45,54,99
C1,İçecek,8,1,7,C1-M08-K01-S07,Günlük Portakal Suyu XL,8690000535460,Kutu,9,54,63,99
C1,İçecek,8,1,8,C1-M08-K01-S08,Evimiz Portakal Suyu XL,8690000535477,Kutu,9,63,72,99
C1,İçecek,8,1,9,C1-M08-K01-S09,Doğa Portakal Suyu XL,8690000535484,Kutu,9,72,81,99
C1,İçecek,8,1,10,C1-M08-K01-S10,Premium Portakal Suyu XL,8690000535491,Kutu,9,81,90,99
C1,İçecek,8,1,11,C1-M08-K01-S11,Emigro Portakal Suyu XL,8690000535507,Kutu,9,90,99,99
C1,İçecek,8,2,1,C1-M08-K02-S01,Anadolu Portakal Suyu Büyük,8690000535514,Kutu,8,0,8,96
C1,İçecek,8,2,2,C1-M08-K02-S02,Bereket Portakal Suyu Büyük,8690000535521,Kutu,8,8,16,96
C1,İçecek,8,2,3,C1-M08-K02-S03,Marmara Portakal Suyu Büyük,8690000535538,Kutu,8,16,24,96
C1,İçecek,8,2,4,C1-M08-K02-S04,Usta Portakal Suyu Büyük,8690000535545,Kutu,8,24,32,96
C1,İçecek,8,2,5,C1-M08-K02-S05,Lezzet Portakal Suyu Büyük,8690000535552,Kutu,8,32,40,96
C1,İçecek,8,2,6,C1-M08-K02-S06,Günlük Portakal Suyu Büyük,8690000535569,Kutu,8,40,48,96
C1,İçecek,8,2,7,C1-M08-K02-S07,Evimiz Portakal Suyu Büyük,8690000535576,Kutu,8,48,56,96
C1,İçecek,8,2,8,C1-M08-K02-S08,Doğa Portakal Suyu Büyük,8690000535583,Kutu,8,56,64,96
C1,İçecek,8,2,9,C1-M08-K02-S09,Premium Portakal Suyu Büyük,8690000535590,Kutu,8,64,72,96
C1,İçecek,8,2,10,C1-M08-K02-S10,Emigro Portakal Suyu Büyük,8690000535606,Kutu,8,72,80,96
C1,İçecek,8,2,11,C1-M08-K02-S11,Anadolu Portakal Suyu Büyük,8690000535613,Kutu,8,80,88,96
C1,İçecek,8,2,12,C1-M08-K02-S12,Bereket Portakal Suyu Büyük,8690000535620,Kutu,8,88,96,96
C1,İçecek,8,3,1,C1-M08-K03-S01,Bereket Portakal Suyu Standart,8690000535637,Kutu,7,0,7,98
C1,İçecek,8,3,2,C1-M08-K03-S02,Marmara Portakal Suyu Standart,8690000535644,Kutu,7,7,14,98
C1,İçecek,8,3,3,C1-M08-K03-S03,Usta Portakal Suyu Standart,8690000535651,Kutu,7,14,21,98
C1,İçecek,8,3,4,C1-M08-K03-S04,Lezzet Portakal Suyu Standart,8690000535668,Kutu,7,21,28,98
C1,İçecek,8,3,5,C1-M08-K03-S05,Günlük Portakal Suyu Standart,8690000535675,Kutu,7,28,35,98
C1,İçecek,8,3,6,C1-M08-K03-S06,Evimiz Portakal Suyu Standart,8690000535682,Kutu,7,35,42,98
C1,İçecek,8,3,7,C1-M08-K03-S07,Doğa Portakal Suyu Standart,8690000535699,Kutu,7,42,49,98
C1,İçecek,8,3,8,C1-M08-K03-S08,Premium Portakal Suyu Standart,8690000535705,Kutu,7,49,56,98
C1,İçecek,8,3,9,C1-M08-K03-S09,Emigro Portakal Suyu Standart,8690000535712,Kutu,7,56,63,98
C1,İçecek,8,3,10,C1-M08-K03-S10,Anadolu Portakal Suyu Standart,8690000535729,Kutu,7,63,70,98
C1,İçecek,8,3,11,C1-M08-K03-S11,Bereket Portakal Suyu Standart,8690000535736,Kutu,7,70,77,98
C1,İçecek,8,3,12,C1-M08-K03-S12,Marmara Portakal Suyu Standart,8690000535743,Kutu,7,77,84,98
C1,İçecek,8,3,13,C1-M08-K03-S13,Usta Portakal Suyu Standart,8690000535750,Kutu,7,84,91,98
C1,İçecek,8,3,14,C1-M08-K03-S14,Lezzet Portakal Suyu Standart,8690000535767,Kutu,7,91,98,98
C1,İçecek,8,4,1,C1-M08-K04-S01,Marmara Portakal Suyu Orta,8690000535774,Kutu,6,0,6,96
C1,İçecek,8,4,2,C1-M08-K04-S02,Usta Portakal Suyu Orta,8690000535781,Kutu,6,6,12,96
C1,İçecek,8,4,3,C1-M08-K04-S03,Lezzet Portakal Suyu Orta,8690000535798,Kutu,6,12,18,96
C1,İçecek,8,4,4,C1-M08-K04-S04,Günlük Portakal Suyu Orta,8690000535804,Kutu,6,18,24,96
C1,İçecek,8,4,5,C1-M08-K04-S05,Evimiz Portakal Suyu Orta,8690000535811,Kutu,6,24,30,96
C1,İçecek,8,4,6,C1-M08-K04-S06,Doğa Portakal Suyu Orta,8690000535828,Kutu,6,30,36,96
C1,İçecek,8,4,7,C1-M08-K04-S07,Premium Portakal Suyu Orta,8690000535835,Kutu,6,36,42,96
C1,İçecek,8,4,8,C1-M08-K04-S08,Emigro Portakal Suyu Orta,8690000535842,Kutu,6,42,48,96
C1,İçecek,8,4,9,C1-M08-K04-S09,Anadolu Portakal Suyu Orta,8690000535859,Kutu,6,48,54,96
C1,İçecek,8,4,10,C1-M08-K04-S10,Bereket Portakal Suyu Orta,8690000535866,Kutu,6,54,60,96
C1,İçecek,8,4,11,C1-M08-K04-S11,Marmara Portakal Suyu Orta,8690000535873,Kutu,6,60,66,96
C1,İçecek,8,4,12,C1-M08-K04-S12,Usta Portakal Suyu Orta,8690000535880,Kutu,6,66,72,96
C1,İçecek,8,4,13,C1-M08-K04-S13,Lezzet Portakal Suyu Orta,8690000535897,Kutu,6,72,78,96
C1,İçecek,8,4,14,C1-M08-K04-S14,Günlük Portakal Suyu Orta,8690000535903,Kutu,6,78,84,96
C1,İçecek,8,4,15,C1-M08-K04-S15,Evimiz Portakal Suyu Orta,8690000535910,Kutu,6,84,90,96
C1,İçecek,8,4,16,C1-M08-K04-S16,Doğa Portakal Suyu Orta,8690000535927,Kutu,6,90,96,96
C1,İçecek,8,5,1,C1-M08-K05-S01,Usta Portakal Suyu Küçük,8690000535934,Kutu,6,0,6,96
C1,İçecek,8,5,2,C1-M08-K05-S02,Lezzet Portakal Suyu Küçük,8690000535941,Kutu,6,6,12,96
C1,İçecek,8,5,3,C1-M08-K05-S03,Günlük Portakal Suyu Küçük,8690000535958,Kutu,6,12,18,96
C1,İçecek,8,5,4,C1-M08-K05-S04,Evimiz Portakal Suyu Küçük,8690000535965,Kutu,6,18,24,96
C1,İçecek,8,5,5,C1-M08-K05-S05,Doğa Portakal Suyu Küçük,8690000535972,Kutu,6,24,30,96
C1,İçecek,8,5,6,C1-M08-K05-S06,Premium Portakal Suyu Küçük,8690000535989,Kutu,6,30,36,96
C1,İçecek,8,5,7,C1-M08-K05-S07,Emigro Portakal Suyu Küçük,8690000535996,Kutu,6,36,42,96
C1,İçecek,8,5,8,C1-M08-K05-S08,Anadolu Portakal Suyu Küçük,8690000536009,Kutu,6,42,48,96
C1,İçecek,8,5,9,C1-M08-K05-S09,Bereket Portakal Suyu Küçük,8690000536016,Kutu,6,48,54,96
C1,İçecek,8,5,10,C1-M08-K05-S10,Marmara Portakal Suyu Küçük,8690000536023,Kutu,6,54,60,96
C1,İçecek,8,5,11,C1-M08-K05-S11,Usta Portakal Suyu Küçük,8690000536030,Kutu,6,60,66,96
C1,İçecek,8,5,12,C1-M08-K05-S12,Lezzet Portakal Suyu Küçük,8690000536047,Kutu,6,66,72,96
C1,İçecek,8,5,13,C1-M08-K05-S13,Günlük Portakal Suyu Küçük,8690000536054,Kutu,6,72,78,96
C1,İçecek,8,5,14,C1-M08-K05-S14,Evimiz Portakal Suyu Küçük,8690000536061,Kutu,6,78,84,96
C1,İçecek,8,5,15,C1-M08-K05-S15,Doğa Portakal Suyu Küçük,8690000536078,Kutu,6,84,90,96
C1,İçecek,8,5,16,C1-M08-K05-S16,Premium Portakal Suyu Küçük,8690000536085,Kutu,6,90,96,96
C1,İçecek,8,6,1,C1-M08-K06-S01,Lezzet Portakal Suyu Mini,8690000536092,Kutu,5,0,5,100
C1,İçecek,8,6,2,C1-M08-K06-S02,Günlük Portakal Suyu Mini,8690000536108,Kutu,5,5,10,100
C1,İçecek,8,6,3,C1-M08-K06-S03,Evimiz Portakal Suyu Mini,8690000536115,Kutu,5,10,15,100
C1,İçecek,8,6,4,C1-M08-K06-S04,Doğa Portakal Suyu Mini,8690000536122,Kutu,5,15,20,100
C1,İçecek,8,6,5,C1-M08-K06-S05,Premium Portakal Suyu Mini,8690000536139,Kutu,5,20,25,100
C1,İçecek,8,6,6,C1-M08-K06-S06,Emigro Portakal Suyu Mini,8690000536146,Kutu,5,25,30,100
C1,İçecek,8,6,7,C1-M08-K06-S07,Anadolu Portakal Suyu Mini,8690000536153,Kutu,5,30,35,100
C1,İçecek,8,6,8,C1-M08-K06-S08,Bereket Portakal Suyu Mini,8690000536160,Kutu,5,35,40,100
C1,İçecek,8,6,9,C1-M08-K06-S09,Marmara Portakal Suyu Mini,8690000536177,Kutu,5,40,45,100
C1,İçecek,8,6,10,C1-M08-K06-S10,Usta Portakal Suyu Mini,8690000536184,Kutu,5,45,50,100
C1,İçecek,8,6,11,C1-M08-K06-S11,Lezzet Portakal Suyu Mini,8690000536191,Kutu,5,50,55,100
C1,İçecek,8,6,12,C1-M08-K06-S12,Günlük Portakal Suyu Mini,8690000536207,Kutu,5,55,60,100
C1,İçecek,8,6,13,C1-M08-K06-S13,Evimiz Portakal Suyu Mini,8690000536214,Kutu,5,60,65,100
C1,İçecek,8,6,14,C1-M08-K06-S14,Doğa Portakal Suyu Mini,8690000536221,Kutu,5,65,70,100
C1,İçecek,8,6,15,C1-M08-K06-S15,Premium Portakal Suyu Mini,8690000536238,Kutu,5,70,75,100
C1,İçecek,8,6,16,C1-M08-K06-S16,Emigro Portakal Suyu Mini,8690000536245,Kutu,5,75,80,100
C1,İçecek,8,6,17,C1-M08-K06-S17,Anadolu Portakal Suyu Mini,8690000536252,Kutu,5,80,85,100
C1,İçecek,8,6,18,C1-M08-K06-S18,Bereket Portakal Suyu Mini,8690000536269,Kutu,5,85,90,100
C1,İçecek,8,6,19,C1-M08-K06-S19,Marmara Portakal Suyu Mini,8690000536276,Kutu,5,90,95,100
C1,İçecek,8,6,20,C1-M08-K06-S20,Usta Portakal Suyu Mini,8690000536283,Kutu,5,95,100,100
C1,İçecek,9,1,1,C1-M09-K01-S01,Anadolu Elma Suyu XL,8690000536290,Kutu,9,0,9,99
C1,İçecek,9,1,2,C1-M09-K01-S02,Bereket Elma Suyu XL,8690000536306,Kutu,9,9,18,99
C1,İçecek,9,1,3,C1-M09-K01-S03,Marmara Elma Suyu XL,8690000536313,Kutu,9,18,27,99
C1,İçecek,9,1,4,C1-M09-K01-S04,Usta Elma Suyu XL,8690000536320,Kutu,9,27,36,99
C1,İçecek,9,1,5,C1-M09-K01-S05,Lezzet Elma Suyu XL,8690000536337,Kutu,9,36,45,99
C1,İçecek,9,1,6,C1-M09-K01-S06,Günlük Elma Suyu XL,8690000536344,Kutu,9,45,54,99
C1,İçecek,9,1,7,C1-M09-K01-S07,Evimiz Elma Suyu XL,8690000536351,Kutu,9,54,63,99
C1,İçecek,9,1,8,C1-M09-K01-S08,Doğa Elma Suyu XL,8690000536368,Kutu,9,63,72,99
C1,İçecek,9,1,9,C1-M09-K01-S09,Premium Elma Suyu XL,8690000536375,Kutu,9,72,81,99
C1,İçecek,9,1,10,C1-M09-K01-S10,Emigro Elma Suyu XL,8690000536382,Kutu,9,81,90,99
C1,İçecek,9,1,11,C1-M09-K01-S11,Anadolu Elma Suyu XL,8690000536399,Kutu,9,90,99,99
C1,İçecek,9,2,1,C1-M09-K02-S01,Bereket Elma Suyu Büyük,8690000536405,Kutu,8,0,8,96
C1,İçecek,9,2,2,C1-M09-K02-S02,Marmara Elma Suyu Büyük,8690000536412,Kutu,8,8,16,96
C1,İçecek,9,2,3,C1-M09-K02-S03,Usta Elma Suyu Büyük,8690000536429,Kutu,8,16,24,96
C1,İçecek,9,2,4,C1-M09-K02-S04,Lezzet Elma Suyu Büyük,8690000536436,Kutu,8,24,32,96
C1,İçecek,9,2,5,C1-M09-K02-S05,Günlük Elma Suyu Büyük,8690000536443,Kutu,8,32,40,96
C1,İçecek,9,2,6,C1-M09-K02-S06,Evimiz Elma Suyu Büyük,8690000536450,Kutu,8,40,48,96
C1,İçecek,9,2,7,C1-M09-K02-S07,Doğa Elma Suyu Büyük,8690000536467,Kutu,8,48,56,96
C1,İçecek,9,2,8,C1-M09-K02-S08,Premium Elma Suyu Büyük,8690000536474,Kutu,8,56,64,96
C1,İçecek,9,2,9,C1-M09-K02-S09,Emigro Elma Suyu Büyük,8690000536481,Kutu,8,64,72,96
C1,İçecek,9,2,10,C1-M09-K02-S10,Anadolu Elma Suyu Büyük,8690000536498,Kutu,8,72,80,96
C1,İçecek,9,2,11,C1-M09-K02-S11,Bereket Elma Suyu Büyük,8690000536504,Kutu,8,80,88,96
C1,İçecek,9,2,12,C1-M09-K02-S12,Marmara Elma Suyu Büyük,8690000536511,Kutu,8,88,96,96
C1,İçecek,9,3,1,C1-M09-K03-S01,Marmara Elma Suyu Standart,8690000536528,Kutu,7,0,7,98
C1,İçecek,9,3,2,C1-M09-K03-S02,Usta Elma Suyu Standart,8690000536535,Kutu,7,7,14,98
C1,İçecek,9,3,3,C1-M09-K03-S03,Lezzet Elma Suyu Standart,8690000536542,Kutu,7,14,21,98
C1,İçecek,9,3,4,C1-M09-K03-S04,Günlük Elma Suyu Standart,8690000536559,Kutu,7,21,28,98
C1,İçecek,9,3,5,C1-M09-K03-S05,Evimiz Elma Suyu Standart,8690000536566,Kutu,7,28,35,98
C1,İçecek,9,3,6,C1-M09-K03-S06,Doğa Elma Suyu Standart,8690000536573,Kutu,7,35,42,98
C1,İçecek,9,3,7,C1-M09-K03-S07,Premium Elma Suyu Standart,8690000536580,Kutu,7,42,49,98
C1,İçecek,9,3,8,C1-M09-K03-S08,Emigro Elma Suyu Standart,8690000536597,Kutu,7,49,56,98
C1,İçecek,9,3,9,C1-M09-K03-S09,Anadolu Elma Suyu Standart,8690000536603,Kutu,7,56,63,98
C1,İçecek,9,3,10,C1-M09-K03-S10,Bereket Elma Suyu Standart,8690000536610,Kutu,7,63,70,98
C1,İçecek,9,3,11,C1-M09-K03-S11,Marmara Elma Suyu Standart,8690000536627,Kutu,7,70,77,98
C1,İçecek,9,3,12,C1-M09-K03-S12,Usta Elma Suyu Standart,8690000536634,Kutu,7,77,84,98
C1,İçecek,9,3,13,C1-M09-K03-S13,Lezzet Elma Suyu Standart,8690000536641,Kutu,7,84,91,98
C1,İçecek,9,3,14,C1-M09-K03-S14,Günlük Elma Suyu Standart,8690000536658,Kutu,7,91,98,98
C1,İçecek,9,4,1,C1-M09-K04-S01,Usta Elma Suyu Orta,8690000536665,Kutu,6,0,6,96
C1,İçecek,9,4,2,C1-M09-K04-S02,Lezzet Elma Suyu Orta,8690000536672,Kutu,6,6,12,96
C1,İçecek,9,4,3,C1-M09-K04-S03,Günlük Elma Suyu Orta,8690000536689,Kutu,6,12,18,96
C1,İçecek,9,4,4,C1-M09-K04-S04,Evimiz Elma Suyu Orta,8690000536696,Kutu,6,18,24,96
C1,İçecek,9,4,5,C1-M09-K04-S05,Doğa Elma Suyu Orta,8690000536702,Kutu,6,24,30,96
C1,İçecek,9,4,6,C1-M09-K04-S06,Premium Elma Suyu Orta,8690000536719,Kutu,6,30,36,96
C1,İçecek,9,4,7,C1-M09-K04-S07,Emigro Elma Suyu Orta,8690000536726,Kutu,6,36,42,96
C1,İçecek,9,4,8,C1-M09-K04-S08,Anadolu Elma Suyu Orta,8690000536733,Kutu,6,42,48,96
C1,İçecek,9,4,9,C1-M09-K04-S09,Bereket Elma Suyu Orta,8690000536740,Kutu,6,48,54,96
C1,İçecek,9,4,10,C1-M09-K04-S10,Marmara Elma Suyu Orta,8690000536757,Kutu,6,54,60,96
C1,İçecek,9,4,11,C1-M09-K04-S11,Usta Elma Suyu Orta,8690000536764,Kutu,6,60,66,96
C1,İçecek,9,4,12,C1-M09-K04-S12,Lezzet Elma Suyu Orta,8690000536771,Kutu,6,66,72,96
C1,İçecek,9,4,13,C1-M09-K04-S13,Günlük Elma Suyu Orta,8690000536788,Kutu,6,72,78,96
C1,İçecek,9,4,14,C1-M09-K04-S14,Evimiz Elma Suyu Orta,8690000536795,Kutu,6,78,84,96
C1,İçecek,9,4,15,C1-M09-K04-S15,Doğa Elma Suyu Orta,8690000536801,Kutu,6,84,90,96
C1,İçecek,9,4,16,C1-M09-K04-S16,Premium Elma Suyu Orta,8690000536818,Kutu,6,90,96,96
C1,İçecek,9,5,1,C1-M09-K05-S01,Lezzet Elma Suyu Küçük,8690000536825,Kutu,6,0,6,96
C1,İçecek,9,5,2,C1-M09-K05-S02,Günlük Elma Suyu Küçük,8690000536832,Kutu,6,6,12,96
C1,İçecek,9,5,3,C1-M09-K05-S03,Evimiz Elma Suyu Küçük,8690000536849,Kutu,6,12,18,96
C1,İçecek,9,5,4,C1-M09-K05-S04,Doğa Elma Suyu Küçük,8690000536856,Kutu,6,18,24,96
C1,İçecek,9,5,5,C1-M09-K05-S05,Premium Elma Suyu Küçük,8690000536863,Kutu,6,24,30,96
C1,İçecek,9,5,6,C1-M09-K05-S06,Emigro Elma Suyu Küçük,8690000536870,Kutu,6,30,36,96
C1,İçecek,9,5,7,C1-M09-K05-S07,Anadolu Elma Suyu Küçük,8690000536887,Kutu,6,36,42,96
C1,İçecek,9,5,8,C1-M09-K05-S08,Bereket Elma Suyu Küçük,8690000536894,Kutu,6,42,48,96
C1,İçecek,9,5,9,C1-M09-K05-S09,Marmara Elma Suyu Küçük,8690000536900,Kutu,6,48,54,96
C1,İçecek,9,5,10,C1-M09-K05-S10,Usta Elma Suyu Küçük,8690000536917,Kutu,6,54,60,96
C1,İçecek,9,5,11,C1-M09-K05-S11,Lezzet Elma Suyu Küçük,8690000536924,Kutu,6,60,66,96
C1,İçecek,9,5,12,C1-M09-K05-S12,Günlük Elma Suyu Küçük,8690000536931,Kutu,6,66,72,96
C1,İçecek,9,5,13,C1-M09-K05-S13,Evimiz Elma Suyu Küçük,8690000536948,Kutu,6,72,78,96
C1,İçecek,9,5,14,C1-M09-K05-S14,Doğa Elma Suyu Küçük,8690000536955,Kutu,6,78,84,96
C1,İçecek,9,5,15,C1-M09-K05-S15,Premium Elma Suyu Küçük,8690000536962,Kutu,6,84,90,96
C1,İçecek,9,5,16,C1-M09-K05-S16,Emigro Elma Suyu Küçük,8690000536979,Kutu,6,90,96,96
C1,İçecek,9,6,1,C1-M09-K06-S01,Günlük Elma Suyu Mini,8690000536986,Kutu,5,0,5,100
C1,İçecek,9,6,2,C1-M09-K06-S02,Evimiz Elma Suyu Mini,8690000536993,Kutu,5,5,10,100
C1,İçecek,9,6,3,C1-M09-K06-S03,Doğa Elma Suyu Mini,8690000537006,Kutu,5,10,15,100
C1,İçecek,9,6,4,C1-M09-K06-S04,Premium Elma Suyu Mini,8690000537013,Kutu,5,15,20,100
C1,İçecek,9,6,5,C1-M09-K06-S05,Emigro Elma Suyu Mini,8690000537020,Kutu,5,20,25,100
C1,İçecek,9,6,6,C1-M09-K06-S06,Anadolu Elma Suyu Mini,8690000537037,Kutu,5,25,30,100
C1,İçecek,9,6,7,C1-M09-K06-S07,Bereket Elma Suyu Mini,8690000537044,Kutu,5,30,35,100
C1,İçecek,9,6,8,C1-M09-K06-S08,Marmara Elma Suyu Mini,8690000537051,Kutu,5,35,40,100
C1,İçecek,9,6,9,C1-M09-K06-S09,Usta Elma Suyu Mini,8690000537068,Kutu,5,40,45,100
C1,İçecek,9,6,10,C1-M09-K06-S10,Lezzet Elma Suyu Mini,8690000537075,Kutu,5,45,50,100
C1,İçecek,9,6,11,C1-M09-K06-S11,Günlük Elma Suyu Mini,8690000537082,Kutu,5,50,55,100
C1,İçecek,9,6,12,C1-M09-K06-S12,Evimiz Elma Suyu Mini,8690000537099,Kutu,5,55,60,100
C1,İçecek,9,6,13,C1-M09-K06-S13,Doğa Elma Suyu Mini,8690000537105,Kutu,5,60,65,100
C1,İçecek,9,6,14,C1-M09-K06-S14,Premium Elma Suyu Mini,8690000537112,Kutu,5,65,70,100
C1,İçecek,9,6,15,C1-M09-K06-S15,Emigro Elma Suyu Mini,8690000537129,Kutu,5,70,75,100
C1,İçecek,9,6,16,C1-M09-K06-S16,Anadolu Elma Suyu Mini,8690000537136,Kutu,5,75,80,100
C1,İçecek,9,6,17,C1-M09-K06-S17,Bereket Elma Suyu Mini,8690000537143,Kutu,5,80,85,100
C1,İçecek,9,6,18,C1-M09-K06-S18,Marmara Elma Suyu Mini,8690000537150,Kutu,5,85,90,100
C1,İçecek,9,6,19,C1-M09-K06-S19,Usta Elma Suyu Mini,8690000537167,Kutu,5,90,95,100
C1,İçecek,9,6,20,C1-M09-K06-S20,Lezzet Elma Suyu Mini,8690000537174,Kutu,5,95,100,100
C1,İçecek,10,1,1,C1-M10-K01-S01,Bereket Enerji İçeceği XL,8690000537181,Kutu,8,0,8,96
C1,İçecek,10,1,2,C1-M10-K01-S02,Marmara Enerji İçeceği XL,8690000537198,Kutu,8,8,16,96
C1,İçecek,10,1,3,C1-M10-K01-S03,Usta Enerji İçeceği XL,8690000537204,Kutu,8,16,24,96
C1,İçecek,10,1,4,C1-M10-K01-S04,Lezzet Enerji İçeceği XL,8690000537211,Kutu,8,24,32,96
C1,İçecek,10,1,5,C1-M10-K01-S05,Günlük Enerji İçeceği XL,8690000537228,Kutu,8,32,40,96
C1,İçecek,10,1,6,C1-M10-K01-S06,Evimiz Enerji İçeceği XL,8690000537235,Kutu,8,40,48,96
C1,İçecek,10,1,7,C1-M10-K01-S07,Doğa Enerji İçeceği XL,8690000537242,Kutu,8,48,56,96
C1,İçecek,10,1,8,C1-M10-K01-S08,Premium Enerji İçeceği XL,8690000537259,Kutu,8,56,64,96
C1,İçecek,10,1,9,C1-M10-K01-S09,Emigro Enerji İçeceği XL,8690000537266,Kutu,8,64,72,96
C1,İçecek,10,1,10,C1-M10-K01-S10,Anadolu Enerji İçeceği XL,8690000537273,Kutu,8,72,80,96
C1,İçecek,10,1,11,C1-M10-K01-S11,Bereket Enerji İçeceği XL,8690000537280,Kutu,8,80,88,96
C1,İçecek,10,1,12,C1-M10-K01-S12,Marmara Enerji İçeceği XL,8690000537297,Kutu,8,88,96,96
C1,İçecek,10,2,1,C1-M10-K02-S01,Marmara Enerji İçeceği Büyük,8690000537303,Kutu,7,0,7,98
C1,İçecek,10,2,2,C1-M10-K02-S02,Usta Enerji İçeceği Büyük,8690000537310,Kutu,7,7,14,98
C1,İçecek,10,2,3,C1-M10-K02-S03,Lezzet Enerji İçeceği Büyük,8690000537327,Kutu,7,14,21,98
C1,İçecek,10,2,4,C1-M10-K02-S04,Günlük Enerji İçeceği Büyük,8690000537334,Kutu,7,21,28,98
C1,İçecek,10,2,5,C1-M10-K02-S05,Evimiz Enerji İçeceği Büyük,8690000537341,Kutu,7,28,35,98
C1,İçecek,10,2,6,C1-M10-K02-S06,Doğa Enerji İçeceği Büyük,8690000537358,Kutu,7,35,42,98
C1,İçecek,10,2,7,C1-M10-K02-S07,Premium Enerji İçeceği Büyük,8690000537365,Kutu,7,42,49,98
C1,İçecek,10,2,8,C1-M10-K02-S08,Emigro Enerji İçeceği Büyük,8690000537372,Kutu,7,49,56,98
C1,İçecek,10,2,9,C1-M10-K02-S09,Anadolu Enerji İçeceği Büyük,8690000537389,Kutu,7,56,63,98
C1,İçecek,10,2,10,C1-M10-K02-S10,Bereket Enerji İçeceği Büyük,8690000537396,Kutu,7,63,70,98
C1,İçecek,10,2,11,C1-M10-K02-S11,Marmara Enerji İçeceği Büyük,8690000537402,Kutu,7,70,77,98
C1,İçecek,10,2,12,C1-M10-K02-S12,Usta Enerji İçeceği Büyük,8690000537419,Kutu,7,77,84,98
C1,İçecek,10,2,13,C1-M10-K02-S13,Lezzet Enerji İçeceği Büyük,8690000537426,Kutu,7,84,91,98
C1,İçecek,10,2,14,C1-M10-K02-S14,Günlük Enerji İçeceği Büyük,8690000537433,Kutu,7,91,98,98
C1,İçecek,10,3,1,C1-M10-K03-S01,Usta Enerji İçeceği Standart,8690000537440,Kutu,6,0,6,96
C1,İçecek,10,3,2,C1-M10-K03-S02,Lezzet Enerji İçeceği Standart,8690000537457,Kutu,6,6,12,96
C1,İçecek,10,3,3,C1-M10-K03-S03,Günlük Enerji İçeceği Standart,8690000537464,Kutu,6,12,18,96
C1,İçecek,10,3,4,C1-M10-K03-S04,Evimiz Enerji İçeceği Standart,8690000537471,Kutu,6,18,24,96
C1,İçecek,10,3,5,C1-M10-K03-S05,Doğa Enerji İçeceği Standart,8690000537488,Kutu,6,24,30,96
C1,İçecek,10,3,6,C1-M10-K03-S06,Premium Enerji İçeceği Standart,8690000537495,Kutu,6,30,36,96
C1,İçecek,10,3,7,C1-M10-K03-S07,Emigro Enerji İçeceği Standart,8690000537501,Kutu,6,36,42,96
C1,İçecek,10,3,8,C1-M10-K03-S08,Anadolu Enerji İçeceği Standart,8690000537518,Kutu,6,42,48,96
C1,İçecek,10,3,9,C1-M10-K03-S09,Bereket Enerji İçeceği Standart,8690000537525,Kutu,6,48,54,96
C1,İçecek,10,3,10,C1-M10-K03-S10,Marmara Enerji İçeceği Standart,8690000537532,Kutu,6,54,60,96
C1,İçecek,10,3,11,C1-M10-K03-S11,Usta Enerji İçeceği Standart,8690000537549,Kutu,6,60,66,96
C1,İçecek,10,3,12,C1-M10-K03-S12,Lezzet Enerji İçeceği Standart,8690000537556,Kutu,6,66,72,96
C1,İçecek,10,3,13,C1-M10-K03-S13,Günlük Enerji İçeceği Standart,8690000537563,Kutu,6,72,78,96
C1,İçecek,10,3,14,C1-M10-K03-S14,Evimiz Enerji İçeceği Standart,8690000537570,Kutu,6,78,84,96
C1,İçecek,10,3,15,C1-M10-K03-S15,Doğa Enerji İçeceği Standart,8690000537587,Kutu,6,84,90,96
C1,İçecek,10,3,16,C1-M10-K03-S16,Premium Enerji İçeceği Standart,8690000537594,Kutu,6,90,96,96
C1,İçecek,10,4,1,C1-M10-K04-S01,Lezzet Enerji İçeceği Orta,8690000537600,Kutu,5,0,5,100
C1,İçecek,10,4,2,C1-M10-K04-S02,Günlük Enerji İçeceği Orta,8690000537617,Kutu,5,5,10,100
C1,İçecek,10,4,3,C1-M10-K04-S03,Evimiz Enerji İçeceği Orta,8690000537624,Kutu,5,10,15,100
C1,İçecek,10,4,4,C1-M10-K04-S04,Doğa Enerji İçeceği Orta,8690000537631,Kutu,5,15,20,100
C1,İçecek,10,4,5,C1-M10-K04-S05,Premium Enerji İçeceği Orta,8690000537648,Kutu,5,20,25,100
C1,İçecek,10,4,6,C1-M10-K04-S06,Emigro Enerji İçeceği Orta,8690000537655,Kutu,5,25,30,100
C1,İçecek,10,4,7,C1-M10-K04-S07,Anadolu Enerji İçeceği Orta,8690000537662,Kutu,5,30,35,100
C1,İçecek,10,4,8,C1-M10-K04-S08,Bereket Enerji İçeceği Orta,8690000537679,Kutu,5,35,40,100
C1,İçecek,10,4,9,C1-M10-K04-S09,Marmara Enerji İçeceği Orta,8690000537686,Kutu,5,40,45,100
C1,İçecek,10,4,10,C1-M10-K04-S10,Usta Enerji İçeceği Orta,8690000537693,Kutu,5,45,50,100
C1,İçecek,10,4,11,C1-M10-K04-S11,Lezzet Enerji İçeceği Orta,8690000537709,Kutu,5,50,55,100
C1,İçecek,10,4,12,C1-M10-K04-S12,Günlük Enerji İçeceği Orta,8690000537716,Kutu,5,55,60,100
C1,İçecek,10,4,13,C1-M10-K04-S13,Evimiz Enerji İçeceği Orta,8690000537723,Kutu,5,60,65,100
C1,İçecek,10,4,14,C1-M10-K04-S14,Doğa Enerji İçeceği Orta,8690000537730,Kutu,5,65,70,100
C1,İçecek,10,4,15,C1-M10-K04-S15,Premium Enerji İçeceği Orta,8690000537747,Kutu,5,70,75,100
C1,İçecek,10,4,16,C1-M10-K04-S16,Emigro Enerji İçeceği Orta,8690000537754,Kutu,5,75,80,100
C1,İçecek,10,4,17,C1-M10-K04-S17,Anadolu Enerji İçeceği Orta,8690000537761,Kutu,5,80,85,100
C1,İçecek,10,4,18,C1-M10-K04-S18,Bereket Enerji İçeceği Orta,8690000537778,Kutu,5,85,90,100
C1,İçecek,10,4,19,C1-M10-K04-S19,Marmara Enerji İçeceği Orta,8690000537785,Kutu,5,90,95,100
C1,İçecek,10,4,20,C1-M10-K04-S20,Usta Enerji İçeceği Orta,8690000537792,Kutu,5,95,100,100
C1,İçecek,10,5,1,C1-M10-K05-S01,Günlük Enerji İçeceği Küçük,8690000537808,Kutu,5,0,5,100
C1,İçecek,10,5,2,C1-M10-K05-S02,Evimiz Enerji İçeceği Küçük,8690000537815,Kutu,5,5,10,100
C1,İçecek,10,5,3,C1-M10-K05-S03,Doğa Enerji İçeceği Küçük,8690000537822,Kutu,5,10,15,100
C1,İçecek,10,5,4,C1-M10-K05-S04,Premium Enerji İçeceği Küçük,8690000537839,Kutu,5,15,20,100
C1,İçecek,10,5,5,C1-M10-K05-S05,Emigro Enerji İçeceği Küçük,8690000537846,Kutu,5,20,25,100
C1,İçecek,10,5,6,C1-M10-K05-S06,Anadolu Enerji İçeceği Küçük,8690000537853,Kutu,5,25,30,100
C1,İçecek,10,5,7,C1-M10-K05-S07,Bereket Enerji İçeceği Küçük,8690000537860,Kutu,5,30,35,100
C1,İçecek,10,5,8,C1-M10-K05-S08,Marmara Enerji İçeceği Küçük,8690000537877,Kutu,5,35,40,100
C1,İçecek,10,5,9,C1-M10-K05-S09,Usta Enerji İçeceği Küçük,8690000537884,Kutu,5,40,45,100
C1,İçecek,10,5,10,C1-M10-K05-S10,Lezzet Enerji İçeceği Küçük,8690000537891,Kutu,5,45,50,100
C1,İçecek,10,5,11,C1-M10-K05-S11,Günlük Enerji İçeceği Küçük,8690000537907,Kutu,5,50,55,100
C1,İçecek,10,5,12,C1-M10-K05-S12,Evimiz Enerji İçeceği Küçük,8690000537914,Kutu,5,55,60,100
C1,İçecek,10,5,13,C1-M10-K05-S13,Doğa Enerji İçeceği Küçük,8690000537921,Kutu,5,60,65,100
C1,İçecek,10,5,14,C1-M10-K05-S14,Premium Enerji İçeceği Küçük,8690000537938,Kutu,5,65,70,100
C1,İçecek,10,5,15,C1-M10-K05-S15,Emigro Enerji İçeceği Küçük,8690000537945,Kutu,5,70,75,100
C1,İçecek,10,5,16,C1-M10-K05-S16,Anadolu Enerji İçeceği Küçük,8690000537952,Kutu,5,75,80,100
C1,İçecek,10,5,17,C1-M10-K05-S17,Bereket Enerji İçeceği Küçük,8690000537969,Kutu,5,80,85,100
C1,İçecek,10,5,18,C1-M10-K05-S18,Marmara Enerji İçeceği Küçük,8690000537976,Kutu,5,85,90,100
C1,İçecek,10,5,19,C1-M10-K05-S19,Usta Enerji İçeceği Küçük,8690000537983,Kutu,5,90,95,100
C1,İçecek,10,5,20,C1-M10-K05-S20,Lezzet Enerji İçeceği Küçük,8690000537990,Kutu,5,95,100,100
C1,İçecek,10,6,1,C1-M10-K06-S01,Evimiz Enerji İçeceği Mini,8690000538003,Kutu,4,0,4,100
C1,İçecek,10,6,2,C1-M10-K06-S02,Doğa Enerji İçeceği Mini,8690000538010,Kutu,4,4,8,100
C1,İçecek,10,6,3,C1-M10-K06-S03,Premium Enerji İçeceği Mini,8690000538027,Kutu,4,8,12,100
C1,İçecek,10,6,4,C1-M10-K06-S04,Emigro Enerji İçeceği Mini,8690000538034,Kutu,4,12,16,100
C1,İçecek,10,6,5,C1-M10-K06-S05,Anadolu Enerji İçeceği Mini,8690000538041,Kutu,4,16,20,100
C1,İçecek,10,6,6,C1-M10-K06-S06,Bereket Enerji İçeceği Mini,8690000538058,Kutu,4,20,24,100
C1,İçecek,10,6,7,C1-M10-K06-S07,Marmara Enerji İçeceği Mini,8690000538065,Kutu,4,24,28,100
C1,İçecek,10,6,8,C1-M10-K06-S08,Usta Enerji İçeceği Mini,8690000538072,Kutu,4,28,32,100
C1,İçecek,10,6,9,C1-M10-K06-S09,Lezzet Enerji İçeceği Mini,8690000538089,Kutu,4,32,36,100
C1,İçecek,10,6,10,C1-M10-K06-S10,Günlük Enerji İçeceği Mini,8690000538096,Kutu,4,36,40,100
C1,İçecek,10,6,11,C1-M10-K06-S11,Evimiz Enerji İçeceği Mini,8690000538102,Kutu,4,40,44,100
C1,İçecek,10,6,12,C1-M10-K06-S12,Doğa Enerji İçeceği Mini,8690000538119,Kutu,4,44,48,100
C1,İçecek,10,6,13,C1-M10-K06-S13,Premium Enerji İçeceği Mini,8690000538126,Kutu,4,48,52,100
C1,İçecek,10,6,14,C1-M10-K06-S14,Emigro Enerji İçeceği Mini,8690000538133,Kutu,4,52,56,100
C1,İçecek,10,6,15,C1-M10-K06-S15,Anadolu Enerji İçeceği Mini,8690000538140,Kutu,4,56,60,100
C1,İçecek,10,6,16,C1-M10-K06-S16,Bereket Enerji İçeceği Mini,8690000538157,Kutu,4,60,64,100
C1,İçecek,10,6,17,C1-M10-K06-S17,Marmara Enerji İçeceği Mini,8690000538164,Kutu,4,64,68,100
C1,İçecek,10,6,18,C1-M10-K06-S18,Usta Enerji İçeceği Mini,8690000538171,Kutu,4,68,72,100
C1,İçecek,10,6,19,C1-M10-K06-S19,Lezzet Enerji İçeceği Mini,8690000538188,Kutu,4,72,76,100
C1,İçecek,10,6,20,C1-M10-K06-S20,Günlük Enerji İçeceği Mini,8690000538195,Kutu,4,76,80,100
C1,İçecek,10,6,21,C1-M10-K06-S21,Evimiz Enerji İçeceği Mini,8690000538201,Kutu,4,80,84,100
C1,İçecek,10,6,22,C1-M10-K06-S22,Doğa Enerji İçeceği Mini,8690000538218,Kutu,4,84,88,100
C1,İçecek,10,6,23,C1-M10-K06-S23,Premium Enerji İçeceği Mini,8690000538225,Kutu,4,88,92,100
C1,İçecek,10,6,24,C1-M10-K06-S24,Emigro Enerji İçeceği Mini,8690000538232,Kutu,4,92,96,100
C1,İçecek,10,6,25,C1-M10-K06-S25,Anadolu Enerji İçeceği Mini,8690000538249,Kutu,4,96,100,100
C2,Süt Ürünleri,1,1,1,C2-M01-K01-S01,Marmara Tam Yağlı Süt XL,8690000538256,Kutu,9,0,9,99
C2,Süt Ürünleri,1,1,2,C2-M01-K01-S02,Usta Tam Yağlı Süt XL,8690000538263,Kutu,9,9,18,99
C2,Süt Ürünleri,1,1,3,C2-M01-K01-S03,Lezzet Tam Yağlı Süt XL,8690000538270,Kutu,9,18,27,99
C2,Süt Ürünleri,1,1,4,C2-M01-K01-S04,Günlük Tam Yağlı Süt XL,8690000538287,Kutu,9,27,36,99
C2,Süt Ürünleri,1,1,5,C2-M01-K01-S05,Evimiz Tam Yağlı Süt XL,8690000538294,Kutu,9,36,45,99
C2,Süt Ürünleri,1,1,6,C2-M01-K01-S06,Doğa Tam Yağlı Süt XL,8690000538300,Kutu,9,45,54,99
C2,Süt Ürünleri,1,1,7,C2-M01-K01-S07,Premium Tam Yağlı Süt XL,8690000538317,Kutu,9,54,63,99
C2,Süt Ürünleri,1,1,8,C2-M01-K01-S08,Emigro Tam Yağlı Süt XL,8690000538324,Kutu,9,63,72,99
C2,Süt Ürünleri,1,1,9,C2-M01-K01-S09,Anadolu Tam Yağlı Süt XL,8690000538331,Kutu,9,72,81,99
C2,Süt Ürünleri,1,1,10,C2-M01-K01-S10,Bereket Tam Yağlı Süt XL,8690000538348,Kutu,9,81,90,99
C2,Süt Ürünleri,1,1,11,C2-M01-K01-S11,Marmara Tam Yağlı Süt XL,8690000538355,Kutu,9,90,99,99
C2,Süt Ürünleri,1,2,1,C2-M01-K02-S01,Usta Tam Yağlı Süt Büyük,8690000538362,Kutu,8,0,8,96
C2,Süt Ürünleri,1,2,2,C2-M01-K02-S02,Lezzet Tam Yağlı Süt Büyük,8690000538379,Kutu,8,8,16,96
C2,Süt Ürünleri,1,2,3,C2-M01-K02-S03,Günlük Tam Yağlı Süt Büyük,8690000538386,Kutu,8,16,24,96
C2,Süt Ürünleri,1,2,4,C2-M01-K02-S04,Evimiz Tam Yağlı Süt Büyük,8690000538393,Kutu,8,24,32,96
C2,Süt Ürünleri,1,2,5,C2-M01-K02-S05,Doğa Tam Yağlı Süt Büyük,8690000538409,Kutu,8,32,40,96
C2,Süt Ürünleri,1,2,6,C2-M01-K02-S06,Premium Tam Yağlı Süt Büyük,8690000538416,Kutu,8,40,48,96
C2,Süt Ürünleri,1,2,7,C2-M01-K02-S07,Emigro Tam Yağlı Süt Büyük,8690000538423,Kutu,8,48,56,96
C2,Süt Ürünleri,1,2,8,C2-M01-K02-S08,Anadolu Tam Yağlı Süt Büyük,8690000538430,Kutu,8,56,64,96
C2,Süt Ürünleri,1,2,9,C2-M01-K02-S09,Bereket Tam Yağlı Süt Büyük,8690000538447,Kutu,8,64,72,96
C2,Süt Ürünleri,1,2,10,C2-M01-K02-S10,Marmara Tam Yağlı Süt Büyük,8690000538454,Kutu,8,72,80,96
C2,Süt Ürünleri,1,2,11,C2-M01-K02-S11,Usta Tam Yağlı Süt Büyük,8690000538461,Kutu,8,80,88,96
C2,Süt Ürünleri,1,2,12,C2-M01-K02-S12,Lezzet Tam Yağlı Süt Büyük,8690000538478,Kutu,8,88,96,96
C2,Süt Ürünleri,1,3,1,C2-M01-K03-S01,Lezzet Tam Yağlı Süt Standart,8690000538485,Kutu,7,0,7,98
C2,Süt Ürünleri,1,3,2,C2-M01-K03-S02,Günlük Tam Yağlı Süt Standart,8690000538492,Kutu,7,7,14,98
C2,Süt Ürünleri,1,3,3,C2-M01-K03-S03,Evimiz Tam Yağlı Süt Standart,8690000538508,Kutu,7,14,21,98
C2,Süt Ürünleri,1,3,4,C2-M01-K03-S04,Doğa Tam Yağlı Süt Standart,8690000538515,Kutu,7,21,28,98
C2,Süt Ürünleri,1,3,5,C2-M01-K03-S05,Premium Tam Yağlı Süt Standart,8690000538522,Kutu,7,28,35,98
C2,Süt Ürünleri,1,3,6,C2-M01-K03-S06,Emigro Tam Yağlı Süt Standart,8690000538539,Kutu,7,35,42,98
C2,Süt Ürünleri,1,3,7,C2-M01-K03-S07,Anadolu Tam Yağlı Süt Standart,8690000538546,Kutu,7,42,49,98
C2,Süt Ürünleri,1,3,8,C2-M01-K03-S08,Bereket Tam Yağlı Süt Standart,8690000538553,Kutu,7,49,56,98
C2,Süt Ürünleri,1,3,9,C2-M01-K03-S09,Marmara Tam Yağlı Süt Standart,8690000538560,Kutu,7,56,63,98
C2,Süt Ürünleri,1,3,10,C2-M01-K03-S10,Usta Tam Yağlı Süt Standart,8690000538577,Kutu,7,63,70,98
C2,Süt Ürünleri,1,3,11,C2-M01-K03-S11,Lezzet Tam Yağlı Süt Standart,8690000538584,Kutu,7,70,77,98
C2,Süt Ürünleri,1,3,12,C2-M01-K03-S12,Günlük Tam Yağlı Süt Standart,8690000538591,Kutu,7,77,84,98
C2,Süt Ürünleri,1,3,13,C2-M01-K03-S13,Evimiz Tam Yağlı Süt Standart,8690000538607,Kutu,7,84,91,98
C2,Süt Ürünleri,1,3,14,C2-M01-K03-S14,Doğa Tam Yağlı Süt Standart,8690000538614,Kutu,7,91,98,98
C2,Süt Ürünleri,1,4,1,C2-M01-K04-S01,Günlük Tam Yağlı Süt Orta,8690000538621,Kutu,6,0,6,96
C2,Süt Ürünleri,1,4,2,C2-M01-K04-S02,Evimiz Tam Yağlı Süt Orta,8690000538638,Kutu,6,6,12,96
C2,Süt Ürünleri,1,4,3,C2-M01-K04-S03,Doğa Tam Yağlı Süt Orta,8690000538645,Kutu,6,12,18,96
C2,Süt Ürünleri,1,4,4,C2-M01-K04-S04,Premium Tam Yağlı Süt Orta,8690000538652,Kutu,6,18,24,96
C2,Süt Ürünleri,1,4,5,C2-M01-K04-S05,Emigro Tam Yağlı Süt Orta,8690000538669,Kutu,6,24,30,96
C2,Süt Ürünleri,1,4,6,C2-M01-K04-S06,Anadolu Tam Yağlı Süt Orta,8690000538676,Kutu,6,30,36,96
C2,Süt Ürünleri,1,4,7,C2-M01-K04-S07,Bereket Tam Yağlı Süt Orta,8690000538683,Kutu,6,36,42,96
C2,Süt Ürünleri,1,4,8,C2-M01-K04-S08,Marmara Tam Yağlı Süt Orta,8690000538690,Kutu,6,42,48,96
C2,Süt Ürünleri,1,4,9,C2-M01-K04-S09,Usta Tam Yağlı Süt Orta,8690000538706,Kutu,6,48,54,96
C2,Süt Ürünleri,1,4,10,C2-M01-K04-S10,Lezzet Tam Yağlı Süt Orta,8690000538713,Kutu,6,54,60,96
C2,Süt Ürünleri,1,4,11,C2-M01-K04-S11,Günlük Tam Yağlı Süt Orta,8690000538720,Kutu,6,60,66,96
C2,Süt Ürünleri,1,4,12,C2-M01-K04-S12,Evimiz Tam Yağlı Süt Orta,8690000538737,Kutu,6,66,72,96
C2,Süt Ürünleri,1,4,13,C2-M01-K04-S13,Doğa Tam Yağlı Süt Orta,8690000538744,Kutu,6,72,78,96
C2,Süt Ürünleri,1,4,14,C2-M01-K04-S14,Premium Tam Yağlı Süt Orta,8690000538751,Kutu,6,78,84,96
C2,Süt Ürünleri,1,4,15,C2-M01-K04-S15,Emigro Tam Yağlı Süt Orta,8690000538768,Kutu,6,84,90,96
C2,Süt Ürünleri,1,4,16,C2-M01-K04-S16,Anadolu Tam Yağlı Süt Orta,8690000538775,Kutu,6,90,96,96
C2,Süt Ürünleri,1,5,1,C2-M01-K05-S01,Evimiz Tam Yağlı Süt Küçük,8690000538782,Kutu,6,0,6,96
C2,Süt Ürünleri,1,5,2,C2-M01-K05-S02,Doğa Tam Yağlı Süt Küçük,8690000538799,Kutu,6,6,12,96
C2,Süt Ürünleri,1,5,3,C2-M01-K05-S03,Premium Tam Yağlı Süt Küçük,8690000538805,Kutu,6,12,18,96
C2,Süt Ürünleri,1,5,4,C2-M01-K05-S04,Emigro Tam Yağlı Süt Küçük,8690000538812,Kutu,6,18,24,96
C2,Süt Ürünleri,1,5,5,C2-M01-K05-S05,Anadolu Tam Yağlı Süt Küçük,8690000538829,Kutu,6,24,30,96
C2,Süt Ürünleri,1,5,6,C2-M01-K05-S06,Bereket Tam Yağlı Süt Küçük,8690000538836,Kutu,6,30,36,96
C2,Süt Ürünleri,1,5,7,C2-M01-K05-S07,Marmara Tam Yağlı Süt Küçük,8690000538843,Kutu,6,36,42,96
C2,Süt Ürünleri,1,5,8,C2-M01-K05-S08,Usta Tam Yağlı Süt Küçük,8690000538850,Kutu,6,42,48,96
C2,Süt Ürünleri,1,5,9,C2-M01-K05-S09,Lezzet Tam Yağlı Süt Küçük,8690000538867,Kutu,6,48,54,96
C2,Süt Ürünleri,1,5,10,C2-M01-K05-S10,Günlük Tam Yağlı Süt Küçük,8690000538874,Kutu,6,54,60,96
C2,Süt Ürünleri,1,5,11,C2-M01-K05-S11,Evimiz Tam Yağlı Süt Küçük,8690000538881,Kutu,6,60,66,96
C2,Süt Ürünleri,1,5,12,C2-M01-K05-S12,Doğa Tam Yağlı Süt Küçük,8690000538898,Kutu,6,66,72,96
C2,Süt Ürünleri,1,5,13,C2-M01-K05-S13,Premium Tam Yağlı Süt Küçük,8690000538904,Kutu,6,72,78,96
C2,Süt Ürünleri,1,5,14,C2-M01-K05-S14,Emigro Tam Yağlı Süt Küçük,8690000538911,Kutu,6,78,84,96
C2,Süt Ürünleri,1,5,15,C2-M01-K05-S15,Anadolu Tam Yağlı Süt Küçük,8690000538928,Kutu,6,84,90,96
C2,Süt Ürünleri,1,5,16,C2-M01-K05-S16,Bereket Tam Yağlı Süt Küçük,8690000538935,Kutu,6,90,96,96
C2,Süt Ürünleri,1,6,1,C2-M01-K06-S01,Doğa Tam Yağlı Süt Mini,8690000538942,Kutu,5,0,5,100
C2,Süt Ürünleri,1,6,2,C2-M01-K06-S02,Premium Tam Yağlı Süt Mini,8690000538959,Kutu,5,5,10,100
C2,Süt Ürünleri,1,6,3,C2-M01-K06-S03,Emigro Tam Yağlı Süt Mini,8690000538966,Kutu,5,10,15,100
C2,Süt Ürünleri,1,6,4,C2-M01-K06-S04,Anadolu Tam Yağlı Süt Mini,8690000538973,Kutu,5,15,20,100
C2,Süt Ürünleri,1,6,5,C2-M01-K06-S05,Bereket Tam Yağlı Süt Mini,8690000538980,Kutu,5,20,25,100
C2,Süt Ürünleri,1,6,6,C2-M01-K06-S06,Marmara Tam Yağlı Süt Mini,8690000538997,Kutu,5,25,30,100
C2,Süt Ürünleri,1,6,7,C2-M01-K06-S07,Usta Tam Yağlı Süt Mini,8690000539000,Kutu,5,30,35,100
C2,Süt Ürünleri,1,6,8,C2-M01-K06-S08,Lezzet Tam Yağlı Süt Mini,8690000539017,Kutu,5,35,40,100
C2,Süt Ürünleri,1,6,9,C2-M01-K06-S09,Günlük Tam Yağlı Süt Mini,8690000539024,Kutu,5,40,45,100
C2,Süt Ürünleri,1,6,10,C2-M01-K06-S10,Evimiz Tam Yağlı Süt Mini,8690000539031,Kutu,5,45,50,100
C2,Süt Ürünleri,1,6,11,C2-M01-K06-S11,Doğa Tam Yağlı Süt Mini,8690000539048,Kutu,5,50,55,100
C2,Süt Ürünleri,1,6,12,C2-M01-K06-S12,Premium Tam Yağlı Süt Mini,8690000539055,Kutu,5,55,60,100
C2,Süt Ürünleri,1,6,13,C2-M01-K06-S13,Emigro Tam Yağlı Süt Mini,8690000539062,Kutu,5,60,65,100
C2,Süt Ürünleri,1,6,14,C2-M01-K06-S14,Anadolu Tam Yağlı Süt Mini,8690000539079,Kutu,5,65,70,100
C2,Süt Ürünleri,1,6,15,C2-M01-K06-S15,Bereket Tam Yağlı Süt Mini,8690000539086,Kutu,5,70,75,100
C2,Süt Ürünleri,1,6,16,C2-M01-K06-S16,Marmara Tam Yağlı Süt Mini,8690000539093,Kutu,5,75,80,100
C2,Süt Ürünleri,1,6,17,C2-M01-K06-S17,Usta Tam Yağlı Süt Mini,8690000539109,Kutu,5,80,85,100
C2,Süt Ürünleri,1,6,18,C2-M01-K06-S18,Lezzet Tam Yağlı Süt Mini,8690000539116,Kutu,5,85,90,100
C2,Süt Ürünleri,1,6,19,C2-M01-K06-S19,Günlük Tam Yağlı Süt Mini,8690000539123,Kutu,5,90,95,100
C2,Süt Ürünleri,1,6,20,C2-M01-K06-S20,Evimiz Tam Yağlı Süt Mini,8690000539130,Kutu,5,95,100,100
C2,Süt Ürünleri,2,1,1,C2-M02-K01-S01,Usta Yarım Yağlı Süt XL,8690000539147,Kutu,9,0,9,99
C2,Süt Ürünleri,2,1,2,C2-M02-K01-S02,Lezzet Yarım Yağlı Süt XL,8690000539154,Kutu,9,9,18,99
C2,Süt Ürünleri,2,1,3,C2-M02-K01-S03,Günlük Yarım Yağlı Süt XL,8690000539161,Kutu,9,18,27,99
C2,Süt Ürünleri,2,1,4,C2-M02-K01-S04,Evimiz Yarım Yağlı Süt XL,8690000539178,Kutu,9,27,36,99
C2,Süt Ürünleri,2,1,5,C2-M02-K01-S05,Doğa Yarım Yağlı Süt XL,8690000539185,Kutu,9,36,45,99
C2,Süt Ürünleri,2,1,6,C2-M02-K01-S06,Premium Yarım Yağlı Süt XL,8690000539192,Kutu,9,45,54,99
C2,Süt Ürünleri,2,1,7,C2-M02-K01-S07,Emigro Yarım Yağlı Süt XL,8690000539208,Kutu,9,54,63,99
C2,Süt Ürünleri,2,1,8,C2-M02-K01-S08,Anadolu Yarım Yağlı Süt XL,8690000539215,Kutu,9,63,72,99
C2,Süt Ürünleri,2,1,9,C2-M02-K01-S09,Bereket Yarım Yağlı Süt XL,8690000539222,Kutu,9,72,81,99
C2,Süt Ürünleri,2,1,10,C2-M02-K01-S10,Marmara Yarım Yağlı Süt XL,8690000539239,Kutu,9,81,90,99
C2,Süt Ürünleri,2,1,11,C2-M02-K01-S11,Usta Yarım Yağlı Süt XL,8690000539246,Kutu,9,90,99,99
C2,Süt Ürünleri,2,2,1,C2-M02-K02-S01,Lezzet Yarım Yağlı Süt Büyük,8690000539253,Kutu,8,0,8,96
C2,Süt Ürünleri,2,2,2,C2-M02-K02-S02,Günlük Yarım Yağlı Süt Büyük,8690000539260,Kutu,8,8,16,96
C2,Süt Ürünleri,2,2,3,C2-M02-K02-S03,Evimiz Yarım Yağlı Süt Büyük,8690000539277,Kutu,8,16,24,96
C2,Süt Ürünleri,2,2,4,C2-M02-K02-S04,Doğa Yarım Yağlı Süt Büyük,8690000539284,Kutu,8,24,32,96
C2,Süt Ürünleri,2,2,5,C2-M02-K02-S05,Premium Yarım Yağlı Süt Büyük,8690000539291,Kutu,8,32,40,96
C2,Süt Ürünleri,2,2,6,C2-M02-K02-S06,Emigro Yarım Yağlı Süt Büyük,8690000539307,Kutu,8,40,48,96
C2,Süt Ürünleri,2,2,7,C2-M02-K02-S07,Anadolu Yarım Yağlı Süt Büyük,8690000539314,Kutu,8,48,56,96
C2,Süt Ürünleri,2,2,8,C2-M02-K02-S08,Bereket Yarım Yağlı Süt Büyük,8690000539321,Kutu,8,56,64,96
C2,Süt Ürünleri,2,2,9,C2-M02-K02-S09,Marmara Yarım Yağlı Süt Büyük,8690000539338,Kutu,8,64,72,96
C2,Süt Ürünleri,2,2,10,C2-M02-K02-S10,Usta Yarım Yağlı Süt Büyük,8690000539345,Kutu,8,72,80,96
C2,Süt Ürünleri,2,2,11,C2-M02-K02-S11,Lezzet Yarım Yağlı Süt Büyük,8690000539352,Kutu,8,80,88,96
C2,Süt Ürünleri,2,2,12,C2-M02-K02-S12,Günlük Yarım Yağlı Süt Büyük,8690000539369,Kutu,8,88,96,96
C2,Süt Ürünleri,2,3,1,C2-M02-K03-S01,Günlük Yarım Yağlı Süt Standart,8690000539376,Kutu,7,0,7,98
C2,Süt Ürünleri,2,3,2,C2-M02-K03-S02,Evimiz Yarım Yağlı Süt Standart,8690000539383,Kutu,7,7,14,98
C2,Süt Ürünleri,2,3,3,C2-M02-K03-S03,Doğa Yarım Yağlı Süt Standart,8690000539390,Kutu,7,14,21,98
C2,Süt Ürünleri,2,3,4,C2-M02-K03-S04,Premium Yarım Yağlı Süt Standart,8690000539406,Kutu,7,21,28,98
C2,Süt Ürünleri,2,3,5,C2-M02-K03-S05,Emigro Yarım Yağlı Süt Standart,8690000539413,Kutu,7,28,35,98
C2,Süt Ürünleri,2,3,6,C2-M02-K03-S06,Anadolu Yarım Yağlı Süt Standart,8690000539420,Kutu,7,35,42,98
C2,Süt Ürünleri,2,3,7,C2-M02-K03-S07,Bereket Yarım Yağlı Süt Standart,8690000539437,Kutu,7,42,49,98
C2,Süt Ürünleri,2,3,8,C2-M02-K03-S08,Marmara Yarım Yağlı Süt Standart,8690000539444,Kutu,7,49,56,98
C2,Süt Ürünleri,2,3,9,C2-M02-K03-S09,Usta Yarım Yağlı Süt Standart,8690000539451,Kutu,7,56,63,98
C2,Süt Ürünleri,2,3,10,C2-M02-K03-S10,Lezzet Yarım Yağlı Süt Standart,8690000539468,Kutu,7,63,70,98
C2,Süt Ürünleri,2,3,11,C2-M02-K03-S11,Günlük Yarım Yağlı Süt Standart,8690000539475,Kutu,7,70,77,98
C2,Süt Ürünleri,2,3,12,C2-M02-K03-S12,Evimiz Yarım Yağlı Süt Standart,8690000539482,Kutu,7,77,84,98
C2,Süt Ürünleri,2,3,13,C2-M02-K03-S13,Doğa Yarım Yağlı Süt Standart,8690000539499,Kutu,7,84,91,98
C2,Süt Ürünleri,2,3,14,C2-M02-K03-S14,Premium Yarım Yağlı Süt Standart,8690000539505,Kutu,7,91,98,98
C2,Süt Ürünleri,2,4,1,C2-M02-K04-S01,Evimiz Yarım Yağlı Süt Orta,8690000539512,Kutu,6,0,6,96
C2,Süt Ürünleri,2,4,2,C2-M02-K04-S02,Doğa Yarım Yağlı Süt Orta,8690000539529,Kutu,6,6,12,96
C2,Süt Ürünleri,2,4,3,C2-M02-K04-S03,Premium Yarım Yağlı Süt Orta,8690000539536,Kutu,6,12,18,96
C2,Süt Ürünleri,2,4,4,C2-M02-K04-S04,Emigro Yarım Yağlı Süt Orta,8690000539543,Kutu,6,18,24,96
C2,Süt Ürünleri,2,4,5,C2-M02-K04-S05,Anadolu Yarım Yağlı Süt Orta,8690000539550,Kutu,6,24,30,96
C2,Süt Ürünleri,2,4,6,C2-M02-K04-S06,Bereket Yarım Yağlı Süt Orta,8690000539567,Kutu,6,30,36,96
C2,Süt Ürünleri,2,4,7,C2-M02-K04-S07,Marmara Yarım Yağlı Süt Orta,8690000539574,Kutu,6,36,42,96
C2,Süt Ürünleri,2,4,8,C2-M02-K04-S08,Usta Yarım Yağlı Süt Orta,8690000539581,Kutu,6,42,48,96
C2,Süt Ürünleri,2,4,9,C2-M02-K04-S09,Lezzet Yarım Yağlı Süt Orta,8690000539598,Kutu,6,48,54,96
C2,Süt Ürünleri,2,4,10,C2-M02-K04-S10,Günlük Yarım Yağlı Süt Orta,8690000539604,Kutu,6,54,60,96
C2,Süt Ürünleri,2,4,11,C2-M02-K04-S11,Evimiz Yarım Yağlı Süt Orta,8690000539611,Kutu,6,60,66,96
C2,Süt Ürünleri,2,4,12,C2-M02-K04-S12,Doğa Yarım Yağlı Süt Orta,8690000539628,Kutu,6,66,72,96
C2,Süt Ürünleri,2,4,13,C2-M02-K04-S13,Premium Yarım Yağlı Süt Orta,8690000539635,Kutu,6,72,78,96
C2,Süt Ürünleri,2,4,14,C2-M02-K04-S14,Emigro Yarım Yağlı Süt Orta,8690000539642,Kutu,6,78,84,96
C2,Süt Ürünleri,2,4,15,C2-M02-K04-S15,Anadolu Yarım Yağlı Süt Orta,8690000539659,Kutu,6,84,90,96
C2,Süt Ürünleri,2,4,16,C2-M02-K04-S16,Bereket Yarım Yağlı Süt Orta,8690000539666,Kutu,6,90,96,96
C2,Süt Ürünleri,2,5,1,C2-M02-K05-S01,Doğa Yarım Yağlı Süt Küçük,8690000539673,Kutu,6,0,6,96
C2,Süt Ürünleri,2,5,2,C2-M02-K05-S02,Premium Yarım Yağlı Süt Küçük,8690000539680,Kutu,6,6,12,96
C2,Süt Ürünleri,2,5,3,C2-M02-K05-S03,Emigro Yarım Yağlı Süt Küçük,8690000539697,Kutu,6,12,18,96
C2,Süt Ürünleri,2,5,4,C2-M02-K05-S04,Anadolu Yarım Yağlı Süt Küçük,8690000539703,Kutu,6,18,24,96
C2,Süt Ürünleri,2,5,5,C2-M02-K05-S05,Bereket Yarım Yağlı Süt Küçük,8690000539710,Kutu,6,24,30,96
C2,Süt Ürünleri,2,5,6,C2-M02-K05-S06,Marmara Yarım Yağlı Süt Küçük,8690000539727,Kutu,6,30,36,96
C2,Süt Ürünleri,2,5,7,C2-M02-K05-S07,Usta Yarım Yağlı Süt Küçük,8690000539734,Kutu,6,36,42,96
C2,Süt Ürünleri,2,5,8,C2-M02-K05-S08,Lezzet Yarım Yağlı Süt Küçük,8690000539741,Kutu,6,42,48,96
C2,Süt Ürünleri,2,5,9,C2-M02-K05-S09,Günlük Yarım Yağlı Süt Küçük,8690000539758,Kutu,6,48,54,96
C2,Süt Ürünleri,2,5,10,C2-M02-K05-S10,Evimiz Yarım Yağlı Süt Küçük,8690000539765,Kutu,6,54,60,96
C2,Süt Ürünleri,2,5,11,C2-M02-K05-S11,Doğa Yarım Yağlı Süt Küçük,8690000539772,Kutu,6,60,66,96
C2,Süt Ürünleri,2,5,12,C2-M02-K05-S12,Premium Yarım Yağlı Süt Küçük,8690000539789,Kutu,6,66,72,96
C2,Süt Ürünleri,2,5,13,C2-M02-K05-S13,Emigro Yarım Yağlı Süt Küçük,8690000539796,Kutu,6,72,78,96
C2,Süt Ürünleri,2,5,14,C2-M02-K05-S14,Anadolu Yarım Yağlı Süt Küçük,8690000539802,Kutu,6,78,84,96
C2,Süt Ürünleri,2,5,15,C2-M02-K05-S15,Bereket Yarım Yağlı Süt Küçük,8690000539819,Kutu,6,84,90,96
C2,Süt Ürünleri,2,5,16,C2-M02-K05-S16,Marmara Yarım Yağlı Süt Küçük,8690000539826,Kutu,6,90,96,96
C2,Süt Ürünleri,2,6,1,C2-M02-K06-S01,Premium Yarım Yağlı Süt Mini,8690000539833,Kutu,5,0,5,100
C2,Süt Ürünleri,2,6,2,C2-M02-K06-S02,Emigro Yarım Yağlı Süt Mini,8690000539840,Kutu,5,5,10,100
C2,Süt Ürünleri,2,6,3,C2-M02-K06-S03,Anadolu Yarım Yağlı Süt Mini,8690000539857,Kutu,5,10,15,100
C2,Süt Ürünleri,2,6,4,C2-M02-K06-S04,Bereket Yarım Yağlı Süt Mini,8690000539864,Kutu,5,15,20,100
C2,Süt Ürünleri,2,6,5,C2-M02-K06-S05,Marmara Yarım Yağlı Süt Mini,8690000539871,Kutu,5,20,25,100
C2,Süt Ürünleri,2,6,6,C2-M02-K06-S06,Usta Yarım Yağlı Süt Mini,8690000539888,Kutu,5,25,30,100
C2,Süt Ürünleri,2,6,7,C2-M02-K06-S07,Lezzet Yarım Yağlı Süt Mini,8690000539895,Kutu,5,30,35,100
C2,Süt Ürünleri,2,6,8,C2-M02-K06-S08,Günlük Yarım Yağlı Süt Mini,8690000539901,Kutu,5,35,40,100
C2,Süt Ürünleri,2,6,9,C2-M02-K06-S09,Evimiz Yarım Yağlı Süt Mini,8690000539918,Kutu,5,40,45,100
C2,Süt Ürünleri,2,6,10,C2-M02-K06-S10,Doğa Yarım Yağlı Süt Mini,8690000539925,Kutu,5,45,50,100
C2,Süt Ürünleri,2,6,11,C2-M02-K06-S11,Premium Yarım Yağlı Süt Mini,8690000539932,Kutu,5,50,55,100
C2,Süt Ürünleri,2,6,12,C2-M02-K06-S12,Emigro Yarım Yağlı Süt Mini,8690000539949,Kutu,5,55,60,100
C2,Süt Ürünleri,2,6,13,C2-M02-K06-S13,Anadolu Yarım Yağlı Süt Mini,8690000539956,Kutu,5,60,65,100
C2,Süt Ürünleri,2,6,14,C2-M02-K06-S14,Bereket Yarım Yağlı Süt Mini,8690000539963,Kutu,5,65,70,100
C2,Süt Ürünleri,2,6,15,C2-M02-K06-S15,Marmara Yarım Yağlı Süt Mini,8690000539970,Kutu,5,70,75,100
C2,Süt Ürünleri,2,6,16,C2-M02-K06-S16,Usta Yarım Yağlı Süt Mini,8690000539987,Kutu,5,75,80,100
C2,Süt Ürünleri,2,6,17,C2-M02-K06-S17,Lezzet Yarım Yağlı Süt Mini,8690000539994,Kutu,5,80,85,100
C2,Süt Ürünleri,2,6,18,C2-M02-K06-S18,Günlük Yarım Yağlı Süt Mini,8690000540006,Kutu,5,85,90,100
C2,Süt Ürünleri,2,6,19,C2-M02-K06-S19,Evimiz Yarım Yağlı Süt Mini,8690000540013,Kutu,5,90,95,100
C2,Süt Ürünleri,2,6,20,C2-M02-K06-S20,Doğa Yarım Yağlı Süt Mini,8690000540020,Kutu,5,95,100,100
C2,Süt Ürünleri,3,1,1,C2-M03-K01-S01,Lezzet Laktozsuz Süt XL,8690000540037,Kutu,9,0,9,99
C2,Süt Ürünleri,3,1,2,C2-M03-K01-S02,Günlük Laktozsuz Süt XL,8690000540044,Kutu,9,9,18,99
C2,Süt Ürünleri,3,1,3,C2-M03-K01-S03,Evimiz Laktozsuz Süt XL,8690000540051,Kutu,9,18,27,99
C2,Süt Ürünleri,3,1,4,C2-M03-K01-S04,Doğa Laktozsuz Süt XL,8690000540068,Kutu,9,27,36,99
C2,Süt Ürünleri,3,1,5,C2-M03-K01-S05,Premium Laktozsuz Süt XL,8690000540075,Kutu,9,36,45,99
C2,Süt Ürünleri,3,1,6,C2-M03-K01-S06,Emigro Laktozsuz Süt XL,8690000540082,Kutu,9,45,54,99
C2,Süt Ürünleri,3,1,7,C2-M03-K01-S07,Anadolu Laktozsuz Süt XL,8690000540099,Kutu,9,54,63,99
C2,Süt Ürünleri,3,1,8,C2-M03-K01-S08,Bereket Laktozsuz Süt XL,8690000540105,Kutu,9,63,72,99
C2,Süt Ürünleri,3,1,9,C2-M03-K01-S09,Marmara Laktozsuz Süt XL,8690000540112,Kutu,9,72,81,99
C2,Süt Ürünleri,3,1,10,C2-M03-K01-S10,Usta Laktozsuz Süt XL,8690000540129,Kutu,9,81,90,99
C2,Süt Ürünleri,3,1,11,C2-M03-K01-S11,Lezzet Laktozsuz Süt XL,8690000540136,Kutu,9,90,99,99
C2,Süt Ürünleri,3,2,1,C2-M03-K02-S01,Günlük Laktozsuz Süt Büyük,8690000540143,Kutu,8,0,8,96
C2,Süt Ürünleri,3,2,2,C2-M03-K02-S02,Evimiz Laktozsuz Süt Büyük,8690000540150,Kutu,8,8,16,96
C2,Süt Ürünleri,3,2,3,C2-M03-K02-S03,Doğa Laktozsuz Süt Büyük,8690000540167,Kutu,8,16,24,96
C2,Süt Ürünleri,3,2,4,C2-M03-K02-S04,Premium Laktozsuz Süt Büyük,8690000540174,Kutu,8,24,32,96
C2,Süt Ürünleri,3,2,5,C2-M03-K02-S05,Emigro Laktozsuz Süt Büyük,8690000540181,Kutu,8,32,40,96
C2,Süt Ürünleri,3,2,6,C2-M03-K02-S06,Anadolu Laktozsuz Süt Büyük,8690000540198,Kutu,8,40,48,96
C2,Süt Ürünleri,3,2,7,C2-M03-K02-S07,Bereket Laktozsuz Süt Büyük,8690000540204,Kutu,8,48,56,96
C2,Süt Ürünleri,3,2,8,C2-M03-K02-S08,Marmara Laktozsuz Süt Büyük,8690000540211,Kutu,8,56,64,96
C2,Süt Ürünleri,3,2,9,C2-M03-K02-S09,Usta Laktozsuz Süt Büyük,8690000540228,Kutu,8,64,72,96
C2,Süt Ürünleri,3,2,10,C2-M03-K02-S10,Lezzet Laktozsuz Süt Büyük,8690000540235,Kutu,8,72,80,96
C2,Süt Ürünleri,3,2,11,C2-M03-K02-S11,Günlük Laktozsuz Süt Büyük,8690000540242,Kutu,8,80,88,96
C2,Süt Ürünleri,3,2,12,C2-M03-K02-S12,Evimiz Laktozsuz Süt Büyük,8690000540259,Kutu,8,88,96,96
C2,Süt Ürünleri,3,3,1,C2-M03-K03-S01,Evimiz Laktozsuz Süt Standart,8690000540266,Kutu,7,0,7,98
C2,Süt Ürünleri,3,3,2,C2-M03-K03-S02,Doğa Laktozsuz Süt Standart,8690000540273,Kutu,7,7,14,98
C2,Süt Ürünleri,3,3,3,C2-M03-K03-S03,Premium Laktozsuz Süt Standart,8690000540280,Kutu,7,14,21,98
C2,Süt Ürünleri,3,3,4,C2-M03-K03-S04,Emigro Laktozsuz Süt Standart,8690000540297,Kutu,7,21,28,98
C2,Süt Ürünleri,3,3,5,C2-M03-K03-S05,Anadolu Laktozsuz Süt Standart,8690000540303,Kutu,7,28,35,98
C2,Süt Ürünleri,3,3,6,C2-M03-K03-S06,Bereket Laktozsuz Süt Standart,8690000540310,Kutu,7,35,42,98
C2,Süt Ürünleri,3,3,7,C2-M03-K03-S07,Marmara Laktozsuz Süt Standart,8690000540327,Kutu,7,42,49,98
C2,Süt Ürünleri,3,3,8,C2-M03-K03-S08,Usta Laktozsuz Süt Standart,8690000540334,Kutu,7,49,56,98
C2,Süt Ürünleri,3,3,9,C2-M03-K03-S09,Lezzet Laktozsuz Süt Standart,8690000540341,Kutu,7,56,63,98
C2,Süt Ürünleri,3,3,10,C2-M03-K03-S10,Günlük Laktozsuz Süt Standart,8690000540358,Kutu,7,63,70,98
C2,Süt Ürünleri,3,3,11,C2-M03-K03-S11,Evimiz Laktozsuz Süt Standart,8690000540365,Kutu,7,70,77,98
C2,Süt Ürünleri,3,3,12,C2-M03-K03-S12,Doğa Laktozsuz Süt Standart,8690000540372,Kutu,7,77,84,98
C2,Süt Ürünleri,3,3,13,C2-M03-K03-S13,Premium Laktozsuz Süt Standart,8690000540389,Kutu,7,84,91,98
C2,Süt Ürünleri,3,3,14,C2-M03-K03-S14,Emigro Laktozsuz Süt Standart,8690000540396,Kutu,7,91,98,98
C2,Süt Ürünleri,3,4,1,C2-M03-K04-S01,Doğa Laktozsuz Süt Orta,8690000540402,Kutu,6,0,6,96
C2,Süt Ürünleri,3,4,2,C2-M03-K04-S02,Premium Laktozsuz Süt Orta,8690000540419,Kutu,6,6,12,96
C2,Süt Ürünleri,3,4,3,C2-M03-K04-S03,Emigro Laktozsuz Süt Orta,8690000540426,Kutu,6,12,18,96
C2,Süt Ürünleri,3,4,4,C2-M03-K04-S04,Anadolu Laktozsuz Süt Orta,8690000540433,Kutu,6,18,24,96
C2,Süt Ürünleri,3,4,5,C2-M03-K04-S05,Bereket Laktozsuz Süt Orta,8690000540440,Kutu,6,24,30,96
C2,Süt Ürünleri,3,4,6,C2-M03-K04-S06,Marmara Laktozsuz Süt Orta,8690000540457,Kutu,6,30,36,96
C2,Süt Ürünleri,3,4,7,C2-M03-K04-S07,Usta Laktozsuz Süt Orta,8690000540464,Kutu,6,36,42,96
C2,Süt Ürünleri,3,4,8,C2-M03-K04-S08,Lezzet Laktozsuz Süt Orta,8690000540471,Kutu,6,42,48,96
C2,Süt Ürünleri,3,4,9,C2-M03-K04-S09,Günlük Laktozsuz Süt Orta,8690000540488,Kutu,6,48,54,96
C2,Süt Ürünleri,3,4,10,C2-M03-K04-S10,Evimiz Laktozsuz Süt Orta,8690000540495,Kutu,6,54,60,96
C2,Süt Ürünleri,3,4,11,C2-M03-K04-S11,Doğa Laktozsuz Süt Orta,8690000540501,Kutu,6,60,66,96
C2,Süt Ürünleri,3,4,12,C2-M03-K04-S12,Premium Laktozsuz Süt Orta,8690000540518,Kutu,6,66,72,96
C2,Süt Ürünleri,3,4,13,C2-M03-K04-S13,Emigro Laktozsuz Süt Orta,8690000540525,Kutu,6,72,78,96
C2,Süt Ürünleri,3,4,14,C2-M03-K04-S14,Anadolu Laktozsuz Süt Orta,8690000540532,Kutu,6,78,84,96
C2,Süt Ürünleri,3,4,15,C2-M03-K04-S15,Bereket Laktozsuz Süt Orta,8690000540549,Kutu,6,84,90,96
C2,Süt Ürünleri,3,4,16,C2-M03-K04-S16,Marmara Laktozsuz Süt Orta,8690000540556,Kutu,6,90,96,96
C2,Süt Ürünleri,3,5,1,C2-M03-K05-S01,Premium Laktozsuz Süt Küçük,8690000540563,Kutu,6,0,6,96
C2,Süt Ürünleri,3,5,2,C2-M03-K05-S02,Emigro Laktozsuz Süt Küçük,8690000540570,Kutu,6,6,12,96
C2,Süt Ürünleri,3,5,3,C2-M03-K05-S03,Anadolu Laktozsuz Süt Küçük,8690000540587,Kutu,6,12,18,96
C2,Süt Ürünleri,3,5,4,C2-M03-K05-S04,Bereket Laktozsuz Süt Küçük,8690000540594,Kutu,6,18,24,96
C2,Süt Ürünleri,3,5,5,C2-M03-K05-S05,Marmara Laktozsuz Süt Küçük,8690000540600,Kutu,6,24,30,96
C2,Süt Ürünleri,3,5,6,C2-M03-K05-S06,Usta Laktozsuz Süt Küçük,8690000540617,Kutu,6,30,36,96
C2,Süt Ürünleri,3,5,7,C2-M03-K05-S07,Lezzet Laktozsuz Süt Küçük,8690000540624,Kutu,6,36,42,96
C2,Süt Ürünleri,3,5,8,C2-M03-K05-S08,Günlük Laktozsuz Süt Küçük,8690000540631,Kutu,6,42,48,96
C2,Süt Ürünleri,3,5,9,C2-M03-K05-S09,Evimiz Laktozsuz Süt Küçük,8690000540648,Kutu,6,48,54,96
C2,Süt Ürünleri,3,5,10,C2-M03-K05-S10,Doğa Laktozsuz Süt Küçük,8690000540655,Kutu,6,54,60,96
C2,Süt Ürünleri,3,5,11,C2-M03-K05-S11,Premium Laktozsuz Süt Küçük,8690000540662,Kutu,6,60,66,96
C2,Süt Ürünleri,3,5,12,C2-M03-K05-S12,Emigro Laktozsuz Süt Küçük,8690000540679,Kutu,6,66,72,96
C2,Süt Ürünleri,3,5,13,C2-M03-K05-S13,Anadolu Laktozsuz Süt Küçük,8690000540686,Kutu,6,72,78,96
C2,Süt Ürünleri,3,5,14,C2-M03-K05-S14,Bereket Laktozsuz Süt Küçük,8690000540693,Kutu,6,78,84,96
C2,Süt Ürünleri,3,5,15,C2-M03-K05-S15,Marmara Laktozsuz Süt Küçük,8690000540709,Kutu,6,84,90,96
C2,Süt Ürünleri,3,5,16,C2-M03-K05-S16,Usta Laktozsuz Süt Küçük,8690000540716,Kutu,6,90,96,96
C2,Süt Ürünleri,3,6,1,C2-M03-K06-S01,Emigro Laktozsuz Süt Mini,8690000540723,Kutu,5,0,5,100
C2,Süt Ürünleri,3,6,2,C2-M03-K06-S02,Anadolu Laktozsuz Süt Mini,8690000540730,Kutu,5,5,10,100
C2,Süt Ürünleri,3,6,3,C2-M03-K06-S03,Bereket Laktozsuz Süt Mini,8690000540747,Kutu,5,10,15,100
C2,Süt Ürünleri,3,6,4,C2-M03-K06-S04,Marmara Laktozsuz Süt Mini,8690000540754,Kutu,5,15,20,100
C2,Süt Ürünleri,3,6,5,C2-M03-K06-S05,Usta Laktozsuz Süt Mini,8690000540761,Kutu,5,20,25,100
C2,Süt Ürünleri,3,6,6,C2-M03-K06-S06,Lezzet Laktozsuz Süt Mini,8690000540778,Kutu,5,25,30,100
C2,Süt Ürünleri,3,6,7,C2-M03-K06-S07,Günlük Laktozsuz Süt Mini,8690000540785,Kutu,5,30,35,100
C2,Süt Ürünleri,3,6,8,C2-M03-K06-S08,Evimiz Laktozsuz Süt Mini,8690000540792,Kutu,5,35,40,100
C2,Süt Ürünleri,3,6,9,C2-M03-K06-S09,Doğa Laktozsuz Süt Mini,8690000540808,Kutu,5,40,45,100
C2,Süt Ürünleri,3,6,10,C2-M03-K06-S10,Premium Laktozsuz Süt Mini,8690000540815,Kutu,5,45,50,100
C2,Süt Ürünleri,3,6,11,C2-M03-K06-S11,Emigro Laktozsuz Süt Mini,8690000540822,Kutu,5,50,55,100
C2,Süt Ürünleri,3,6,12,C2-M03-K06-S12,Anadolu Laktozsuz Süt Mini,8690000540839,Kutu,5,55,60,100
C2,Süt Ürünleri,3,6,13,C2-M03-K06-S13,Bereket Laktozsuz Süt Mini,8690000540846,Kutu,5,60,65,100
C2,Süt Ürünleri,3,6,14,C2-M03-K06-S14,Marmara Laktozsuz Süt Mini,8690000540853,Kutu,5,65,70,100
C2,Süt Ürünleri,3,6,15,C2-M03-K06-S15,Usta Laktozsuz Süt Mini,8690000540860,Kutu,5,70,75,100
C2,Süt Ürünleri,3,6,16,C2-M03-K06-S16,Lezzet Laktozsuz Süt Mini,8690000540877,Kutu,5,75,80,100
C2,Süt Ürünleri,3,6,17,C2-M03-K06-S17,Günlük Laktozsuz Süt Mini,8690000540884,Kutu,5,80,85,100
C2,Süt Ürünleri,3,6,18,C2-M03-K06-S18,Evimiz Laktozsuz Süt Mini,8690000540891,Kutu,5,85,90,100
C2,Süt Ürünleri,3,6,19,C2-M03-K06-S19,Doğa Laktozsuz Süt Mini,8690000540907,Kutu,5,90,95,100
C2,Süt Ürünleri,3,6,20,C2-M03-K06-S20,Premium Laktozsuz Süt Mini,8690000540914,Kutu,5,95,100,100
C2,Süt Ürünleri,4,1,1,C2-M04-K01-S01,Günlük Ayran XL,8690000540921,Şişe,10,0,10,100
C2,Süt Ürünleri,4,1,2,C2-M04-K01-S02,Evimiz Ayran XL,8690000540938,Şişe,10,10,20,100
C2,Süt Ürünleri,4,1,3,C2-M04-K01-S03,Doğa Ayran XL,8690000540945,Şişe,10,20,30,100
C2,Süt Ürünleri,4,1,4,C2-M04-K01-S04,Premium Ayran XL,8690000540952,Şişe,10,30,40,100
C2,Süt Ürünleri,4,1,5,C2-M04-K01-S05,Emigro Ayran XL,8690000540969,Şişe,10,40,50,100
C2,Süt Ürünleri,4,1,6,C2-M04-K01-S06,Anadolu Ayran XL,8690000540976,Şişe,10,50,60,100
C2,Süt Ürünleri,4,1,7,C2-M04-K01-S07,Bereket Ayran XL,8690000540983,Şişe,10,60,70,100
C2,Süt Ürünleri,4,1,8,C2-M04-K01-S08,Marmara Ayran XL,8690000540990,Şişe,10,70,80,100
C2,Süt Ürünleri,4,1,9,C2-M04-K01-S09,Usta Ayran XL,8690000541003,Şişe,10,80,90,100
C2,Süt Ürünleri,4,1,10,C2-M04-K01-S10,Lezzet Ayran XL,8690000541010,Şişe,10,90,100,100
C2,Süt Ürünleri,4,2,1,C2-M04-K02-S01,Evimiz Ayran Büyük,8690000541027,Şişe,9,0,9,99
C2,Süt Ürünleri,4,2,2,C2-M04-K02-S02,Doğa Ayran Büyük,8690000541034,Şişe,9,9,18,99
C2,Süt Ürünleri,4,2,3,C2-M04-K02-S03,Premium Ayran Büyük,8690000541041,Şişe,9,18,27,99
C2,Süt Ürünleri,4,2,4,C2-M04-K02-S04,Emigro Ayran Büyük,8690000541058,Şişe,9,27,36,99
C2,Süt Ürünleri,4,2,5,C2-M04-K02-S05,Anadolu Ayran Büyük,8690000541065,Şişe,9,36,45,99
C2,Süt Ürünleri,4,2,6,C2-M04-K02-S06,Bereket Ayran Büyük,8690000541072,Şişe,9,45,54,99
C2,Süt Ürünleri,4,2,7,C2-M04-K02-S07,Marmara Ayran Büyük,8690000541089,Şişe,9,54,63,99
C2,Süt Ürünleri,4,2,8,C2-M04-K02-S08,Usta Ayran Büyük,8690000541096,Şişe,9,63,72,99
C2,Süt Ürünleri,4,2,9,C2-M04-K02-S09,Lezzet Ayran Büyük,8690000541102,Şişe,9,72,81,99
C2,Süt Ürünleri,4,2,10,C2-M04-K02-S10,Günlük Ayran Büyük,8690000541119,Şişe,9,81,90,99
C2,Süt Ürünleri,4,2,11,C2-M04-K02-S11,Evimiz Ayran Büyük,8690000541126,Şişe,9,90,99,99
C2,Süt Ürünleri,4,3,1,C2-M04-K03-S01,Doğa Ayran Standart,8690000541133,Şişe,8,0,8,96
C2,Süt Ürünleri,4,3,2,C2-M04-K03-S02,Premium Ayran Standart,8690000541140,Şişe,8,8,16,96
C2,Süt Ürünleri,4,3,3,C2-M04-K03-S03,Emigro Ayran Standart,8690000541157,Şişe,8,16,24,96
C2,Süt Ürünleri,4,3,4,C2-M04-K03-S04,Anadolu Ayran Standart,8690000541164,Şişe,8,24,32,96
C2,Süt Ürünleri,4,3,5,C2-M04-K03-S05,Bereket Ayran Standart,8690000541171,Şişe,8,32,40,96
C2,Süt Ürünleri,4,3,6,C2-M04-K03-S06,Marmara Ayran Standart,8690000541188,Şişe,8,40,48,96
C2,Süt Ürünleri,4,3,7,C2-M04-K03-S07,Usta Ayran Standart,8690000541195,Şişe,8,48,56,96
C2,Süt Ürünleri,4,3,8,C2-M04-K03-S08,Lezzet Ayran Standart,8690000541201,Şişe,8,56,64,96
C2,Süt Ürünleri,4,3,9,C2-M04-K03-S09,Günlük Ayran Standart,8690000541218,Şişe,8,64,72,96
C2,Süt Ürünleri,4,3,10,C2-M04-K03-S10,Evimiz Ayran Standart,8690000541225,Şişe,8,72,80,96
C2,Süt Ürünleri,4,3,11,C2-M04-K03-S11,Doğa Ayran Standart,8690000541232,Şişe,8,80,88,96
C2,Süt Ürünleri,4,3,12,C2-M04-K03-S12,Premium Ayran Standart,8690000541249,Şişe,8,88,96,96
C2,Süt Ürünleri,4,4,1,C2-M04-K04-S01,Premium Ayran Orta,8690000541256,Şişe,7,0,7,98
C2,Süt Ürünleri,4,4,2,C2-M04-K04-S02,Emigro Ayran Orta,8690000541263,Şişe,7,7,14,98
C2,Süt Ürünleri,4,4,3,C2-M04-K04-S03,Anadolu Ayran Orta,8690000541270,Şişe,7,14,21,98
C2,Süt Ürünleri,4,4,4,C2-M04-K04-S04,Bereket Ayran Orta,8690000541287,Şişe,7,21,28,98
C2,Süt Ürünleri,4,4,5,C2-M04-K04-S05,Marmara Ayran Orta,8690000541294,Şişe,7,28,35,98
C2,Süt Ürünleri,4,4,6,C2-M04-K04-S06,Usta Ayran Orta,8690000541300,Şişe,7,35,42,98
C2,Süt Ürünleri,4,4,7,C2-M04-K04-S07,Lezzet Ayran Orta,8690000541317,Şişe,7,42,49,98
C2,Süt Ürünleri,4,4,8,C2-M04-K04-S08,Günlük Ayran Orta,8690000541324,Şişe,7,49,56,98
C2,Süt Ürünleri,4,4,9,C2-M04-K04-S09,Evimiz Ayran Orta,8690000541331,Şişe,7,56,63,98
C2,Süt Ürünleri,4,4,10,C2-M04-K04-S10,Doğa Ayran Orta,8690000541348,Şişe,7,63,70,98
C2,Süt Ürünleri,4,4,11,C2-M04-K04-S11,Premium Ayran Orta,8690000541355,Şişe,7,70,77,98
C2,Süt Ürünleri,4,4,12,C2-M04-K04-S12,Emigro Ayran Orta,8690000541362,Şişe,7,77,84,98
C2,Süt Ürünleri,4,4,13,C2-M04-K04-S13,Anadolu Ayran Orta,8690000541379,Şişe,7,84,91,98
C2,Süt Ürünleri,4,4,14,C2-M04-K04-S14,Bereket Ayran Orta,8690000541386,Şişe,7,91,98,98
C2,Süt Ürünleri,4,5,1,C2-M04-K05-S01,Emigro Ayran Küçük,8690000541393,Şişe,6,0,6,96
C2,Süt Ürünleri,4,5,2,C2-M04-K05-S02,Anadolu Ayran Küçük,8690000541409,Şişe,6,6,12,96
C2,Süt Ürünleri,4,5,3,C2-M04-K05-S03,Bereket Ayran Küçük,8690000541416,Şişe,6,12,18,96
C2,Süt Ürünleri,4,5,4,C2-M04-K05-S04,Marmara Ayran Küçük,8690000541423,Şişe,6,18,24,96
C2,Süt Ürünleri,4,5,5,C2-M04-K05-S05,Usta Ayran Küçük,8690000541430,Şişe,6,24,30,96
C2,Süt Ürünleri,4,5,6,C2-M04-K05-S06,Lezzet Ayran Küçük,8690000541447,Şişe,6,30,36,96
C2,Süt Ürünleri,4,5,7,C2-M04-K05-S07,Günlük Ayran Küçük,8690000541454,Şişe,6,36,42,96
C2,Süt Ürünleri,4,5,8,C2-M04-K05-S08,Evimiz Ayran Küçük,8690000541461,Şişe,6,42,48,96
C2,Süt Ürünleri,4,5,9,C2-M04-K05-S09,Doğa Ayran Küçük,8690000541478,Şişe,6,48,54,96
C2,Süt Ürünleri,4,5,10,C2-M04-K05-S10,Premium Ayran Küçük,8690000541485,Şişe,6,54,60,96
C2,Süt Ürünleri,4,5,11,C2-M04-K05-S11,Emigro Ayran Küçük,8690000541492,Şişe,6,60,66,96
C2,Süt Ürünleri,4,5,12,C2-M04-K05-S12,Anadolu Ayran Küçük,8690000541508,Şişe,6,66,72,96
C2,Süt Ürünleri,4,5,13,C2-M04-K05-S13,Bereket Ayran Küçük,8690000541515,Şişe,6,72,78,96
C2,Süt Ürünleri,4,5,14,C2-M04-K05-S14,Marmara Ayran Küçük,8690000541522,Şişe,6,78,84,96
C2,Süt Ürünleri,4,5,15,C2-M04-K05-S15,Usta Ayran Küçük,8690000541539,Şişe,6,84,90,96
C2,Süt Ürünleri,4,5,16,C2-M04-K05-S16,Lezzet Ayran Küçük,8690000541546,Şişe,6,90,96,96
C2,Süt Ürünleri,4,6,1,C2-M04-K06-S01,Anadolu Ayran Mini,8690000541553,Şişe,6,0,6,96
C2,Süt Ürünleri,4,6,2,C2-M04-K06-S02,Bereket Ayran Mini,8690000541560,Şişe,6,6,12,96
C2,Süt Ürünleri,4,6,3,C2-M04-K06-S03,Marmara Ayran Mini,8690000541577,Şişe,6,12,18,96
C2,Süt Ürünleri,4,6,4,C2-M04-K06-S04,Usta Ayran Mini,8690000541584,Şişe,6,18,24,96
C2,Süt Ürünleri,4,6,5,C2-M04-K06-S05,Lezzet Ayran Mini,8690000541591,Şişe,6,24,30,96
C2,Süt Ürünleri,4,6,6,C2-M04-K06-S06,Günlük Ayran Mini,8690000541607,Şişe,6,30,36,96
C2,Süt Ürünleri,4,6,7,C2-M04-K06-S07,Evimiz Ayran Mini,8690000541614,Şişe,6,36,42,96
C2,Süt Ürünleri,4,6,8,C2-M04-K06-S08,Doğa Ayran Mini,8690000541621,Şişe,6,42,48,96
C2,Süt Ürünleri,4,6,9,C2-M04-K06-S09,Premium Ayran Mini,8690000541638,Şişe,6,48,54,96
C2,Süt Ürünleri,4,6,10,C2-M04-K06-S10,Emigro Ayran Mini,8690000541645,Şişe,6,54,60,96
C2,Süt Ürünleri,4,6,11,C2-M04-K06-S11,Anadolu Ayran Mini,8690000541652,Şişe,6,60,66,96
C2,Süt Ürünleri,4,6,12,C2-M04-K06-S12,Bereket Ayran Mini,8690000541669,Şişe,6,66,72,96
C2,Süt Ürünleri,4,6,13,C2-M04-K06-S13,Marmara Ayran Mini,8690000541676,Şişe,6,72,78,96
C2,Süt Ürünleri,4,6,14,C2-M04-K06-S14,Usta Ayran Mini,8690000541683,Şişe,6,78,84,96
C2,Süt Ürünleri,4,6,15,C2-M04-K06-S15,Lezzet Ayran Mini,8690000541690,Şişe,6,84,90,96
C2,Süt Ürünleri,4,6,16,C2-M04-K06-S16,Günlük Ayran Mini,8690000541706,Şişe,6,90,96,96
C2,Süt Ürünleri,5,1,1,C2-M05-K01-S01,Evimiz Kefir XL,8690000541713,Şişe,9,0,9,99
C2,Süt Ürünleri,5,1,2,C2-M05-K01-S02,Doğa Kefir XL,8690000541720,Şişe,9,9,18,99
C2,Süt Ürünleri,5,1,3,C2-M05-K01-S03,Premium Kefir XL,8690000541737,Şişe,9,18,27,99
C2,Süt Ürünleri,5,1,4,C2-M05-K01-S04,Emigro Kefir XL,8690000541744,Şişe,9,27,36,99
C2,Süt Ürünleri,5,1,5,C2-M05-K01-S05,Anadolu Kefir XL,8690000541751,Şişe,9,36,45,99
C2,Süt Ürünleri,5,1,6,C2-M05-K01-S06,Bereket Kefir XL,8690000541768,Şişe,9,45,54,99
C2,Süt Ürünleri,5,1,7,C2-M05-K01-S07,Marmara Kefir XL,8690000541775,Şişe,9,54,63,99
C2,Süt Ürünleri,5,1,8,C2-M05-K01-S08,Usta Kefir XL,8690000541782,Şişe,9,63,72,99
C2,Süt Ürünleri,5,1,9,C2-M05-K01-S09,Lezzet Kefir XL,8690000541799,Şişe,9,72,81,99
C2,Süt Ürünleri,5,1,10,C2-M05-K01-S10,Günlük Kefir XL,8690000541805,Şişe,9,81,90,99
C2,Süt Ürünleri,5,1,11,C2-M05-K01-S11,Evimiz Kefir XL,8690000541812,Şişe,9,90,99,99
C2,Süt Ürünleri,5,2,1,C2-M05-K02-S01,Doğa Kefir Büyük,8690000541829,Şişe,8,0,8,96
C2,Süt Ürünleri,5,2,2,C2-M05-K02-S02,Premium Kefir Büyük,8690000541836,Şişe,8,8,16,96
C2,Süt Ürünleri,5,2,3,C2-M05-K02-S03,Emigro Kefir Büyük,8690000541843,Şişe,8,16,24,96
C2,Süt Ürünleri,5,2,4,C2-M05-K02-S04,Anadolu Kefir Büyük,8690000541850,Şişe,8,24,32,96
C2,Süt Ürünleri,5,2,5,C2-M05-K02-S05,Bereket Kefir Büyük,8690000541867,Şişe,8,32,40,96
C2,Süt Ürünleri,5,2,6,C2-M05-K02-S06,Marmara Kefir Büyük,8690000541874,Şişe,8,40,48,96
C2,Süt Ürünleri,5,2,7,C2-M05-K02-S07,Usta Kefir Büyük,8690000541881,Şişe,8,48,56,96
C2,Süt Ürünleri,5,2,8,C2-M05-K02-S08,Lezzet Kefir Büyük,8690000541898,Şişe,8,56,64,96
C2,Süt Ürünleri,5,2,9,C2-M05-K02-S09,Günlük Kefir Büyük,8690000541904,Şişe,8,64,72,96
C2,Süt Ürünleri,5,2,10,C2-M05-K02-S10,Evimiz Kefir Büyük,8690000541911,Şişe,8,72,80,96
C2,Süt Ürünleri,5,2,11,C2-M05-K02-S11,Doğa Kefir Büyük,8690000541928,Şişe,8,80,88,96
C2,Süt Ürünleri,5,2,12,C2-M05-K02-S12,Premium Kefir Büyük,8690000541935,Şişe,8,88,96,96
C2,Süt Ürünleri,5,3,1,C2-M05-K03-S01,Premium Kefir Standart,8690000541942,Şişe,7,0,7,98
C2,Süt Ürünleri,5,3,2,C2-M05-K03-S02,Emigro Kefir Standart,8690000541959,Şişe,7,7,14,98
C2,Süt Ürünleri,5,3,3,C2-M05-K03-S03,Anadolu Kefir Standart,8690000541966,Şişe,7,14,21,98
C2,Süt Ürünleri,5,3,4,C2-M05-K03-S04,Bereket Kefir Standart,8690000541973,Şişe,7,21,28,98
C2,Süt Ürünleri,5,3,5,C2-M05-K03-S05,Marmara Kefir Standart,8690000541980,Şişe,7,28,35,98
C2,Süt Ürünleri,5,3,6,C2-M05-K03-S06,Usta Kefir Standart,8690000541997,Şişe,7,35,42,98
C2,Süt Ürünleri,5,3,7,C2-M05-K03-S07,Lezzet Kefir Standart,8690000542000,Şişe,7,42,49,98
C2,Süt Ürünleri,5,3,8,C2-M05-K03-S08,Günlük Kefir Standart,8690000542017,Şişe,7,49,56,98
C2,Süt Ürünleri,5,3,9,C2-M05-K03-S09,Evimiz Kefir Standart,8690000542024,Şişe,7,56,63,98
C2,Süt Ürünleri,5,3,10,C2-M05-K03-S10,Doğa Kefir Standart,8690000542031,Şişe,7,63,70,98
C2,Süt Ürünleri,5,3,11,C2-M05-K03-S11,Premium Kefir Standart,8690000542048,Şişe,7,70,77,98
C2,Süt Ürünleri,5,3,12,C2-M05-K03-S12,Emigro Kefir Standart,8690000542055,Şişe,7,77,84,98
C2,Süt Ürünleri,5,3,13,C2-M05-K03-S13,Anadolu Kefir Standart,8690000542062,Şişe,7,84,91,98
C2,Süt Ürünleri,5,3,14,C2-M05-K03-S14,Bereket Kefir Standart,8690000542079,Şişe,7,91,98,98
C2,Süt Ürünleri,5,4,1,C2-M05-K04-S01,Emigro Kefir Orta,8690000542086,Şişe,6,0,6,96
C2,Süt Ürünleri,5,4,2,C2-M05-K04-S02,Anadolu Kefir Orta,8690000542093,Şişe,6,6,12,96
C2,Süt Ürünleri,5,4,3,C2-M05-K04-S03,Bereket Kefir Orta,8690000542109,Şişe,6,12,18,96
C2,Süt Ürünleri,5,4,4,C2-M05-K04-S04,Marmara Kefir Orta,8690000542116,Şişe,6,18,24,96
C2,Süt Ürünleri,5,4,5,C2-M05-K04-S05,Usta Kefir Orta,8690000542123,Şişe,6,24,30,96
C2,Süt Ürünleri,5,4,6,C2-M05-K04-S06,Lezzet Kefir Orta,8690000542130,Şişe,6,30,36,96
C2,Süt Ürünleri,5,4,7,C2-M05-K04-S07,Günlük Kefir Orta,8690000542147,Şişe,6,36,42,96
C2,Süt Ürünleri,5,4,8,C2-M05-K04-S08,Evimiz Kefir Orta,8690000542154,Şişe,6,42,48,96
C2,Süt Ürünleri,5,4,9,C2-M05-K04-S09,Doğa Kefir Orta,8690000542161,Şişe,6,48,54,96
C2,Süt Ürünleri,5,4,10,C2-M05-K04-S10,Premium Kefir Orta,8690000542178,Şişe,6,54,60,96
C2,Süt Ürünleri,5,4,11,C2-M05-K04-S11,Emigro Kefir Orta,8690000542185,Şişe,6,60,66,96
C2,Süt Ürünleri,5,4,12,C2-M05-K04-S12,Anadolu Kefir Orta,8690000542192,Şişe,6,66,72,96
C2,Süt Ürünleri,5,4,13,C2-M05-K04-S13,Bereket Kefir Orta,8690000542208,Şişe,6,72,78,96
C2,Süt Ürünleri,5,4,14,C2-M05-K04-S14,Marmara Kefir Orta,8690000542215,Şişe,6,78,84,96
C2,Süt Ürünleri,5,4,15,C2-M05-K04-S15,Usta Kefir Orta,8690000542222,Şişe,6,84,90,96
C2,Süt Ürünleri,5,4,16,C2-M05-K04-S16,Lezzet Kefir Orta,8690000542239,Şişe,6,90,96,96
C2,Süt Ürünleri,5,5,1,C2-M05-K05-S01,Anadolu Kefir Küçük,8690000542246,Şişe,6,0,6,96
C2,Süt Ürünleri,5,5,2,C2-M05-K05-S02,Bereket Kefir Küçük,8690000542253,Şişe,6,6,12,96
C2,Süt Ürünleri,5,5,3,C2-M05-K05-S03,Marmara Kefir Küçük,8690000542260,Şişe,6,12,18,96
C2,Süt Ürünleri,5,5,4,C2-M05-K05-S04,Usta Kefir Küçük,8690000542277,Şişe,6,18,24,96
C2,Süt Ürünleri,5,5,5,C2-M05-K05-S05,Lezzet Kefir Küçük,8690000542284,Şişe,6,24,30,96
C2,Süt Ürünleri,5,5,6,C2-M05-K05-S06,Günlük Kefir Küçük,8690000542291,Şişe,6,30,36,96
C2,Süt Ürünleri,5,5,7,C2-M05-K05-S07,Evimiz Kefir Küçük,8690000542307,Şişe,6,36,42,96
C2,Süt Ürünleri,5,5,8,C2-M05-K05-S08,Doğa Kefir Küçük,8690000542314,Şişe,6,42,48,96
C2,Süt Ürünleri,5,5,9,C2-M05-K05-S09,Premium Kefir Küçük,8690000542321,Şişe,6,48,54,96
C2,Süt Ürünleri,5,5,10,C2-M05-K05-S10,Emigro Kefir Küçük,8690000542338,Şişe,6,54,60,96
C2,Süt Ürünleri,5,5,11,C2-M05-K05-S11,Anadolu Kefir Küçük,8690000542345,Şişe,6,60,66,96
C2,Süt Ürünleri,5,5,12,C2-M05-K05-S12,Bereket Kefir Küçük,8690000542352,Şişe,6,66,72,96
C2,Süt Ürünleri,5,5,13,C2-M05-K05-S13,Marmara Kefir Küçük,8690000542369,Şişe,6,72,78,96
C2,Süt Ürünleri,5,5,14,C2-M05-K05-S14,Usta Kefir Küçük,8690000542376,Şişe,6,78,84,96
C2,Süt Ürünleri,5,5,15,C2-M05-K05-S15,Lezzet Kefir Küçük,8690000542383,Şişe,6,84,90,96
C2,Süt Ürünleri,5,5,16,C2-M05-K05-S16,Günlük Kefir Küçük,8690000542390,Şişe,6,90,96,96
C2,Süt Ürünleri,5,6,1,C2-M05-K06-S01,Bereket Kefir Mini,8690000542406,Şişe,5,0,5,100
C2,Süt Ürünleri,5,6,2,C2-M05-K06-S02,Marmara Kefir Mini,8690000542413,Şişe,5,5,10,100
C2,Süt Ürünleri,5,6,3,C2-M05-K06-S03,Usta Kefir Mini,8690000542420,Şişe,5,10,15,100
C2,Süt Ürünleri,5,6,4,C2-M05-K06-S04,Lezzet Kefir Mini,8690000542437,Şişe,5,15,20,100
C2,Süt Ürünleri,5,6,5,C2-M05-K06-S05,Günlük Kefir Mini,8690000542444,Şişe,5,20,25,100
C2,Süt Ürünleri,5,6,6,C2-M05-K06-S06,Evimiz Kefir Mini,8690000542451,Şişe,5,25,30,100
C2,Süt Ürünleri,5,6,7,C2-M05-K06-S07,Doğa Kefir Mini,8690000542468,Şişe,5,30,35,100
C2,Süt Ürünleri,5,6,8,C2-M05-K06-S08,Premium Kefir Mini,8690000542475,Şişe,5,35,40,100
C2,Süt Ürünleri,5,6,9,C2-M05-K06-S09,Emigro Kefir Mini,8690000542482,Şişe,5,40,45,100
C2,Süt Ürünleri,5,6,10,C2-M05-K06-S10,Anadolu Kefir Mini,8690000542499,Şişe,5,45,50,100
C2,Süt Ürünleri,5,6,11,C2-M05-K06-S11,Bereket Kefir Mini,8690000542505,Şişe,5,50,55,100
C2,Süt Ürünleri,5,6,12,C2-M05-K06-S12,Marmara Kefir Mini,8690000542512,Şişe,5,55,60,100
C2,Süt Ürünleri,5,6,13,C2-M05-K06-S13,Usta Kefir Mini,8690000542529,Şişe,5,60,65,100
C2,Süt Ürünleri,5,6,14,C2-M05-K06-S14,Lezzet Kefir Mini,8690000542536,Şişe,5,65,70,100
C2,Süt Ürünleri,5,6,15,C2-M05-K06-S15,Günlük Kefir Mini,8690000542543,Şişe,5,70,75,100
C2,Süt Ürünleri,5,6,16,C2-M05-K06-S16,Evimiz Kefir Mini,8690000542550,Şişe,5,75,80,100
C2,Süt Ürünleri,5,6,17,C2-M05-K06-S17,Doğa Kefir Mini,8690000542567,Şişe,5,80,85,100
C2,Süt Ürünleri,5,6,18,C2-M05-K06-S18,Premium Kefir Mini,8690000542574,Şişe,5,85,90,100
C2,Süt Ürünleri,5,6,19,C2-M05-K06-S19,Emigro Kefir Mini,8690000542581,Şişe,5,90,95,100
C2,Süt Ürünleri,5,6,20,C2-M05-K06-S20,Anadolu Kefir Mini,8690000542598,Şişe,5,95,100,100
C2,Süt Ürünleri,6,1,1,C2-M06-K01-S01,Doğa Sade Yoğurt XL,8690000542604,Kova,18,0,18,90
C2,Süt Ürünleri,6,1,2,C2-M06-K01-S02,Premium Sade Yoğurt XL,8690000542611,Kova,18,18,36,90
C2,Süt Ürünleri,6,1,3,C2-M06-K01-S03,Emigro Sade Yoğurt XL,8690000542628,Kova,18,36,54,90
C2,Süt Ürünleri,6,1,4,C2-M06-K01-S04,Anadolu Sade Yoğurt XL,8690000542635,Kova,18,54,72,90
C2,Süt Ürünleri,6,1,5,C2-M06-K01-S05,Bereket Sade Yoğurt XL,8690000542642,Kova,18,72,90,90
C2,Süt Ürünleri,6,2,1,C2-M06-K02-S01,Premium Sade Yoğurt Büyük,8690000542659,Kova,16,0,16,96
C2,Süt Ürünleri,6,2,2,C2-M06-K02-S02,Emigro Sade Yoğurt Büyük,8690000542666,Kova,16,16,32,96
C2,Süt Ürünleri,6,2,3,C2-M06-K02-S03,Anadolu Sade Yoğurt Büyük,8690000542673,Kova,16,32,48,96
C2,Süt Ürünleri,6,2,4,C2-M06-K02-S04,Bereket Sade Yoğurt Büyük,8690000542680,Kova,16,48,64,96
C2,Süt Ürünleri,6,2,5,C2-M06-K02-S05,Marmara Sade Yoğurt Büyük,8690000542697,Kova,16,64,80,96
C2,Süt Ürünleri,6,2,6,C2-M06-K02-S06,Usta Sade Yoğurt Büyük,8690000542703,Kova,16,80,96,96
C2,Süt Ürünleri,6,3,1,C2-M06-K03-S01,Emigro Sade Yoğurt Standart,8690000542710,Kova,14,0,14,98
C2,Süt Ürünleri,6,3,2,C2-M06-K03-S02,Anadolu Sade Yoğurt Standart,8690000542727,Kova,14,14,28,98
C2,Süt Ürünleri,6,3,3,C2-M06-K03-S03,Bereket Sade Yoğurt Standart,8690000542734,Kova,14,28,42,98
C2,Süt Ürünleri,6,3,4,C2-M06-K03-S04,Marmara Sade Yoğurt Standart,8690000542741,Kova,14,42,56,98
C2,Süt Ürünleri,6,3,5,C2-M06-K03-S05,Usta Sade Yoğurt Standart,8690000542758,Kova,14,56,70,98
C2,Süt Ürünleri,6,3,6,C2-M06-K03-S06,Lezzet Sade Yoğurt Standart,8690000542765,Kova,14,70,84,98
C2,Süt Ürünleri,6,3,7,C2-M06-K03-S07,Günlük Sade Yoğurt Standart,8690000542772,Kova,14,84,98,98
C2,Süt Ürünleri,6,4,1,C2-M06-K04-S01,Anadolu Sade Yoğurt Orta,8690000542789,Kova,13,0,13,91
C2,Süt Ürünleri,6,4,2,C2-M06-K04-S02,Bereket Sade Yoğurt Orta,8690000542796,Kova,13,13,26,91
C2,Süt Ürünleri,6,4,3,C2-M06-K04-S03,Marmara Sade Yoğurt Orta,8690000542802,Kova,13,26,39,91
C2,Süt Ürünleri,6,4,4,C2-M06-K04-S04,Usta Sade Yoğurt Orta,8690000542819,Kova,13,39,52,91
C2,Süt Ürünleri,6,4,5,C2-M06-K04-S05,Lezzet Sade Yoğurt Orta,8690000542826,Kova,13,52,65,91
C2,Süt Ürünleri,6,4,6,C2-M06-K04-S06,Günlük Sade Yoğurt Orta,8690000542833,Kova,13,65,78,91
C2,Süt Ürünleri,6,4,7,C2-M06-K04-S07,Evimiz Sade Yoğurt Orta,8690000542840,Kova,13,78,91,91
C2,Süt Ürünleri,6,5,1,C2-M06-K05-S01,Bereket Sade Yoğurt Küçük,8690000542857,Kova,11,0,11,99
C2,Süt Ürünleri,6,5,2,C2-M06-K05-S02,Marmara Sade Yoğurt Küçük,8690000542864,Kova,11,11,22,99
C2,Süt Ürünleri,6,5,3,C2-M06-K05-S03,Usta Sade Yoğurt Küçük,8690000542871,Kova,11,22,33,99
C2,Süt Ürünleri,6,5,4,C2-M06-K05-S04,Lezzet Sade Yoğurt Küçük,8690000542888,Kova,11,33,44,99
C2,Süt Ürünleri,6,5,5,C2-M06-K05-S05,Günlük Sade Yoğurt Küçük,8690000542895,Kova,11,44,55,99
C2,Süt Ürünleri,6,5,6,C2-M06-K05-S06,Evimiz Sade Yoğurt Küçük,8690000542901,Kova,11,55,66,99
C2,Süt Ürünleri,6,5,7,C2-M06-K05-S07,Doğa Sade Yoğurt Küçük,8690000542918,Kova,11,66,77,99
C2,Süt Ürünleri,6,5,8,C2-M06-K05-S08,Premium Sade Yoğurt Küçük,8690000542925,Kova,11,77,88,99
C2,Süt Ürünleri,6,5,9,C2-M06-K05-S09,Emigro Sade Yoğurt Küçük,8690000542932,Kova,11,88,99,99
C2,Süt Ürünleri,6,6,1,C2-M06-K06-S01,Marmara Sade Yoğurt Mini,8690000542949,Kova,10,0,10,100
C2,Süt Ürünleri,6,6,2,C2-M06-K06-S02,Usta Sade Yoğurt Mini,8690000542956,Kova,10,10,20,100
C2,Süt Ürünleri,6,6,3,C2-M06-K06-S03,Lezzet Sade Yoğurt Mini,8690000542963,Kova,10,20,30,100
C2,Süt Ürünleri,6,6,4,C2-M06-K06-S04,Günlük Sade Yoğurt Mini,8690000542970,Kova,10,30,40,100
C2,Süt Ürünleri,6,6,5,C2-M06-K06-S05,Evimiz Sade Yoğurt Mini,8690000542987,Kova,10,40,50,100
C2,Süt Ürünleri,6,6,6,C2-M06-K06-S06,Doğa Sade Yoğurt Mini,8690000542994,Kova,10,50,60,100
C2,Süt Ürünleri,6,6,7,C2-M06-K06-S07,Premium Sade Yoğurt Mini,8690000543007,Kova,10,60,70,100
C2,Süt Ürünleri,6,6,8,C2-M06-K06-S08,Emigro Sade Yoğurt Mini,8690000543014,Kova,10,70,80,100
C2,Süt Ürünleri,6,6,9,C2-M06-K06-S09,Anadolu Sade Yoğurt Mini,8690000543021,Kova,10,80,90,100
C2,Süt Ürünleri,6,6,10,C2-M06-K06-S10,Bereket Sade Yoğurt Mini,8690000543038,Kova,10,90,100,100
C2,Süt Ürünleri,7,1,1,C2-M07-K01-S01,Premium Süzme Yoğurt XL,8690000543045,Kova,18,0,18,90
C2,Süt Ürünleri,7,1,2,C2-M07-K01-S02,Emigro Süzme Yoğurt XL,8690000543052,Kova,18,18,36,90
C2,Süt Ürünleri,7,1,3,C2-M07-K01-S03,Anadolu Süzme Yoğurt XL,8690000543069,Kova,18,36,54,90
C2,Süt Ürünleri,7,1,4,C2-M07-K01-S04,Bereket Süzme Yoğurt XL,8690000543076,Kova,18,54,72,90
C2,Süt Ürünleri,7,1,5,C2-M07-K01-S05,Marmara Süzme Yoğurt XL,8690000543083,Kova,18,72,90,90
C2,Süt Ürünleri,7,2,1,C2-M07-K02-S01,Emigro Süzme Yoğurt Büyük,8690000543090,Kova,16,0,16,96
C2,Süt Ürünleri,7,2,2,C2-M07-K02-S02,Anadolu Süzme Yoğurt Büyük,8690000543106,Kova,16,16,32,96
C2,Süt Ürünleri,7,2,3,C2-M07-K02-S03,Bereket Süzme Yoğurt Büyük,8690000543113,Kova,16,32,48,96
C2,Süt Ürünleri,7,2,4,C2-M07-K02-S04,Marmara Süzme Yoğurt Büyük,8690000543120,Kova,16,48,64,96
C2,Süt Ürünleri,7,2,5,C2-M07-K02-S05,Usta Süzme Yoğurt Büyük,8690000543137,Kova,16,64,80,96
C2,Süt Ürünleri,7,2,6,C2-M07-K02-S06,Lezzet Süzme Yoğurt Büyük,8690000543144,Kova,16,80,96,96
C2,Süt Ürünleri,7,3,1,C2-M07-K03-S01,Anadolu Süzme Yoğurt Standart,8690000543151,Kova,14,0,14,98
C2,Süt Ürünleri,7,3,2,C2-M07-K03-S02,Bereket Süzme Yoğurt Standart,8690000543168,Kova,14,14,28,98
C2,Süt Ürünleri,7,3,3,C2-M07-K03-S03,Marmara Süzme Yoğurt Standart,8690000543175,Kova,14,28,42,98
C2,Süt Ürünleri,7,3,4,C2-M07-K03-S04,Usta Süzme Yoğurt Standart,8690000543182,Kova,14,42,56,98
C2,Süt Ürünleri,7,3,5,C2-M07-K03-S05,Lezzet Süzme Yoğurt Standart,8690000543199,Kova,14,56,70,98
C2,Süt Ürünleri,7,3,6,C2-M07-K03-S06,Günlük Süzme Yoğurt Standart,8690000543205,Kova,14,70,84,98
C2,Süt Ürünleri,7,3,7,C2-M07-K03-S07,Evimiz Süzme Yoğurt Standart,8690000543212,Kova,14,84,98,98
C2,Süt Ürünleri,7,4,1,C2-M07-K04-S01,Bereket Süzme Yoğurt Orta,8690000543229,Kova,13,0,13,91
C2,Süt Ürünleri,7,4,2,C2-M07-K04-S02,Marmara Süzme Yoğurt Orta,8690000543236,Kova,13,13,26,91
C2,Süt Ürünleri,7,4,3,C2-M07-K04-S03,Usta Süzme Yoğurt Orta,8690000543243,Kova,13,26,39,91
C2,Süt Ürünleri,7,4,4,C2-M07-K04-S04,Lezzet Süzme Yoğurt Orta,8690000543250,Kova,13,39,52,91
C2,Süt Ürünleri,7,4,5,C2-M07-K04-S05,Günlük Süzme Yoğurt Orta,8690000543267,Kova,13,52,65,91
C2,Süt Ürünleri,7,4,6,C2-M07-K04-S06,Evimiz Süzme Yoğurt Orta,8690000543274,Kova,13,65,78,91
C2,Süt Ürünleri,7,4,7,C2-M07-K04-S07,Doğa Süzme Yoğurt Orta,8690000543281,Kova,13,78,91,91
C2,Süt Ürünleri,7,5,1,C2-M07-K05-S01,Marmara Süzme Yoğurt Küçük,8690000543298,Kova,11,0,11,99
C2,Süt Ürünleri,7,5,2,C2-M07-K05-S02,Usta Süzme Yoğurt Küçük,8690000543304,Kova,11,11,22,99
C2,Süt Ürünleri,7,5,3,C2-M07-K05-S03,Lezzet Süzme Yoğurt Küçük,8690000543311,Kova,11,22,33,99
C2,Süt Ürünleri,7,5,4,C2-M07-K05-S04,Günlük Süzme Yoğurt Küçük,8690000543328,Kova,11,33,44,99
C2,Süt Ürünleri,7,5,5,C2-M07-K05-S05,Evimiz Süzme Yoğurt Küçük,8690000543335,Kova,11,44,55,99
C2,Süt Ürünleri,7,5,6,C2-M07-K05-S06,Doğa Süzme Yoğurt Küçük,8690000543342,Kova,11,55,66,99
C2,Süt Ürünleri,7,5,7,C2-M07-K05-S07,Premium Süzme Yoğurt Küçük,8690000543359,Kova,11,66,77,99
C2,Süt Ürünleri,7,5,8,C2-M07-K05-S08,Emigro Süzme Yoğurt Küçük,8690000543366,Kova,11,77,88,99
C2,Süt Ürünleri,7,5,9,C2-M07-K05-S09,Anadolu Süzme Yoğurt Küçük,8690000543373,Kova,11,88,99,99
C2,Süt Ürünleri,7,6,1,C2-M07-K06-S01,Usta Süzme Yoğurt Mini,8690000543380,Kova,10,0,10,100
C2,Süt Ürünleri,7,6,2,C2-M07-K06-S02,Lezzet Süzme Yoğurt Mini,8690000543397,Kova,10,10,20,100
C2,Süt Ürünleri,7,6,3,C2-M07-K06-S03,Günlük Süzme Yoğurt Mini,8690000543403,Kova,10,20,30,100
C2,Süt Ürünleri,7,6,4,C2-M07-K06-S04,Evimiz Süzme Yoğurt Mini,8690000543410,Kova,10,30,40,100
C2,Süt Ürünleri,7,6,5,C2-M07-K06-S05,Doğa Süzme Yoğurt Mini,8690000543427,Kova,10,40,50,100
C2,Süt Ürünleri,7,6,6,C2-M07-K06-S06,Premium Süzme Yoğurt Mini,8690000543434,Kova,10,50,60,100
C2,Süt Ürünleri,7,6,7,C2-M07-K06-S07,Emigro Süzme Yoğurt Mini,8690000543441,Kova,10,60,70,100
C2,Süt Ürünleri,7,6,8,C2-M07-K06-S08,Anadolu Süzme Yoğurt Mini,8690000543458,Kova,10,70,80,100
C2,Süt Ürünleri,7,6,9,C2-M07-K06-S09,Bereket Süzme Yoğurt Mini,8690000543465,Kova,10,80,90,100
C2,Süt Ürünleri,7,6,10,C2-M07-K06-S10,Marmara Süzme Yoğurt Mini,8690000543472,Kova,10,90,100,100
C2,Süt Ürünleri,8,1,1,C2-M08-K01-S01,Emigro Beyaz Peynir XL,8690000543489,Paket,12,0,12,96
C2,Süt Ürünleri,8,1,2,C2-M08-K01-S02,Anadolu Beyaz Peynir XL,8690000543496,Paket,12,12,24,96
C2,Süt Ürünleri,8,1,3,C2-M08-K01-S03,Bereket Beyaz Peynir XL,8690000543502,Paket,12,24,36,96
C2,Süt Ürünleri,8,1,4,C2-M08-K01-S04,Marmara Beyaz Peynir XL,8690000543519,Paket,12,36,48,96
C2,Süt Ürünleri,8,1,5,C2-M08-K01-S05,Usta Beyaz Peynir XL,8690000543526,Paket,12,48,60,96
C2,Süt Ürünleri,8,1,6,C2-M08-K01-S06,Lezzet Beyaz Peynir XL,8690000543533,Paket,12,60,72,96
C2,Süt Ürünleri,8,1,7,C2-M08-K01-S07,Günlük Beyaz Peynir XL,8690000543540,Paket,12,72,84,96
C2,Süt Ürünleri,8,1,8,C2-M08-K01-S08,Evimiz Beyaz Peynir XL,8690000543557,Paket,12,84,96,96
C2,Süt Ürünleri,8,2,1,C2-M08-K02-S01,Anadolu Beyaz Peynir Büyük,8690000543564,Paket,12,0,12,96
C2,Süt Ürünleri,8,2,2,C2-M08-K02-S02,Bereket Beyaz Peynir Büyük,8690000543571,Paket,12,12,24,96
C2,Süt Ürünleri,8,2,3,C2-M08-K02-S03,Marmara Beyaz Peynir Büyük,8690000543588,Paket,12,24,36,96
C2,Süt Ürünleri,8,2,4,C2-M08-K02-S04,Usta Beyaz Peynir Büyük,8690000543595,Paket,12,36,48,96
C2,Süt Ürünleri,8,2,5,C2-M08-K02-S05,Lezzet Beyaz Peynir Büyük,8690000543601,Paket,12,48,60,96
C2,Süt Ürünleri,8,2,6,C2-M08-K02-S06,Günlük Beyaz Peynir Büyük,8690000543618,Paket,12,60,72,96
C2,Süt Ürünleri,8,2,7,C2-M08-K02-S07,Evimiz Beyaz Peynir Büyük,8690000543625,Paket,12,72,84,96
C2,Süt Ürünleri,8,2,8,C2-M08-K02-S08,Doğa Beyaz Peynir Büyük,8690000543632,Paket,12,84,96,96
C2,Süt Ürünleri,8,3,1,C2-M08-K03-S01,Bereket Beyaz Peynir Standart,8690000543649,Paket,10,0,10,100
C2,Süt Ürünleri,8,3,2,C2-M08-K03-S02,Marmara Beyaz Peynir Standart,8690000543656,Paket,10,10,20,100
C2,Süt Ürünleri,8,3,3,C2-M08-K03-S03,Usta Beyaz Peynir Standart,8690000543663,Paket,10,20,30,100
C2,Süt Ürünleri,8,3,4,C2-M08-K03-S04,Lezzet Beyaz Peynir Standart,8690000543670,Paket,10,30,40,100
C2,Süt Ürünleri,8,3,5,C2-M08-K03-S05,Günlük Beyaz Peynir Standart,8690000543687,Paket,10,40,50,100
C2,Süt Ürünleri,8,3,6,C2-M08-K03-S06,Evimiz Beyaz Peynir Standart,8690000543694,Paket,10,50,60,100
C2,Süt Ürünleri,8,3,7,C2-M08-K03-S07,Doğa Beyaz Peynir Standart,8690000543700,Paket,10,60,70,100
C2,Süt Ürünleri,8,3,8,C2-M08-K03-S08,Premium Beyaz Peynir Standart,8690000543717,Paket,10,70,80,100
C2,Süt Ürünleri,8,3,9,C2-M08-K03-S09,Emigro Beyaz Peynir Standart,8690000543724,Paket,10,80,90,100
C2,Süt Ürünleri,8,3,10,C2-M08-K03-S10,Anadolu Beyaz Peynir Standart,8690000543731,Paket,10,90,100,100
C2,Süt Ürünleri,8,4,1,C2-M08-K04-S01,Marmara Beyaz Peynir Orta,8690000543748,Paket,9,0,9,99
C2,Süt Ürünleri,8,4,2,C2-M08-K04-S02,Usta Beyaz Peynir Orta,8690000543755,Paket,9,9,18,99
C2,Süt Ürünleri,8,4,3,C2-M08-K04-S03,Lezzet Beyaz Peynir Orta,8690000543762,Paket,9,18,27,99
C2,Süt Ürünleri,8,4,4,C2-M08-K04-S04,Günlük Beyaz Peynir Orta,8690000543779,Paket,9,27,36,99
C2,Süt Ürünleri,8,4,5,C2-M08-K04-S05,Evimiz Beyaz Peynir Orta,8690000543786,Paket,9,36,45,99
C2,Süt Ürünleri,8,4,6,C2-M08-K04-S06,Doğa Beyaz Peynir Orta,8690000543793,Paket,9,45,54,99
C2,Süt Ürünleri,8,4,7,C2-M08-K04-S07,Premium Beyaz Peynir Orta,8690000543809,Paket,9,54,63,99
C2,Süt Ürünleri,8,4,8,C2-M08-K04-S08,Emigro Beyaz Peynir Orta,8690000543816,Paket,9,63,72,99
C2,Süt Ürünleri,8,4,9,C2-M08-K04-S09,Anadolu Beyaz Peynir Orta,8690000543823,Paket,9,72,81,99
C2,Süt Ürünleri,8,4,10,C2-M08-K04-S10,Bereket Beyaz Peynir Orta,8690000543830,Paket,9,81,90,99
C2,Süt Ürünleri,8,4,11,C2-M08-K04-S11,Marmara Beyaz Peynir Orta,8690000543847,Paket,9,90,99,99
C2,Süt Ürünleri,8,5,1,C2-M08-K05-S01,Usta Beyaz Peynir Küçük,8690000543854,Paket,8,0,8,96
C2,Süt Ürünleri,8,5,2,C2-M08-K05-S02,Lezzet Beyaz Peynir Küçük,8690000543861,Paket,8,8,16,96
C2,Süt Ürünleri,8,5,3,C2-M08-K05-S03,Günlük Beyaz Peynir Küçük,8690000543878,Paket,8,16,24,96
C2,Süt Ürünleri,8,5,4,C2-M08-K05-S04,Evimiz Beyaz Peynir Küçük,8690000543885,Paket,8,24,32,96
C2,Süt Ürünleri,8,5,5,C2-M08-K05-S05,Doğa Beyaz Peynir Küçük,8690000543892,Paket,8,32,40,96
C2,Süt Ürünleri,8,5,6,C2-M08-K05-S06,Premium Beyaz Peynir Küçük,8690000543908,Paket,8,40,48,96
C2,Süt Ürünleri,8,5,7,C2-M08-K05-S07,Emigro Beyaz Peynir Küçük,8690000543915,Paket,8,48,56,96
C2,Süt Ürünleri,8,5,8,C2-M08-K05-S08,Anadolu Beyaz Peynir Küçük,8690000543922,Paket,8,56,64,96
C2,Süt Ürünleri,8,5,9,C2-M08-K05-S09,Bereket Beyaz Peynir Küçük,8690000543939,Paket,8,64,72,96
C2,Süt Ürünleri,8,5,10,C2-M08-K05-S10,Marmara Beyaz Peynir Küçük,8690000543946,Paket,8,72,80,96
C2,Süt Ürünleri,8,5,11,C2-M08-K05-S11,Usta Beyaz Peynir Küçük,8690000543953,Paket,8,80,88,96
C2,Süt Ürünleri,8,5,12,C2-M08-K05-S12,Lezzet Beyaz Peynir Küçük,8690000543960,Paket,8,88,96,96
C2,Süt Ürünleri,8,6,1,C2-M08-K06-S01,Lezzet Beyaz Peynir Mini,8690000543977,Paket,7,0,7,98
C2,Süt Ürünleri,8,6,2,C2-M08-K06-S02,Günlük Beyaz Peynir Mini,8690000543984,Paket,7,7,14,98
C2,Süt Ürünleri,8,6,3,C2-M08-K06-S03,Evimiz Beyaz Peynir Mini,8690000543991,Paket,7,14,21,98
C2,Süt Ürünleri,8,6,4,C2-M08-K06-S04,Doğa Beyaz Peynir Mini,8690000544004,Paket,7,21,28,98
C2,Süt Ürünleri,8,6,5,C2-M08-K06-S05,Premium Beyaz Peynir Mini,8690000544011,Paket,7,28,35,98
C2,Süt Ürünleri,8,6,6,C2-M08-K06-S06,Emigro Beyaz Peynir Mini,8690000544028,Paket,7,35,42,98
C2,Süt Ürünleri,8,6,7,C2-M08-K06-S07,Anadolu Beyaz Peynir Mini,8690000544035,Paket,7,42,49,98
C2,Süt Ürünleri,8,6,8,C2-M08-K06-S08,Bereket Beyaz Peynir Mini,8690000544042,Paket,7,49,56,98
C2,Süt Ürünleri,8,6,9,C2-M08-K06-S09,Marmara Beyaz Peynir Mini,8690000544059,Paket,7,56,63,98
C2,Süt Ürünleri,8,6,10,C2-M08-K06-S10,Usta Beyaz Peynir Mini,8690000544066,Paket,7,63,70,98
C2,Süt Ürünleri,8,6,11,C2-M08-K06-S11,Lezzet Beyaz Peynir Mini,8690000544073,Paket,7,70,77,98
C2,Süt Ürünleri,8,6,12,C2-M08-K06-S12,Günlük Beyaz Peynir Mini,8690000544080,Paket,7,77,84,98
C2,Süt Ürünleri,8,6,13,C2-M08-K06-S13,Evimiz Beyaz Peynir Mini,8690000544097,Paket,7,84,91,98
C2,Süt Ürünleri,8,6,14,C2-M08-K06-S14,Doğa Beyaz Peynir Mini,8690000544103,Paket,7,91,98,98
C2,Süt Ürünleri,9,1,1,C2-M09-K01-S01,Anadolu Kaşar Peyniri XL,8690000544110,Paket,14,0,14,98
C2,Süt Ürünleri,9,1,2,C2-M09-K01-S02,Bereket Kaşar Peyniri XL,8690000544127,Paket,14,14,28,98
C2,Süt Ürünleri,9,1,3,C2-M09-K01-S03,Marmara Kaşar Peyniri XL,8690000544134,Paket,14,28,42,98
C2,Süt Ürünleri,9,1,4,C2-M09-K01-S04,Usta Kaşar Peyniri XL,8690000544141,Paket,14,42,56,98
C2,Süt Ürünleri,9,1,5,C2-M09-K01-S05,Lezzet Kaşar Peyniri XL,8690000544158,Paket,14,56,70,98
C2,Süt Ürünleri,9,1,6,C2-M09-K01-S06,Günlük Kaşar Peyniri XL,8690000544165,Paket,14,70,84,98
C2,Süt Ürünleri,9,1,7,C2-M09-K01-S07,Evimiz Kaşar Peyniri XL,8690000544172,Paket,14,84,98,98
C2,Süt Ürünleri,9,2,1,C2-M09-K02-S01,Bereket Kaşar Peyniri Büyük,8690000544189,Paket,13,0,13,91
C2,Süt Ürünleri,9,2,2,C2-M09-K02-S02,Marmara Kaşar Peyniri Büyük,8690000544196,Paket,13,13,26,91
C2,Süt Ürünleri,9,2,3,C2-M09-K02-S03,Usta Kaşar Peyniri Büyük,8690000544202,Paket,13,26,39,91
C2,Süt Ürünleri,9,2,4,C2-M09-K02-S04,Lezzet Kaşar Peyniri Büyük,8690000544219,Paket,13,39,52,91
C2,Süt Ürünleri,9,2,5,C2-M09-K02-S05,Günlük Kaşar Peyniri Büyük,8690000544226,Paket,13,52,65,91
C2,Süt Ürünleri,9,2,6,C2-M09-K02-S06,Evimiz Kaşar Peyniri Büyük,8690000544233,Paket,13,65,78,91
C2,Süt Ürünleri,9,2,7,C2-M09-K02-S07,Doğa Kaşar Peyniri Büyük,8690000544240,Paket,13,78,91,91
C2,Süt Ürünleri,9,3,1,C2-M09-K03-S01,Marmara Kaşar Peyniri Standart,8690000544257,Paket,11,0,11,99
C2,Süt Ürünleri,9,3,2,C2-M09-K03-S02,Usta Kaşar Peyniri Standart,8690000544264,Paket,11,11,22,99
C2,Süt Ürünleri,9,3,3,C2-M09-K03-S03,Lezzet Kaşar Peyniri Standart,8690000544271,Paket,11,22,33,99
C2,Süt Ürünleri,9,3,4,C2-M09-K03-S04,Günlük Kaşar Peyniri Standart,8690000544288,Paket,11,33,44,99
C2,Süt Ürünleri,9,3,5,C2-M09-K03-S05,Evimiz Kaşar Peyniri Standart,8690000544295,Paket,11,44,55,99
C2,Süt Ürünleri,9,3,6,C2-M09-K03-S06,Doğa Kaşar Peyniri Standart,8690000544301,Paket,11,55,66,99
C2,Süt Ürünleri,9,3,7,C2-M09-K03-S07,Premium Kaşar Peyniri Standart,8690000544318,Paket,11,66,77,99
C2,Süt Ürünleri,9,3,8,C2-M09-K03-S08,Emigro Kaşar Peyniri Standart,8690000544325,Paket,11,77,88,99
C2,Süt Ürünleri,9,3,9,C2-M09-K03-S09,Anadolu Kaşar Peyniri Standart,8690000544332,Paket,11,88,99,99
C2,Süt Ürünleri,9,4,1,C2-M09-K04-S01,Usta Kaşar Peyniri Orta,8690000544349,Paket,10,0,10,100
C2,Süt Ürünleri,9,4,2,C2-M09-K04-S02,Lezzet Kaşar Peyniri Orta,8690000544356,Paket,10,10,20,100
C2,Süt Ürünleri,9,4,3,C2-M09-K04-S03,Günlük Kaşar Peyniri Orta,8690000544363,Paket,10,20,30,100
C2,Süt Ürünleri,9,4,4,C2-M09-K04-S04,Evimiz Kaşar Peyniri Orta,8690000544370,Paket,10,30,40,100
C2,Süt Ürünleri,9,4,5,C2-M09-K04-S05,Doğa Kaşar Peyniri Orta,8690000544387,Paket,10,40,50,100
C2,Süt Ürünleri,9,4,6,C2-M09-K04-S06,Premium Kaşar Peyniri Orta,8690000544394,Paket,10,50,60,100
C2,Süt Ürünleri,9,4,7,C2-M09-K04-S07,Emigro Kaşar Peyniri Orta,8690000544400,Paket,10,60,70,100
C2,Süt Ürünleri,9,4,8,C2-M09-K04-S08,Anadolu Kaşar Peyniri Orta,8690000544417,Paket,10,70,80,100
C2,Süt Ürünleri,9,4,9,C2-M09-K04-S09,Bereket Kaşar Peyniri Orta,8690000544424,Paket,10,80,90,100
C2,Süt Ürünleri,9,4,10,C2-M09-K04-S10,Marmara Kaşar Peyniri Orta,8690000544431,Paket,10,90,100,100
C2,Süt Ürünleri,9,5,1,C2-M09-K05-S01,Lezzet Kaşar Peyniri Küçük,8690000544448,Paket,9,0,9,99
C2,Süt Ürünleri,9,5,2,C2-M09-K05-S02,Günlük Kaşar Peyniri Küçük,8690000544455,Paket,9,9,18,99
C2,Süt Ürünleri,9,5,3,C2-M09-K05-S03,Evimiz Kaşar Peyniri Küçük,8690000544462,Paket,9,18,27,99
C2,Süt Ürünleri,9,5,4,C2-M09-K05-S04,Doğa Kaşar Peyniri Küçük,8690000544479,Paket,9,27,36,99
C2,Süt Ürünleri,9,5,5,C2-M09-K05-S05,Premium Kaşar Peyniri Küçük,8690000544486,Paket,9,36,45,99
C2,Süt Ürünleri,9,5,6,C2-M09-K05-S06,Emigro Kaşar Peyniri Küçük,8690000544493,Paket,9,45,54,99
C2,Süt Ürünleri,9,5,7,C2-M09-K05-S07,Anadolu Kaşar Peyniri Küçük,8690000544509,Paket,9,54,63,99
C2,Süt Ürünleri,9,5,8,C2-M09-K05-S08,Bereket Kaşar Peyniri Küçük,8690000544516,Paket,9,63,72,99
C2,Süt Ürünleri,9,5,9,C2-M09-K05-S09,Marmara Kaşar Peyniri Küçük,8690000544523,Paket,9,72,81,99
C2,Süt Ürünleri,9,5,10,C2-M09-K05-S10,Usta Kaşar Peyniri Küçük,8690000544530,Paket,9,81,90,99
C2,Süt Ürünleri,9,5,11,C2-M09-K05-S11,Lezzet Kaşar Peyniri Küçük,8690000544547,Paket,9,90,99,99
C2,Süt Ürünleri,9,6,1,C2-M09-K06-S01,Günlük Kaşar Peyniri Mini,8690000544554,Paket,8,0,8,96
C2,Süt Ürünleri,9,6,2,C2-M09-K06-S02,Evimiz Kaşar Peyniri Mini,8690000544561,Paket,8,8,16,96
C2,Süt Ürünleri,9,6,3,C2-M09-K06-S03,Doğa Kaşar Peyniri Mini,8690000544578,Paket,8,16,24,96
C2,Süt Ürünleri,9,6,4,C2-M09-K06-S04,Premium Kaşar Peyniri Mini,8690000544585,Paket,8,24,32,96
C2,Süt Ürünleri,9,6,5,C2-M09-K06-S05,Emigro Kaşar Peyniri Mini,8690000544592,Paket,8,32,40,96
C2,Süt Ürünleri,9,6,6,C2-M09-K06-S06,Anadolu Kaşar Peyniri Mini,8690000544608,Paket,8,40,48,96
C2,Süt Ürünleri,9,6,7,C2-M09-K06-S07,Bereket Kaşar Peyniri Mini,8690000544615,Paket,8,48,56,96
C2,Süt Ürünleri,9,6,8,C2-M09-K06-S08,Marmara Kaşar Peyniri Mini,8690000544622,Paket,8,56,64,96
C2,Süt Ürünleri,9,6,9,C2-M09-K06-S09,Usta Kaşar Peyniri Mini,8690000544639,Paket,8,64,72,96
C2,Süt Ürünleri,9,6,10,C2-M09-K06-S10,Lezzet Kaşar Peyniri Mini,8690000544646,Paket,8,72,80,96
C2,Süt Ürünleri,9,6,11,C2-M09-K06-S11,Günlük Kaşar Peyniri Mini,8690000544653,Paket,8,80,88,96
C2,Süt Ürünleri,9,6,12,C2-M09-K06-S12,Evimiz Kaşar Peyniri Mini,8690000544660,Paket,8,88,96,96
C2,Süt Ürünleri,10,1,1,C2-M10-K01-S01,Bereket Tereyağı XL,8690000544677,Paket,11,0,11,99
C2,Süt Ürünleri,10,1,2,C2-M10-K01-S02,Marmara Tereyağı XL,8690000544684,Paket,11,11,22,99
C2,Süt Ürünleri,10,1,3,C2-M10-K01-S03,Usta Tereyağı XL,8690000544691,Paket,11,22,33,99
C2,Süt Ürünleri,10,1,4,C2-M10-K01-S04,Lezzet Tereyağı XL,8690000544707,Paket,11,33,44,99
C2,Süt Ürünleri,10,1,5,C2-M10-K01-S05,Günlük Tereyağı XL,8690000544714,Paket,11,44,55,99
C2,Süt Ürünleri,10,1,6,C2-M10-K01-S06,Evimiz Tereyağı XL,8690000544721,Paket,11,55,66,99
C2,Süt Ürünleri,10,1,7,C2-M10-K01-S07,Doğa Tereyağı XL,8690000544738,Paket,11,66,77,99
C2,Süt Ürünleri,10,1,8,C2-M10-K01-S08,Premium Tereyağı XL,8690000544745,Paket,11,77,88,99
C2,Süt Ürünleri,10,1,9,C2-M10-K01-S09,Emigro Tereyağı XL,8690000544752,Paket,11,88,99,99
C2,Süt Ürünleri,10,2,1,C2-M10-K02-S01,Marmara Tereyağı Büyük,8690000544769,Paket,10,0,10,100
C2,Süt Ürünleri,10,2,2,C2-M10-K02-S02,Usta Tereyağı Büyük,8690000544776,Paket,10,10,20,100
C2,Süt Ürünleri,10,2,3,C2-M10-K02-S03,Lezzet Tereyağı Büyük,8690000544783,Paket,10,20,30,100
C2,Süt Ürünleri,10,2,4,C2-M10-K02-S04,Günlük Tereyağı Büyük,8690000544790,Paket,10,30,40,100
C2,Süt Ürünleri,10,2,5,C2-M10-K02-S05,Evimiz Tereyağı Büyük,8690000544806,Paket,10,40,50,100
C2,Süt Ürünleri,10,2,6,C2-M10-K02-S06,Doğa Tereyağı Büyük,8690000544813,Paket,10,50,60,100
C2,Süt Ürünleri,10,2,7,C2-M10-K02-S07,Premium Tereyağı Büyük,8690000544820,Paket,10,60,70,100
C2,Süt Ürünleri,10,2,8,C2-M10-K02-S08,Emigro Tereyağı Büyük,8690000544837,Paket,10,70,80,100
C2,Süt Ürünleri,10,2,9,C2-M10-K02-S09,Anadolu Tereyağı Büyük,8690000544844,Paket,10,80,90,100
C2,Süt Ürünleri,10,2,10,C2-M10-K02-S10,Bereket Tereyağı Büyük,8690000544851,Paket,10,90,100,100
C2,Süt Ürünleri,10,3,1,C2-M10-K03-S01,Usta Tereyağı Standart,8690000544868,Paket,9,0,9,99
C2,Süt Ürünleri,10,3,2,C2-M10-K03-S02,Lezzet Tereyağı Standart,8690000544875,Paket,9,9,18,99
C2,Süt Ürünleri,10,3,3,C2-M10-K03-S03,Günlük Tereyağı Standart,8690000544882,Paket,9,18,27,99
C2,Süt Ürünleri,10,3,4,C2-M10-K03-S04,Evimiz Tereyağı Standart,8690000544899,Paket,9,27,36,99
C2,Süt Ürünleri,10,3,5,C2-M10-K03-S05,Doğa Tereyağı Standart,8690000544905,Paket,9,36,45,99
C2,Süt Ürünleri,10,3,6,C2-M10-K03-S06,Premium Tereyağı Standart,8690000544912,Paket,9,45,54,99
C2,Süt Ürünleri,10,3,7,C2-M10-K03-S07,Emigro Tereyağı Standart,8690000544929,Paket,9,54,63,99
C2,Süt Ürünleri,10,3,8,C2-M10-K03-S08,Anadolu Tereyağı Standart,8690000544936,Paket,9,63,72,99
C2,Süt Ürünleri,10,3,9,C2-M10-K03-S09,Bereket Tereyağı Standart,8690000544943,Paket,9,72,81,99
C2,Süt Ürünleri,10,3,10,C2-M10-K03-S10,Marmara Tereyağı Standart,8690000544950,Paket,9,81,90,99
C2,Süt Ürünleri,10,3,11,C2-M10-K03-S11,Usta Tereyağı Standart,8690000544967,Paket,9,90,99,99
C2,Süt Ürünleri,10,4,1,C2-M10-K04-S01,Lezzet Tereyağı Orta,8690000544974,Paket,8,0,8,96
C2,Süt Ürünleri,10,4,2,C2-M10-K04-S02,Günlük Tereyağı Orta,8690000544981,Paket,8,8,16,96
C2,Süt Ürünleri,10,4,3,C2-M10-K04-S03,Evimiz Tereyağı Orta,8690000544998,Paket,8,16,24,96
C2,Süt Ürünleri,10,4,4,C2-M10-K04-S04,Doğa Tereyağı Orta,8690000545001,Paket,8,24,32,96
C2,Süt Ürünleri,10,4,5,C2-M10-K04-S05,Premium Tereyağı Orta,8690000545018,Paket,8,32,40,96
C2,Süt Ürünleri,10,4,6,C2-M10-K04-S06,Emigro Tereyağı Orta,8690000545025,Paket,8,40,48,96
C2,Süt Ürünleri,10,4,7,C2-M10-K04-S07,Anadolu Tereyağı Orta,8690000545032,Paket,8,48,56,96
C2,Süt Ürünleri,10,4,8,C2-M10-K04-S08,Bereket Tereyağı Orta,8690000545049,Paket,8,56,64,96
C2,Süt Ürünleri,10,4,9,C2-M10-K04-S09,Marmara Tereyağı Orta,8690000545056,Paket,8,64,72,96
C2,Süt Ürünleri,10,4,10,C2-M10-K04-S10,Usta Tereyağı Orta,8690000545063,Paket,8,72,80,96
C2,Süt Ürünleri,10,4,11,C2-M10-K04-S11,Lezzet Tereyağı Orta,8690000545070,Paket,8,80,88,96
C2,Süt Ürünleri,10,4,12,C2-M10-K04-S12,Günlük Tereyağı Orta,8690000545087,Paket,8,88,96,96
C2,Süt Ürünleri,10,5,1,C2-M10-K05-S01,Günlük Tereyağı Küçük,8690000545094,Paket,7,0,7,98
C2,Süt Ürünleri,10,5,2,C2-M10-K05-S02,Evimiz Tereyağı Küçük,8690000545100,Paket,7,7,14,98
C2,Süt Ürünleri,10,5,3,C2-M10-K05-S03,Doğa Tereyağı Küçük,8690000545117,Paket,7,14,21,98
C2,Süt Ürünleri,10,5,4,C2-M10-K05-S04,Premium Tereyağı Küçük,8690000545124,Paket,7,21,28,98
C2,Süt Ürünleri,10,5,5,C2-M10-K05-S05,Emigro Tereyağı Küçük,8690000545131,Paket,7,28,35,98
C2,Süt Ürünleri,10,5,6,C2-M10-K05-S06,Anadolu Tereyağı Küçük,8690000545148,Paket,7,35,42,98
C2,Süt Ürünleri,10,5,7,C2-M10-K05-S07,Bereket Tereyağı Küçük,8690000545155,Paket,7,42,49,98
C2,Süt Ürünleri,10,5,8,C2-M10-K05-S08,Marmara Tereyağı Küçük,8690000545162,Paket,7,49,56,98
C2,Süt Ürünleri,10,5,9,C2-M10-K05-S09,Usta Tereyağı Küçük,8690000545179,Paket,7,56,63,98
C2,Süt Ürünleri,10,5,10,C2-M10-K05-S10,Lezzet Tereyağı Küçük,8690000545186,Paket,7,63,70,98
C2,Süt Ürünleri,10,5,11,C2-M10-K05-S11,Günlük Tereyağı Küçük,8690000545193,Paket,7,70,77,98
C2,Süt Ürünleri,10,5,12,C2-M10-K05-S12,Evimiz Tereyağı Küçük,8690000545209,Paket,7,77,84,98
C2,Süt Ürünleri,10,5,13,C2-M10-K05-S13,Doğa Tereyağı Küçük,8690000545216,Paket,7,84,91,98
C2,Süt Ürünleri,10,5,14,C2-M10-K05-S14,Premium Tereyağı Küçük,8690000545223,Paket,7,91,98,98
C2,Süt Ürünleri,10,6,1,C2-M10-K06-S01,Evimiz Tereyağı Mini,8690000545230,Paket,6,0,6,96
C2,Süt Ürünleri,10,6,2,C2-M10-K06-S02,Doğa Tereyağı Mini,8690000545247,Paket,6,6,12,96
C2,Süt Ürünleri,10,6,3,C2-M10-K06-S03,Premium Tereyağı Mini,8690000545254,Paket,6,12,18,96
C2,Süt Ürünleri,10,6,4,C2-M10-K06-S04,Emigro Tereyağı Mini,8690000545261,Paket,6,18,24,96
C2,Süt Ürünleri,10,6,5,C2-M10-K06-S05,Anadolu Tereyağı Mini,8690000545278,Paket,6,24,30,96
C2,Süt Ürünleri,10,6,6,C2-M10-K06-S06,Bereket Tereyağı Mini,8690000545285,Paket,6,30,36,96
C2,Süt Ürünleri,10,6,7,C2-M10-K06-S07,Marmara Tereyağı Mini,8690000545292,Paket,6,36,42,96
C2,Süt Ürünleri,10,6,8,C2-M10-K06-S08,Usta Tereyağı Mini,8690000545308,Paket,6,42,48,96
C2,Süt Ürünleri,10,6,9,C2-M10-K06-S09,Lezzet Tereyağı Mini,8690000545315,Paket,6,48,54,96
C2,Süt Ürünleri,10,6,10,C2-M10-K06-S10,Günlük Tereyağı Mini,8690000545322,Paket,6,54,60,96
C2,Süt Ürünleri,10,6,11,C2-M10-K06-S11,Evimiz Tereyağı Mini,8690000545339,Paket,6,60,66,96
C2,Süt Ürünleri,10,6,12,C2-M10-K06-S12,Doğa Tereyağı Mini,8690000545346,Paket,6,66,72,96
C2,Süt Ürünleri,10,6,13,C2-M10-K06-S13,Premium Tereyağı Mini,8690000545353,Paket,6,72,78,96
C2,Süt Ürünleri,10,6,14,C2-M10-K06-S14,Emigro Tereyağı Mini,8690000545360,Paket,6,78,84,96
C2,Süt Ürünleri,10,6,15,C2-M10-K06-S15,Anadolu Tereyağı Mini,8690000545377,Paket,6,84,90,96
C2,Süt Ürünleri,10,6,16,C2-M10-K06-S16,Bereket Tereyağı Mini,8690000545384,Paket,6,90,96,96
D1,Kahvaltılık,1,1,1,D1-M01-K01-S01,Marmara Çilek Reçeli XL,8690000545391,Kavanoz,10,0,10,100
D1,Kahvaltılık,1,1,2,D1-M01-K01-S02,Usta Çilek Reçeli XL,8690000545407,Kavanoz,10,10,20,100
D1,Kahvaltılık,1,1,3,D1-M01-K01-S03,Lezzet Çilek Reçeli XL,8690000545414,Kavanoz,10,20,30,100
D1,Kahvaltılık,1,1,4,D1-M01-K01-S04,Günlük Çilek Reçeli XL,8690000545421,Kavanoz,10,30,40,100
D1,Kahvaltılık,1,1,5,D1-M01-K01-S05,Evimiz Çilek Reçeli XL,8690000545438,Kavanoz,10,40,50,100
D1,Kahvaltılık,1,1,6,D1-M01-K01-S06,Doğa Çilek Reçeli XL,8690000545445,Kavanoz,10,50,60,100
D1,Kahvaltılık,1,1,7,D1-M01-K01-S07,Premium Çilek Reçeli XL,8690000545452,Kavanoz,10,60,70,100
D1,Kahvaltılık,1,1,8,D1-M01-K01-S08,Emigro Çilek Reçeli XL,8690000545469,Kavanoz,10,70,80,100
D1,Kahvaltılık,1,1,9,D1-M01-K01-S09,Anadolu Çilek Reçeli XL,8690000545476,Kavanoz,10,80,90,100
D1,Kahvaltılık,1,1,10,D1-M01-K01-S10,Bereket Çilek Reçeli XL,8690000545483,Kavanoz,10,90,100,100
D1,Kahvaltılık,1,2,1,D1-M01-K02-S01,Usta Çilek Reçeli Büyük,8690000545490,Kavanoz,9,0,9,99
D1,Kahvaltılık,1,2,2,D1-M01-K02-S02,Lezzet Çilek Reçeli Büyük,8690000545506,Kavanoz,9,9,18,99
D1,Kahvaltılık,1,2,3,D1-M01-K02-S03,Günlük Çilek Reçeli Büyük,8690000545513,Kavanoz,9,18,27,99
D1,Kahvaltılık,1,2,4,D1-M01-K02-S04,Evimiz Çilek Reçeli Büyük,8690000545520,Kavanoz,9,27,36,99
D1,Kahvaltılık,1,2,5,D1-M01-K02-S05,Doğa Çilek Reçeli Büyük,8690000545537,Kavanoz,9,36,45,99
D1,Kahvaltılık,1,2,6,D1-M01-K02-S06,Premium Çilek Reçeli Büyük,8690000545544,Kavanoz,9,45,54,99
D1,Kahvaltılık,1,2,7,D1-M01-K02-S07,Emigro Çilek Reçeli Büyük,8690000545551,Kavanoz,9,54,63,99
D1,Kahvaltılık,1,2,8,D1-M01-K02-S08,Anadolu Çilek Reçeli Büyük,8690000545568,Kavanoz,9,63,72,99
D1,Kahvaltılık,1,2,9,D1-M01-K02-S09,Bereket Çilek Reçeli Büyük,8690000545575,Kavanoz,9,72,81,99
D1,Kahvaltılık,1,2,10,D1-M01-K02-S10,Marmara Çilek Reçeli Büyük,8690000545582,Kavanoz,9,81,90,99
D1,Kahvaltılık,1,2,11,D1-M01-K02-S11,Usta Çilek Reçeli Büyük,8690000545599,Kavanoz,9,90,99,99
D1,Kahvaltılık,1,3,1,D1-M01-K03-S01,Lezzet Çilek Reçeli Standart,8690000545605,Kavanoz,8,0,8,96
D1,Kahvaltılık,1,3,2,D1-M01-K03-S02,Günlük Çilek Reçeli Standart,8690000545612,Kavanoz,8,8,16,96
D1,Kahvaltılık,1,3,3,D1-M01-K03-S03,Evimiz Çilek Reçeli Standart,8690000545629,Kavanoz,8,16,24,96
D1,Kahvaltılık,1,3,4,D1-M01-K03-S04,Doğa Çilek Reçeli Standart,8690000545636,Kavanoz,8,24,32,96
D1,Kahvaltılık,1,3,5,D1-M01-K03-S05,Premium Çilek Reçeli Standart,8690000545643,Kavanoz,8,32,40,96
D1,Kahvaltılık,1,3,6,D1-M01-K03-S06,Emigro Çilek Reçeli Standart,8690000545650,Kavanoz,8,40,48,96
D1,Kahvaltılık,1,3,7,D1-M01-K03-S07,Anadolu Çilek Reçeli Standart,8690000545667,Kavanoz,8,48,56,96
D1,Kahvaltılık,1,3,8,D1-M01-K03-S08,Bereket Çilek Reçeli Standart,8690000545674,Kavanoz,8,56,64,96
D1,Kahvaltılık,1,3,9,D1-M01-K03-S09,Marmara Çilek Reçeli Standart,8690000545681,Kavanoz,8,64,72,96
D1,Kahvaltılık,1,3,10,D1-M01-K03-S10,Usta Çilek Reçeli Standart,8690000545698,Kavanoz,8,72,80,96
D1,Kahvaltılık,1,3,11,D1-M01-K03-S11,Lezzet Çilek Reçeli Standart,8690000545704,Kavanoz,8,80,88,96
D1,Kahvaltılık,1,3,12,D1-M01-K03-S12,Günlük Çilek Reçeli Standart,8690000545711,Kavanoz,8,88,96,96
D1,Kahvaltılık,1,4,1,D1-M01-K04-S01,Günlük Çilek Reçeli Orta,8690000545728,Kavanoz,7,0,7,98
D1,Kahvaltılık,1,4,2,D1-M01-K04-S02,Evimiz Çilek Reçeli Orta,8690000545735,Kavanoz,7,7,14,98
D1,Kahvaltılık,1,4,3,D1-M01-K04-S03,Doğa Çilek Reçeli Orta,8690000545742,Kavanoz,7,14,21,98
D1,Kahvaltılık,1,4,4,D1-M01-K04-S04,Premium Çilek Reçeli Orta,8690000545759,Kavanoz,7,21,28,98
D1,Kahvaltılık,1,4,5,D1-M01-K04-S05,Emigro Çilek Reçeli Orta,8690000545766,Kavanoz,7,28,35,98
D1,Kahvaltılık,1,4,6,D1-M01-K04-S06,Anadolu Çilek Reçeli Orta,8690000545773,Kavanoz,7,35,42,98
D1,Kahvaltılık,1,4,7,D1-M01-K04-S07,Bereket Çilek Reçeli Orta,8690000545780,Kavanoz,7,42,49,98
D1,Kahvaltılık,1,4,8,D1-M01-K04-S08,Marmara Çilek Reçeli Orta,8690000545797,Kavanoz,7,49,56,98
D1,Kahvaltılık,1,4,9,D1-M01-K04-S09,Usta Çilek Reçeli Orta,8690000545803,Kavanoz,7,56,63,98
D1,Kahvaltılık,1,4,10,D1-M01-K04-S10,Lezzet Çilek Reçeli Orta,8690000545810,Kavanoz,7,63,70,98
D1,Kahvaltılık,1,4,11,D1-M01-K04-S11,Günlük Çilek Reçeli Orta,8690000545827,Kavanoz,7,70,77,98
D1,Kahvaltılık,1,4,12,D1-M01-K04-S12,Evimiz Çilek Reçeli Orta,8690000545834,Kavanoz,7,77,84,98
D1,Kahvaltılık,1,4,13,D1-M01-K04-S13,Doğa Çilek Reçeli Orta,8690000545841,Kavanoz,7,84,91,98
D1,Kahvaltılık,1,4,14,D1-M01-K04-S14,Premium Çilek Reçeli Orta,8690000545858,Kavanoz,7,91,98,98
D1,Kahvaltılık,1,5,1,D1-M01-K05-S01,Evimiz Çilek Reçeli Küçük,8690000545865,Kavanoz,6,0,6,96
D1,Kahvaltılık,1,5,2,D1-M01-K05-S02,Doğa Çilek Reçeli Küçük,8690000545872,Kavanoz,6,6,12,96
D1,Kahvaltılık,1,5,3,D1-M01-K05-S03,Premium Çilek Reçeli Küçük,8690000545889,Kavanoz,6,12,18,96
D1,Kahvaltılık,1,5,4,D1-M01-K05-S04,Emigro Çilek Reçeli Küçük,8690000545896,Kavanoz,6,18,24,96
D1,Kahvaltılık,1,5,5,D1-M01-K05-S05,Anadolu Çilek Reçeli Küçük,8690000545902,Kavanoz,6,24,30,96
D1,Kahvaltılık,1,5,6,D1-M01-K05-S06,Bereket Çilek Reçeli Küçük,8690000545919,Kavanoz,6,30,36,96
D1,Kahvaltılık,1,5,7,D1-M01-K05-S07,Marmara Çilek Reçeli Küçük,8690000545926,Kavanoz,6,36,42,96
D1,Kahvaltılık,1,5,8,D1-M01-K05-S08,Usta Çilek Reçeli Küçük,8690000545933,Kavanoz,6,42,48,96
D1,Kahvaltılık,1,5,9,D1-M01-K05-S09,Lezzet Çilek Reçeli Küçük,8690000545940,Kavanoz,6,48,54,96
D1,Kahvaltılık,1,5,10,D1-M01-K05-S10,Günlük Çilek Reçeli Küçük,8690000545957,Kavanoz,6,54,60,96
D1,Kahvaltılık,1,5,11,D1-M01-K05-S11,Evimiz Çilek Reçeli Küçük,8690000545964,Kavanoz,6,60,66,96
D1,Kahvaltılık,1,5,12,D1-M01-K05-S12,Doğa Çilek Reçeli Küçük,8690000545971,Kavanoz,6,66,72,96
D1,Kahvaltılık,1,5,13,D1-M01-K05-S13,Premium Çilek Reçeli Küçük,8690000545988,Kavanoz,6,72,78,96
D1,Kahvaltılık,1,5,14,D1-M01-K05-S14,Emigro Çilek Reçeli Küçük,8690000545995,Kavanoz,6,78,84,96
D1,Kahvaltılık,1,5,15,D1-M01-K05-S15,Anadolu Çilek Reçeli Küçük,8690000546008,Kavanoz,6,84,90,96
D1,Kahvaltılık,1,5,16,D1-M01-K05-S16,Bereket Çilek Reçeli Küçük,8690000546015,Kavanoz,6,90,96,96
D1,Kahvaltılık,1,6,1,D1-M01-K06-S01,Doğa Çilek Reçeli Mini,8690000546022,Kavanoz,6,0,6,96
D1,Kahvaltılık,1,6,2,D1-M01-K06-S02,Premium Çilek Reçeli Mini,8690000546039,Kavanoz,6,6,12,96
D1,Kahvaltılık,1,6,3,D1-M01-K06-S03,Emigro Çilek Reçeli Mini,8690000546046,Kavanoz,6,12,18,96
D1,Kahvaltılık,1,6,4,D1-M01-K06-S04,Anadolu Çilek Reçeli Mini,8690000546053,Kavanoz,6,18,24,96
D1,Kahvaltılık,1,6,5,D1-M01-K06-S05,Bereket Çilek Reçeli Mini,8690000546060,Kavanoz,6,24,30,96
D1,Kahvaltılık,1,6,6,D1-M01-K06-S06,Marmara Çilek Reçeli Mini,8690000546077,Kavanoz,6,30,36,96
D1,Kahvaltılık,1,6,7,D1-M01-K06-S07,Usta Çilek Reçeli Mini,8690000546084,Kavanoz,6,36,42,96
D1,Kahvaltılık,1,6,8,D1-M01-K06-S08,Lezzet Çilek Reçeli Mini,8690000546091,Kavanoz,6,42,48,96
D1,Kahvaltılık,1,6,9,D1-M01-K06-S09,Günlük Çilek Reçeli Mini,8690000546107,Kavanoz,6,48,54,96
D1,Kahvaltılık,1,6,10,D1-M01-K06-S10,Evimiz Çilek Reçeli Mini,8690000546114,Kavanoz,6,54,60,96
D1,Kahvaltılık,1,6,11,D1-M01-K06-S11,Doğa Çilek Reçeli Mini,8690000546121,Kavanoz,6,60,66,96
D1,Kahvaltılık,1,6,12,D1-M01-K06-S12,Premium Çilek Reçeli Mini,8690000546138,Kavanoz,6,66,72,96
D1,Kahvaltılık,1,6,13,D1-M01-K06-S13,Emigro Çilek Reçeli Mini,8690000546145,Kavanoz,6,72,78,96
D1,Kahvaltılık,1,6,14,D1-M01-K06-S14,Anadolu Çilek Reçeli Mini,8690000546152,Kavanoz,6,78,84,96
D1,Kahvaltılık,1,6,15,D1-M01-K06-S15,Bereket Çilek Reçeli Mini,8690000546169,Kavanoz,6,84,90,96
D1,Kahvaltılık,1,6,16,D1-M01-K06-S16,Marmara Çilek Reçeli Mini,8690000546176,Kavanoz,6,90,96,96
D1,Kahvaltılık,2,1,1,D1-M02-K01-S01,Usta Vişne Reçeli XL,8690000546183,Kavanoz,10,0,10,100
D1,Kahvaltılık,2,1,2,D1-M02-K01-S02,Lezzet Vişne Reçeli XL,8690000546190,Kavanoz,10,10,20,100
D1,Kahvaltılık,2,1,3,D1-M02-K01-S03,Günlük Vişne Reçeli XL,8690000546206,Kavanoz,10,20,30,100
D1,Kahvaltılık,2,1,4,D1-M02-K01-S04,Evimiz Vişne Reçeli XL,8690000546213,Kavanoz,10,30,40,100
D1,Kahvaltılık,2,1,5,D1-M02-K01-S05,Doğa Vişne Reçeli XL,8690000546220,Kavanoz,10,40,50,100
D1,Kahvaltılık,2,1,6,D1-M02-K01-S06,Premium Vişne Reçeli XL,8690000546237,Kavanoz,10,50,60,100
D1,Kahvaltılık,2,1,7,D1-M02-K01-S07,Emigro Vişne Reçeli XL,8690000546244,Kavanoz,10,60,70,100
D1,Kahvaltılık,2,1,8,D1-M02-K01-S08,Anadolu Vişne Reçeli XL,8690000546251,Kavanoz,10,70,80,100
D1,Kahvaltılık,2,1,9,D1-M02-K01-S09,Bereket Vişne Reçeli XL,8690000546268,Kavanoz,10,80,90,100
D1,Kahvaltılık,2,1,10,D1-M02-K01-S10,Marmara Vişne Reçeli XL,8690000546275,Kavanoz,10,90,100,100
D1,Kahvaltılık,2,2,1,D1-M02-K02-S01,Lezzet Vişne Reçeli Büyük,8690000546282,Kavanoz,9,0,9,99
D1,Kahvaltılık,2,2,2,D1-M02-K02-S02,Günlük Vişne Reçeli Büyük,8690000546299,Kavanoz,9,9,18,99
D1,Kahvaltılık,2,2,3,D1-M02-K02-S03,Evimiz Vişne Reçeli Büyük,8690000546305,Kavanoz,9,18,27,99
D1,Kahvaltılık,2,2,4,D1-M02-K02-S04,Doğa Vişne Reçeli Büyük,8690000546312,Kavanoz,9,27,36,99
D1,Kahvaltılık,2,2,5,D1-M02-K02-S05,Premium Vişne Reçeli Büyük,8690000546329,Kavanoz,9,36,45,99
D1,Kahvaltılık,2,2,6,D1-M02-K02-S06,Emigro Vişne Reçeli Büyük,8690000546336,Kavanoz,9,45,54,99
D1,Kahvaltılık,2,2,7,D1-M02-K02-S07,Anadolu Vişne Reçeli Büyük,8690000546343,Kavanoz,9,54,63,99
D1,Kahvaltılık,2,2,8,D1-M02-K02-S08,Bereket Vişne Reçeli Büyük,8690000546350,Kavanoz,9,63,72,99
D1,Kahvaltılık,2,2,9,D1-M02-K02-S09,Marmara Vişne Reçeli Büyük,8690000546367,Kavanoz,9,72,81,99
D1,Kahvaltılık,2,2,10,D1-M02-K02-S10,Usta Vişne Reçeli Büyük,8690000546374,Kavanoz,9,81,90,99
D1,Kahvaltılık,2,2,11,D1-M02-K02-S11,Lezzet Vişne Reçeli Büyük,8690000546381,Kavanoz,9,90,99,99
D1,Kahvaltılık,2,3,1,D1-M02-K03-S01,Günlük Vişne Reçeli Standart,8690000546398,Kavanoz,8,0,8,96
D1,Kahvaltılık,2,3,2,D1-M02-K03-S02,Evimiz Vişne Reçeli Standart,8690000546404,Kavanoz,8,8,16,96
D1,Kahvaltılık,2,3,3,D1-M02-K03-S03,Doğa Vişne Reçeli Standart,8690000546411,Kavanoz,8,16,24,96
D1,Kahvaltılık,2,3,4,D1-M02-K03-S04,Premium Vişne Reçeli Standart,8690000546428,Kavanoz,8,24,32,96
D1,Kahvaltılık,2,3,5,D1-M02-K03-S05,Emigro Vişne Reçeli Standart,8690000546435,Kavanoz,8,32,40,96
D1,Kahvaltılık,2,3,6,D1-M02-K03-S06,Anadolu Vişne Reçeli Standart,8690000546442,Kavanoz,8,40,48,96
D1,Kahvaltılık,2,3,7,D1-M02-K03-S07,Bereket Vişne Reçeli Standart,8690000546459,Kavanoz,8,48,56,96
D1,Kahvaltılık,2,3,8,D1-M02-K03-S08,Marmara Vişne Reçeli Standart,8690000546466,Kavanoz,8,56,64,96
D1,Kahvaltılık,2,3,9,D1-M02-K03-S09,Usta Vişne Reçeli Standart,8690000546473,Kavanoz,8,64,72,96
D1,Kahvaltılık,2,3,10,D1-M02-K03-S10,Lezzet Vişne Reçeli Standart,8690000546480,Kavanoz,8,72,80,96
D1,Kahvaltılık,2,3,11,D1-M02-K03-S11,Günlük Vişne Reçeli Standart,8690000546497,Kavanoz,8,80,88,96
D1,Kahvaltılık,2,3,12,D1-M02-K03-S12,Evimiz Vişne Reçeli Standart,8690000546503,Kavanoz,8,88,96,96
D1,Kahvaltılık,2,4,1,D1-M02-K04-S01,Evimiz Vişne Reçeli Orta,8690000546510,Kavanoz,7,0,7,98
D1,Kahvaltılık,2,4,2,D1-M02-K04-S02,Doğa Vişne Reçeli Orta,8690000546527,Kavanoz,7,7,14,98
D1,Kahvaltılık,2,4,3,D1-M02-K04-S03,Premium Vişne Reçeli Orta,8690000546534,Kavanoz,7,14,21,98
D1,Kahvaltılık,2,4,4,D1-M02-K04-S04,Emigro Vişne Reçeli Orta,8690000546541,Kavanoz,7,21,28,98
D1,Kahvaltılık,2,4,5,D1-M02-K04-S05,Anadolu Vişne Reçeli Orta,8690000546558,Kavanoz,7,28,35,98
D1,Kahvaltılık,2,4,6,D1-M02-K04-S06,Bereket Vişne Reçeli Orta,8690000546565,Kavanoz,7,35,42,98
D1,Kahvaltılık,2,4,7,D1-M02-K04-S07,Marmara Vişne Reçeli Orta,8690000546572,Kavanoz,7,42,49,98
D1,Kahvaltılık,2,4,8,D1-M02-K04-S08,Usta Vişne Reçeli Orta,8690000546589,Kavanoz,7,49,56,98
D1,Kahvaltılık,2,4,9,D1-M02-K04-S09,Lezzet Vişne Reçeli Orta,8690000546596,Kavanoz,7,56,63,98
D1,Kahvaltılık,2,4,10,D1-M02-K04-S10,Günlük Vişne Reçeli Orta,8690000546602,Kavanoz,7,63,70,98
D1,Kahvaltılık,2,4,11,D1-M02-K04-S11,Evimiz Vişne Reçeli Orta,8690000546619,Kavanoz,7,70,77,98
D1,Kahvaltılık,2,4,12,D1-M02-K04-S12,Doğa Vişne Reçeli Orta,8690000546626,Kavanoz,7,77,84,98
D1,Kahvaltılık,2,4,13,D1-M02-K04-S13,Premium Vişne Reçeli Orta,8690000546633,Kavanoz,7,84,91,98
D1,Kahvaltılık,2,4,14,D1-M02-K04-S14,Emigro Vişne Reçeli Orta,8690000546640,Kavanoz,7,91,98,98
D1,Kahvaltılık,2,5,1,D1-M02-K05-S01,Doğa Vişne Reçeli Küçük,8690000546657,Kavanoz,6,0,6,96
D1,Kahvaltılık,2,5,2,D1-M02-K05-S02,Premium Vişne Reçeli Küçük,8690000546664,Kavanoz,6,6,12,96
D1,Kahvaltılık,2,5,3,D1-M02-K05-S03,Emigro Vişne Reçeli Küçük,8690000546671,Kavanoz,6,12,18,96
D1,Kahvaltılık,2,5,4,D1-M02-K05-S04,Anadolu Vişne Reçeli Küçük,8690000546688,Kavanoz,6,18,24,96
D1,Kahvaltılık,2,5,5,D1-M02-K05-S05,Bereket Vişne Reçeli Küçük,8690000546695,Kavanoz,6,24,30,96
D1,Kahvaltılık,2,5,6,D1-M02-K05-S06,Marmara Vişne Reçeli Küçük,8690000546701,Kavanoz,6,30,36,96
D1,Kahvaltılık,2,5,7,D1-M02-K05-S07,Usta Vişne Reçeli Küçük,8690000546718,Kavanoz,6,36,42,96
D1,Kahvaltılık,2,5,8,D1-M02-K05-S08,Lezzet Vişne Reçeli Küçük,8690000546725,Kavanoz,6,42,48,96
D1,Kahvaltılık,2,5,9,D1-M02-K05-S09,Günlük Vişne Reçeli Küçük,8690000546732,Kavanoz,6,48,54,96
D1,Kahvaltılık,2,5,10,D1-M02-K05-S10,Evimiz Vişne Reçeli Küçük,8690000546749,Kavanoz,6,54,60,96
D1,Kahvaltılık,2,5,11,D1-M02-K05-S11,Doğa Vişne Reçeli Küçük,8690000546756,Kavanoz,6,60,66,96
D1,Kahvaltılık,2,5,12,D1-M02-K05-S12,Premium Vişne Reçeli Küçük,8690000546763,Kavanoz,6,66,72,96
D1,Kahvaltılık,2,5,13,D1-M02-K05-S13,Emigro Vişne Reçeli Küçük,8690000546770,Kavanoz,6,72,78,96
D1,Kahvaltılık,2,5,14,D1-M02-K05-S14,Anadolu Vişne Reçeli Küçük,8690000546787,Kavanoz,6,78,84,96
D1,Kahvaltılık,2,5,15,D1-M02-K05-S15,Bereket Vişne Reçeli Küçük,8690000546794,Kavanoz,6,84,90,96
D1,Kahvaltılık,2,5,16,D1-M02-K05-S16,Marmara Vişne Reçeli Küçük,8690000546800,Kavanoz,6,90,96,96
D1,Kahvaltılık,2,6,1,D1-M02-K06-S01,Premium Vişne Reçeli Mini,8690000546817,Kavanoz,6,0,6,96
D1,Kahvaltılık,2,6,2,D1-M02-K06-S02,Emigro Vişne Reçeli Mini,8690000546824,Kavanoz,6,6,12,96
D1,Kahvaltılık,2,6,3,D1-M02-K06-S03,Anadolu Vişne Reçeli Mini,8690000546831,Kavanoz,6,12,18,96
D1,Kahvaltılık,2,6,4,D1-M02-K06-S04,Bereket Vişne Reçeli Mini,8690000546848,Kavanoz,6,18,24,96
D1,Kahvaltılık,2,6,5,D1-M02-K06-S05,Marmara Vişne Reçeli Mini,8690000546855,Kavanoz,6,24,30,96
D1,Kahvaltılık,2,6,6,D1-M02-K06-S06,Usta Vişne Reçeli Mini,8690000546862,Kavanoz,6,30,36,96
D1,Kahvaltılık,2,6,7,D1-M02-K06-S07,Lezzet Vişne Reçeli Mini,8690000546879,Kavanoz,6,36,42,96
D1,Kahvaltılık,2,6,8,D1-M02-K06-S08,Günlük Vişne Reçeli Mini,8690000546886,Kavanoz,6,42,48,96
D1,Kahvaltılık,2,6,9,D1-M02-K06-S09,Evimiz Vişne Reçeli Mini,8690000546893,Kavanoz,6,48,54,96
D1,Kahvaltılık,2,6,10,D1-M02-K06-S10,Doğa Vişne Reçeli Mini,8690000546909,Kavanoz,6,54,60,96
D1,Kahvaltılık,2,6,11,D1-M02-K06-S11,Premium Vişne Reçeli Mini,8690000546916,Kavanoz,6,60,66,96
D1,Kahvaltılık,2,6,12,D1-M02-K06-S12,Emigro Vişne Reçeli Mini,8690000546923,Kavanoz,6,66,72,96
D1,Kahvaltılık,2,6,13,D1-M02-K06-S13,Anadolu Vişne Reçeli Mini,8690000546930,Kavanoz,6,72,78,96
D1,Kahvaltılık,2,6,14,D1-M02-K06-S14,Bereket Vişne Reçeli Mini,8690000546947,Kavanoz,6,78,84,96
D1,Kahvaltılık,2,6,15,D1-M02-K06-S15,Marmara Vişne Reçeli Mini,8690000546954,Kavanoz,6,84,90,96
D1,Kahvaltılık,2,6,16,D1-M02-K06-S16,Usta Vişne Reçeli Mini,8690000546961,Kavanoz,6,90,96,96
D1,Kahvaltılık,3,1,1,D1-M03-K01-S01,Lezzet Kayısı Reçeli XL,8690000546978,Kavanoz,10,0,10,100
D1,Kahvaltılık,3,1,2,D1-M03-K01-S02,Günlük Kayısı Reçeli XL,8690000546985,Kavanoz,10,10,20,100
D1,Kahvaltılık,3,1,3,D1-M03-K01-S03,Evimiz Kayısı Reçeli XL,8690000546992,Kavanoz,10,20,30,100
D1,Kahvaltılık,3,1,4,D1-M03-K01-S04,Doğa Kayısı Reçeli XL,8690000547005,Kavanoz,10,30,40,100
D1,Kahvaltılık,3,1,5,D1-M03-K01-S05,Premium Kayısı Reçeli XL,8690000547012,Kavanoz,10,40,50,100
D1,Kahvaltılık,3,1,6,D1-M03-K01-S06,Emigro Kayısı Reçeli XL,8690000547029,Kavanoz,10,50,60,100
D1,Kahvaltılık,3,1,7,D1-M03-K01-S07,Anadolu Kayısı Reçeli XL,8690000547036,Kavanoz,10,60,70,100
D1,Kahvaltılık,3,1,8,D1-M03-K01-S08,Bereket Kayısı Reçeli XL,8690000547043,Kavanoz,10,70,80,100
D1,Kahvaltılık,3,1,9,D1-M03-K01-S09,Marmara Kayısı Reçeli XL,8690000547050,Kavanoz,10,80,90,100
D1,Kahvaltılık,3,1,10,D1-M03-K01-S10,Usta Kayısı Reçeli XL,8690000547067,Kavanoz,10,90,100,100
D1,Kahvaltılık,3,2,1,D1-M03-K02-S01,Günlük Kayısı Reçeli Büyük,8690000547074,Kavanoz,9,0,9,99
D1,Kahvaltılık,3,2,2,D1-M03-K02-S02,Evimiz Kayısı Reçeli Büyük,8690000547081,Kavanoz,9,9,18,99
D1,Kahvaltılık,3,2,3,D1-M03-K02-S03,Doğa Kayısı Reçeli Büyük,8690000547098,Kavanoz,9,18,27,99
D1,Kahvaltılık,3,2,4,D1-M03-K02-S04,Premium Kayısı Reçeli Büyük,8690000547104,Kavanoz,9,27,36,99
D1,Kahvaltılık,3,2,5,D1-M03-K02-S05,Emigro Kayısı Reçeli Büyük,8690000547111,Kavanoz,9,36,45,99
D1,Kahvaltılık,3,2,6,D1-M03-K02-S06,Anadolu Kayısı Reçeli Büyük,8690000547128,Kavanoz,9,45,54,99
D1,Kahvaltılık,3,2,7,D1-M03-K02-S07,Bereket Kayısı Reçeli Büyük,8690000547135,Kavanoz,9,54,63,99
D1,Kahvaltılık,3,2,8,D1-M03-K02-S08,Marmara Kayısı Reçeli Büyük,8690000547142,Kavanoz,9,63,72,99
D1,Kahvaltılık,3,2,9,D1-M03-K02-S09,Usta Kayısı Reçeli Büyük,8690000547159,Kavanoz,9,72,81,99
D1,Kahvaltılık,3,2,10,D1-M03-K02-S10,Lezzet Kayısı Reçeli Büyük,8690000547166,Kavanoz,9,81,90,99
D1,Kahvaltılık,3,2,11,D1-M03-K02-S11,Günlük Kayısı Reçeli Büyük,8690000547173,Kavanoz,9,90,99,99
D1,Kahvaltılık,3,3,1,D1-M03-K03-S01,Evimiz Kayısı Reçeli Standart,8690000547180,Kavanoz,8,0,8,96
D1,Kahvaltılık,3,3,2,D1-M03-K03-S02,Doğa Kayısı Reçeli Standart,8690000547197,Kavanoz,8,8,16,96
D1,Kahvaltılık,3,3,3,D1-M03-K03-S03,Premium Kayısı Reçeli Standart,8690000547203,Kavanoz,8,16,24,96
D1,Kahvaltılık,3,3,4,D1-M03-K03-S04,Emigro Kayısı Reçeli Standart,8690000547210,Kavanoz,8,24,32,96
D1,Kahvaltılık,3,3,5,D1-M03-K03-S05,Anadolu Kayısı Reçeli Standart,8690000547227,Kavanoz,8,32,40,96
D1,Kahvaltılık,3,3,6,D1-M03-K03-S06,Bereket Kayısı Reçeli Standart,8690000547234,Kavanoz,8,40,48,96
D1,Kahvaltılık,3,3,7,D1-M03-K03-S07,Marmara Kayısı Reçeli Standart,8690000547241,Kavanoz,8,48,56,96
D1,Kahvaltılık,3,3,8,D1-M03-K03-S08,Usta Kayısı Reçeli Standart,8690000547258,Kavanoz,8,56,64,96
D1,Kahvaltılık,3,3,9,D1-M03-K03-S09,Lezzet Kayısı Reçeli Standart,8690000547265,Kavanoz,8,64,72,96
D1,Kahvaltılık,3,3,10,D1-M03-K03-S10,Günlük Kayısı Reçeli Standart,8690000547272,Kavanoz,8,72,80,96
D1,Kahvaltılık,3,3,11,D1-M03-K03-S11,Evimiz Kayısı Reçeli Standart,8690000547289,Kavanoz,8,80,88,96
D1,Kahvaltılık,3,3,12,D1-M03-K03-S12,Doğa Kayısı Reçeli Standart,8690000547296,Kavanoz,8,88,96,96
D1,Kahvaltılık,3,4,1,D1-M03-K04-S01,Doğa Kayısı Reçeli Orta,8690000547302,Kavanoz,7,0,7,98
D1,Kahvaltılık,3,4,2,D1-M03-K04-S02,Premium Kayısı Reçeli Orta,8690000547319,Kavanoz,7,7,14,98
D1,Kahvaltılık,3,4,3,D1-M03-K04-S03,Emigro Kayısı Reçeli Orta,8690000547326,Kavanoz,7,14,21,98
D1,Kahvaltılık,3,4,4,D1-M03-K04-S04,Anadolu Kayısı Reçeli Orta,8690000547333,Kavanoz,7,21,28,98
D1,Kahvaltılık,3,4,5,D1-M03-K04-S05,Bereket Kayısı Reçeli Orta,8690000547340,Kavanoz,7,28,35,98
D1,Kahvaltılık,3,4,6,D1-M03-K04-S06,Marmara Kayısı Reçeli Orta,8690000547357,Kavanoz,7,35,42,98
D1,Kahvaltılık,3,4,7,D1-M03-K04-S07,Usta Kayısı Reçeli Orta,8690000547364,Kavanoz,7,42,49,98
D1,Kahvaltılık,3,4,8,D1-M03-K04-S08,Lezzet Kayısı Reçeli Orta,8690000547371,Kavanoz,7,49,56,98
D1,Kahvaltılık,3,4,9,D1-M03-K04-S09,Günlük Kayısı Reçeli Orta,8690000547388,Kavanoz,7,56,63,98
D1,Kahvaltılık,3,4,10,D1-M03-K04-S10,Evimiz Kayısı Reçeli Orta,8690000547395,Kavanoz,7,63,70,98
D1,Kahvaltılık,3,4,11,D1-M03-K04-S11,Doğa Kayısı Reçeli Orta,8690000547401,Kavanoz,7,70,77,98
D1,Kahvaltılık,3,4,12,D1-M03-K04-S12,Premium Kayısı Reçeli Orta,8690000547418,Kavanoz,7,77,84,98
D1,Kahvaltılık,3,4,13,D1-M03-K04-S13,Emigro Kayısı Reçeli Orta,8690000547425,Kavanoz,7,84,91,98
D1,Kahvaltılık,3,4,14,D1-M03-K04-S14,Anadolu Kayısı Reçeli Orta,8690000547432,Kavanoz,7,91,98,98
D1,Kahvaltılık,3,5,1,D1-M03-K05-S01,Premium Kayısı Reçeli Küçük,8690000547449,Kavanoz,6,0,6,96
D1,Kahvaltılık,3,5,2,D1-M03-K05-S02,Emigro Kayısı Reçeli Küçük,8690000547456,Kavanoz,6,6,12,96
D1,Kahvaltılık,3,5,3,D1-M03-K05-S03,Anadolu Kayısı Reçeli Küçük,8690000547463,Kavanoz,6,12,18,96
D1,Kahvaltılık,3,5,4,D1-M03-K05-S04,Bereket Kayısı Reçeli Küçük,8690000547470,Kavanoz,6,18,24,96
D1,Kahvaltılık,3,5,5,D1-M03-K05-S05,Marmara Kayısı Reçeli Küçük,8690000547487,Kavanoz,6,24,30,96
D1,Kahvaltılık,3,5,6,D1-M03-K05-S06,Usta Kayısı Reçeli Küçük,8690000547494,Kavanoz,6,30,36,96
D1,Kahvaltılık,3,5,7,D1-M03-K05-S07,Lezzet Kayısı Reçeli Küçük,8690000547500,Kavanoz,6,36,42,96
D1,Kahvaltılık,3,5,8,D1-M03-K05-S08,Günlük Kayısı Reçeli Küçük,8690000547517,Kavanoz,6,42,48,96
D1,Kahvaltılık,3,5,9,D1-M03-K05-S09,Evimiz Kayısı Reçeli Küçük,8690000547524,Kavanoz,6,48,54,96
D1,Kahvaltılık,3,5,10,D1-M03-K05-S10,Doğa Kayısı Reçeli Küçük,8690000547531,Kavanoz,6,54,60,96
D1,Kahvaltılık,3,5,11,D1-M03-K05-S11,Premium Kayısı Reçeli Küçük,8690000547548,Kavanoz,6,60,66,96
D1,Kahvaltılık,3,5,12,D1-M03-K05-S12,Emigro Kayısı Reçeli Küçük,8690000547555,Kavanoz,6,66,72,96
D1,Kahvaltılık,3,5,13,D1-M03-K05-S13,Anadolu Kayısı Reçeli Küçük,8690000547562,Kavanoz,6,72,78,96
D1,Kahvaltılık,3,5,14,D1-M03-K05-S14,Bereket Kayısı Reçeli Küçük,8690000547579,Kavanoz,6,78,84,96
D1,Kahvaltılık,3,5,15,D1-M03-K05-S15,Marmara Kayısı Reçeli Küçük,8690000547586,Kavanoz,6,84,90,96
D1,Kahvaltılık,3,5,16,D1-M03-K05-S16,Usta Kayısı Reçeli Küçük,8690000547593,Kavanoz,6,90,96,96
D1,Kahvaltılık,3,6,1,D1-M03-K06-S01,Emigro Kayısı Reçeli Mini,8690000547609,Kavanoz,6,0,6,96
D1,Kahvaltılık,3,6,2,D1-M03-K06-S02,Anadolu Kayısı Reçeli Mini,8690000547616,Kavanoz,6,6,12,96
D1,Kahvaltılık,3,6,3,D1-M03-K06-S03,Bereket Kayısı Reçeli Mini,8690000547623,Kavanoz,6,12,18,96
D1,Kahvaltılık,3,6,4,D1-M03-K06-S04,Marmara Kayısı Reçeli Mini,8690000547630,Kavanoz,6,18,24,96
D1,Kahvaltılık,3,6,5,D1-M03-K06-S05,Usta Kayısı Reçeli Mini,8690000547647,Kavanoz,6,24,30,96
D1,Kahvaltılık,3,6,6,D1-M03-K06-S06,Lezzet Kayısı Reçeli Mini,8690000547654,Kavanoz,6,30,36,96
D1,Kahvaltılık,3,6,7,D1-M03-K06-S07,Günlük Kayısı Reçeli Mini,8690000547661,Kavanoz,6,36,42,96
D1,Kahvaltılık,3,6,8,D1-M03-K06-S08,Evimiz Kayısı Reçeli Mini,8690000547678,Kavanoz,6,42,48,96
D1,Kahvaltılık,3,6,9,D1-M03-K06-S09,Doğa Kayısı Reçeli Mini,8690000547685,Kavanoz,6,48,54,96
D1,Kahvaltılık,3,6,10,D1-M03-K06-S10,Premium Kayısı Reçeli Mini,8690000547692,Kavanoz,6,54,60,96
D1,Kahvaltılık,3,6,11,D1-M03-K06-S11,Emigro Kayısı Reçeli Mini,8690000547708,Kavanoz,6,60,66,96
D1,Kahvaltılık,3,6,12,D1-M03-K06-S12,Anadolu Kayısı Reçeli Mini,8690000547715,Kavanoz,6,66,72,96
D1,Kahvaltılık,3,6,13,D1-M03-K06-S13,Bereket Kayısı Reçeli Mini,8690000547722,Kavanoz,6,72,78,96
D1,Kahvaltılık,3,6,14,D1-M03-K06-S14,Marmara Kayısı Reçeli Mini,8690000547739,Kavanoz,6,78,84,96
D1,Kahvaltılık,3,6,15,D1-M03-K06-S15,Usta Kayısı Reçeli Mini,8690000547746,Kavanoz,6,84,90,96
D1,Kahvaltılık,3,6,16,D1-M03-K06-S16,Lezzet Kayısı Reçeli Mini,8690000547753,Kavanoz,6,90,96,96
D1,Kahvaltılık,4,1,1,D1-M04-K01-S01,Günlük Bal XL,8690000547760,Kavanoz,11,0,11,99
D1,Kahvaltılık,4,1,2,D1-M04-K01-S02,Evimiz Bal XL,8690000547777,Kavanoz,11,11,22,99
D1,Kahvaltılık,4,1,3,D1-M04-K01-S03,Doğa Bal XL,8690000547784,Kavanoz,11,22,33,99
D1,Kahvaltılık,4,1,4,D1-M04-K01-S04,Premium Bal XL,8690000547791,Kavanoz,11,33,44,99
D1,Kahvaltılık,4,1,5,D1-M04-K01-S05,Emigro Bal XL,8690000547807,Kavanoz,11,44,55,99
D1,Kahvaltılık,4,1,6,D1-M04-K01-S06,Anadolu Bal XL,8690000547814,Kavanoz,11,55,66,99
D1,Kahvaltılık,4,1,7,D1-M04-K01-S07,Bereket Bal XL,8690000547821,Kavanoz,11,66,77,99
D1,Kahvaltılık,4,1,8,D1-M04-K01-S08,Marmara Bal XL,8690000547838,Kavanoz,11,77,88,99
D1,Kahvaltılık,4,1,9,D1-M04-K01-S09,Usta Bal XL,8690000547845,Kavanoz,11,88,99,99
D1,Kahvaltılık,4,2,1,D1-M04-K02-S01,Evimiz Bal Büyük,8690000547852,Kavanoz,10,0,10,100
D1,Kahvaltılık,4,2,2,D1-M04-K02-S02,Doğa Bal Büyük,8690000547869,Kavanoz,10,10,20,100
D1,Kahvaltılık,4,2,3,D1-M04-K02-S03,Premium Bal Büyük,8690000547876,Kavanoz,10,20,30,100
D1,Kahvaltılık,4,2,4,D1-M04-K02-S04,Emigro Bal Büyük,8690000547883,Kavanoz,10,30,40,100
D1,Kahvaltılık,4,2,5,D1-M04-K02-S05,Anadolu Bal Büyük,8690000547890,Kavanoz,10,40,50,100
D1,Kahvaltılık,4,2,6,D1-M04-K02-S06,Bereket Bal Büyük,8690000547906,Kavanoz,10,50,60,100
D1,Kahvaltılık,4,2,7,D1-M04-K02-S07,Marmara Bal Büyük,8690000547913,Kavanoz,10,60,70,100
D1,Kahvaltılık,4,2,8,D1-M04-K02-S08,Usta Bal Büyük,8690000547920,Kavanoz,10,70,80,100
D1,Kahvaltılık,4,2,9,D1-M04-K02-S09,Lezzet Bal Büyük,8690000547937,Kavanoz,10,80,90,100
D1,Kahvaltılık,4,2,10,D1-M04-K02-S10,Günlük Bal Büyük,8690000547944,Kavanoz,10,90,100,100
D1,Kahvaltılık,4,3,1,D1-M04-K03-S01,Doğa Bal Standart,8690000547951,Kavanoz,9,0,9,99
D1,Kahvaltılık,4,3,2,D1-M04-K03-S02,Premium Bal Standart,8690000547968,Kavanoz,9,9,18,99
D1,Kahvaltılık,4,3,3,D1-M04-K03-S03,Emigro Bal Standart,8690000547975,Kavanoz,9,18,27,99
D1,Kahvaltılık,4,3,4,D1-M04-K03-S04,Anadolu Bal Standart,8690000547982,Kavanoz,9,27,36,99
D1,Kahvaltılık,4,3,5,D1-M04-K03-S05,Bereket Bal Standart,8690000547999,Kavanoz,9,36,45,99
D1,Kahvaltılık,4,3,6,D1-M04-K03-S06,Marmara Bal Standart,8690000548002,Kavanoz,9,45,54,99
D1,Kahvaltılık,4,3,7,D1-M04-K03-S07,Usta Bal Standart,8690000548019,Kavanoz,9,54,63,99
D1,Kahvaltılık,4,3,8,D1-M04-K03-S08,Lezzet Bal Standart,8690000548026,Kavanoz,9,63,72,99
D1,Kahvaltılık,4,3,9,D1-M04-K03-S09,Günlük Bal Standart,8690000548033,Kavanoz,9,72,81,99
D1,Kahvaltılık,4,3,10,D1-M04-K03-S10,Evimiz Bal Standart,8690000548040,Kavanoz,9,81,90,99
D1,Kahvaltılık,4,3,11,D1-M04-K03-S11,Doğa Bal Standart,8690000548057,Kavanoz,9,90,99,99
D1,Kahvaltılık,4,4,1,D1-M04-K04-S01,Premium Bal Orta,8690000548064,Kavanoz,8,0,8,96
D1,Kahvaltılık,4,4,2,D1-M04-K04-S02,Emigro Bal Orta,8690000548071,Kavanoz,8,8,16,96
D1,Kahvaltılık,4,4,3,D1-M04-K04-S03,Anadolu Bal Orta,8690000548088,Kavanoz,8,16,24,96
D1,Kahvaltılık,4,4,4,D1-M04-K04-S04,Bereket Bal Orta,8690000548095,Kavanoz,8,24,32,96
D1,Kahvaltılık,4,4,5,D1-M04-K04-S05,Marmara Bal Orta,8690000548101,Kavanoz,8,32,40,96
D1,Kahvaltılık,4,4,6,D1-M04-K04-S06,Usta Bal Orta,8690000548118,Kavanoz,8,40,48,96
D1,Kahvaltılık,4,4,7,D1-M04-K04-S07,Lezzet Bal Orta,8690000548125,Kavanoz,8,48,56,96
D1,Kahvaltılık,4,4,8,D1-M04-K04-S08,Günlük Bal Orta,8690000548132,Kavanoz,8,56,64,96
D1,Kahvaltılık,4,4,9,D1-M04-K04-S09,Evimiz Bal Orta,8690000548149,Kavanoz,8,64,72,96
D1,Kahvaltılık,4,4,10,D1-M04-K04-S10,Doğa Bal Orta,8690000548156,Kavanoz,8,72,80,96
D1,Kahvaltılık,4,4,11,D1-M04-K04-S11,Premium Bal Orta,8690000548163,Kavanoz,8,80,88,96
D1,Kahvaltılık,4,4,12,D1-M04-K04-S12,Emigro Bal Orta,8690000548170,Kavanoz,8,88,96,96
D1,Kahvaltılık,4,5,1,D1-M04-K05-S01,Emigro Bal Küçük,8690000548187,Kavanoz,7,0,7,98
D1,Kahvaltılık,4,5,2,D1-M04-K05-S02,Anadolu Bal Küçük,8690000548194,Kavanoz,7,7,14,98
D1,Kahvaltılık,4,5,3,D1-M04-K05-S03,Bereket Bal Küçük,8690000548200,Kavanoz,7,14,21,98
D1,Kahvaltılık,4,5,4,D1-M04-K05-S04,Marmara Bal Küçük,8690000548217,Kavanoz,7,21,28,98
D1,Kahvaltılık,4,5,5,D1-M04-K05-S05,Usta Bal Küçük,8690000548224,Kavanoz,7,28,35,98
D1,Kahvaltılık,4,5,6,D1-M04-K05-S06,Lezzet Bal Küçük,8690000548231,Kavanoz,7,35,42,98
D1,Kahvaltılık,4,5,7,D1-M04-K05-S07,Günlük Bal Küçük,8690000548248,Kavanoz,7,42,49,98
D1,Kahvaltılık,4,5,8,D1-M04-K05-S08,Evimiz Bal Küçük,8690000548255,Kavanoz,7,49,56,98
D1,Kahvaltılık,4,5,9,D1-M04-K05-S09,Doğa Bal Küçük,8690000548262,Kavanoz,7,56,63,98
D1,Kahvaltılık,4,5,10,D1-M04-K05-S10,Premium Bal Küçük,8690000548279,Kavanoz,7,63,70,98
D1,Kahvaltılık,4,5,11,D1-M04-K05-S11,Emigro Bal Küçük,8690000548286,Kavanoz,7,70,77,98
D1,Kahvaltılık,4,5,12,D1-M04-K05-S12,Anadolu Bal Küçük,8690000548293,Kavanoz,7,77,84,98
D1,Kahvaltılık,4,5,13,D1-M04-K05-S13,Bereket Bal Küçük,8690000548309,Kavanoz,7,84,91,98
D1,Kahvaltılık,4,5,14,D1-M04-K05-S14,Marmara Bal Küçük,8690000548316,Kavanoz,7,91,98,98
D1,Kahvaltılık,4,6,1,D1-M04-K06-S01,Anadolu Bal Mini,8690000548323,Kavanoz,6,0,6,96
D1,Kahvaltılık,4,6,2,D1-M04-K06-S02,Bereket Bal Mini,8690000548330,Kavanoz,6,6,12,96
D1,Kahvaltılık,4,6,3,D1-M04-K06-S03,Marmara Bal Mini,8690000548347,Kavanoz,6,12,18,96
D1,Kahvaltılık,4,6,4,D1-M04-K06-S04,Usta Bal Mini,8690000548354,Kavanoz,6,18,24,96
D1,Kahvaltılık,4,6,5,D1-M04-K06-S05,Lezzet Bal Mini,8690000548361,Kavanoz,6,24,30,96
D1,Kahvaltılık,4,6,6,D1-M04-K06-S06,Günlük Bal Mini,8690000548378,Kavanoz,6,30,36,96
D1,Kahvaltılık,4,6,7,D1-M04-K06-S07,Evimiz Bal Mini,8690000548385,Kavanoz,6,36,42,96
D1,Kahvaltılık,4,6,8,D1-M04-K06-S08,Doğa Bal Mini,8690000548392,Kavanoz,6,42,48,96
D1,Kahvaltılık,4,6,9,D1-M04-K06-S09,Premium Bal Mini,8690000548408,Kavanoz,6,48,54,96
D1,Kahvaltılık,4,6,10,D1-M04-K06-S10,Emigro Bal Mini,8690000548415,Kavanoz,6,54,60,96
D1,Kahvaltılık,4,6,11,D1-M04-K06-S11,Anadolu Bal Mini,8690000548422,Kavanoz,6,60,66,96
D1,Kahvaltılık,4,6,12,D1-M04-K06-S12,Bereket Bal Mini,8690000548439,Kavanoz,6,66,72,96
D1,Kahvaltılık,4,6,13,D1-M04-K06-S13,Marmara Bal Mini,8690000548446,Kavanoz,6,72,78,96
D1,Kahvaltılık,4,6,14,D1-M04-K06-S14,Usta Bal Mini,8690000548453,Kavanoz,6,78,84,96
D1,Kahvaltılık,4,6,15,D1-M04-K06-S15,Lezzet Bal Mini,8690000548460,Kavanoz,6,84,90,96
D1,Kahvaltılık,4,6,16,D1-M04-K06-S16,Günlük Bal Mini,8690000548477,Kavanoz,6,90,96,96
D1,Kahvaltılık,5,1,1,D1-M05-K01-S01,Evimiz Fındık Kreması XL,8690000548484,Kavanoz,12,0,12,96
D1,Kahvaltılık,5,1,2,D1-M05-K01-S02,Doğa Fındık Kreması XL,8690000548491,Kavanoz,12,12,24,96
D1,Kahvaltılık,5,1,3,D1-M05-K01-S03,Premium Fındık Kreması XL,8690000548507,Kavanoz,12,24,36,96
D1,Kahvaltılık,5,1,4,D1-M05-K01-S04,Emigro Fındık Kreması XL,8690000548514,Kavanoz,12,36,48,96
D1,Kahvaltılık,5,1,5,D1-M05-K01-S05,Anadolu Fındık Kreması XL,8690000548521,Kavanoz,12,48,60,96
D1,Kahvaltılık,5,1,6,D1-M05-K01-S06,Bereket Fındık Kreması XL,8690000548538,Kavanoz,12,60,72,96
D1,Kahvaltılık,5,1,7,D1-M05-K01-S07,Marmara Fındık Kreması XL,8690000548545,Kavanoz,12,72,84,96
D1,Kahvaltılık,5,1,8,D1-M05-K01-S08,Usta Fındık Kreması XL,8690000548552,Kavanoz,12,84,96,96
D1,Kahvaltılık,5,2,1,D1-M05-K02-S01,Doğa Fındık Kreması Büyük,8690000548569,Kavanoz,12,0,12,96
D1,Kahvaltılık,5,2,2,D1-M05-K02-S02,Premium Fındık Kreması Büyük,8690000548576,Kavanoz,12,12,24,96
D1,Kahvaltılık,5,2,3,D1-M05-K02-S03,Emigro Fındık Kreması Büyük,8690000548583,Kavanoz,12,24,36,96
D1,Kahvaltılık,5,2,4,D1-M05-K02-S04,Anadolu Fındık Kreması Büyük,8690000548590,Kavanoz,12,36,48,96
D1,Kahvaltılık,5,2,5,D1-M05-K02-S05,Bereket Fındık Kreması Büyük,8690000548606,Kavanoz,12,48,60,96
D1,Kahvaltılık,5,2,6,D1-M05-K02-S06,Marmara Fındık Kreması Büyük,8690000548613,Kavanoz,12,60,72,96
D1,Kahvaltılık,5,2,7,D1-M05-K02-S07,Usta Fındık Kreması Büyük,8690000548620,Kavanoz,12,72,84,96
D1,Kahvaltılık,5,2,8,D1-M05-K02-S08,Lezzet Fındık Kreması Büyük,8690000548637,Kavanoz,12,84,96,96
D1,Kahvaltılık,5,3,1,D1-M05-K03-S01,Premium Fındık Kreması Standart,8690000548644,Kavanoz,10,0,10,100
D1,Kahvaltılık,5,3,2,D1-M05-K03-S02,Emigro Fındık Kreması Standart,8690000548651,Kavanoz,10,10,20,100
D1,Kahvaltılık,5,3,3,D1-M05-K03-S03,Anadolu Fındık Kreması Standart,8690000548668,Kavanoz,10,20,30,100
D1,Kahvaltılık,5,3,4,D1-M05-K03-S04,Bereket Fındık Kreması Standart,8690000548675,Kavanoz,10,30,40,100
D1,Kahvaltılık,5,3,5,D1-M05-K03-S05,Marmara Fındık Kreması Standart,8690000548682,Kavanoz,10,40,50,100
D1,Kahvaltılık,5,3,6,D1-M05-K03-S06,Usta Fındık Kreması Standart,8690000548699,Kavanoz,10,50,60,100
D1,Kahvaltılık,5,3,7,D1-M05-K03-S07,Lezzet Fındık Kreması Standart,8690000548705,Kavanoz,10,60,70,100
D1,Kahvaltılık,5,3,8,D1-M05-K03-S08,Günlük Fındık Kreması Standart,8690000548712,Kavanoz,10,70,80,100
D1,Kahvaltılık,5,3,9,D1-M05-K03-S09,Evimiz Fındık Kreması Standart,8690000548729,Kavanoz,10,80,90,100
D1,Kahvaltılık,5,3,10,D1-M05-K03-S10,Doğa Fındık Kreması Standart,8690000548736,Kavanoz,10,90,100,100
D1,Kahvaltılık,5,4,1,D1-M05-K04-S01,Emigro Fındık Kreması Orta,8690000548743,Kavanoz,9,0,9,99
D1,Kahvaltılık,5,4,2,D1-M05-K04-S02,Anadolu Fındık Kreması Orta,8690000548750,Kavanoz,9,9,18,99
D1,Kahvaltılık,5,4,3,D1-M05-K04-S03,Bereket Fındık Kreması Orta,8690000548767,Kavanoz,9,18,27,99
D1,Kahvaltılık,5,4,4,D1-M05-K04-S04,Marmara Fındık Kreması Orta,8690000548774,Kavanoz,9,27,36,99
D1,Kahvaltılık,5,4,5,D1-M05-K04-S05,Usta Fındık Kreması Orta,8690000548781,Kavanoz,9,36,45,99
D1,Kahvaltılık,5,4,6,D1-M05-K04-S06,Lezzet Fındık Kreması Orta,8690000548798,Kavanoz,9,45,54,99
D1,Kahvaltılık,5,4,7,D1-M05-K04-S07,Günlük Fındık Kreması Orta,8690000548804,Kavanoz,9,54,63,99
D1,Kahvaltılık,5,4,8,D1-M05-K04-S08,Evimiz Fındık Kreması Orta,8690000548811,Kavanoz,9,63,72,99
D1,Kahvaltılık,5,4,9,D1-M05-K04-S09,Doğa Fındık Kreması Orta,8690000548828,Kavanoz,9,72,81,99
D1,Kahvaltılık,5,4,10,D1-M05-K04-S10,Premium Fındık Kreması Orta,8690000548835,Kavanoz,9,81,90,99
D1,Kahvaltılık,5,4,11,D1-M05-K04-S11,Emigro Fındık Kreması Orta,8690000548842,Kavanoz,9,90,99,99
D1,Kahvaltılık,5,5,1,D1-M05-K05-S01,Anadolu Fındık Kreması Küçük,8690000548859,Kavanoz,8,0,8,96
D1,Kahvaltılık,5,5,2,D1-M05-K05-S02,Bereket Fındık Kreması Küçük,8690000548866,Kavanoz,8,8,16,96
D1,Kahvaltılık,5,5,3,D1-M05-K05-S03,Marmara Fındık Kreması Küçük,8690000548873,Kavanoz,8,16,24,96
D1,Kahvaltılık,5,5,4,D1-M05-K05-S04,Usta Fındık Kreması Küçük,8690000548880,Kavanoz,8,24,32,96
D1,Kahvaltılık,5,5,5,D1-M05-K05-S05,Lezzet Fındık Kreması Küçük,8690000548897,Kavanoz,8,32,40,96
D1,Kahvaltılık,5,5,6,D1-M05-K05-S06,Günlük Fındık Kreması Küçük,8690000548903,Kavanoz,8,40,48,96
D1,Kahvaltılık,5,5,7,D1-M05-K05-S07,Evimiz Fındık Kreması Küçük,8690000548910,Kavanoz,8,48,56,96
D1,Kahvaltılık,5,5,8,D1-M05-K05-S08,Doğa Fındık Kreması Küçük,8690000548927,Kavanoz,8,56,64,96
D1,Kahvaltılık,5,5,9,D1-M05-K05-S09,Premium Fındık Kreması Küçük,8690000548934,Kavanoz,8,64,72,96
D1,Kahvaltılık,5,5,10,D1-M05-K05-S10,Emigro Fındık Kreması Küçük,8690000548941,Kavanoz,8,72,80,96
D1,Kahvaltılık,5,5,11,D1-M05-K05-S11,Anadolu Fındık Kreması Küçük,8690000548958,Kavanoz,8,80,88,96
D1,Kahvaltılık,5,5,12,D1-M05-K05-S12,Bereket Fındık Kreması Küçük,8690000548965,Kavanoz,8,88,96,96
D1,Kahvaltılık,5,6,1,D1-M05-K06-S01,Bereket Fındık Kreması Mini,8690000548972,Kavanoz,7,0,7,98
D1,Kahvaltılık,5,6,2,D1-M05-K06-S02,Marmara Fındık Kreması Mini,8690000548989,Kavanoz,7,7,14,98
D1,Kahvaltılık,5,6,3,D1-M05-K06-S03,Usta Fındık Kreması Mini,8690000548996,Kavanoz,7,14,21,98
D1,Kahvaltılık,5,6,4,D1-M05-K06-S04,Lezzet Fındık Kreması Mini,8690000549009,Kavanoz,7,21,28,98
D1,Kahvaltılık,5,6,5,D1-M05-K06-S05,Günlük Fındık Kreması Mini,8690000549016,Kavanoz,7,28,35,98
D1,Kahvaltılık,5,6,6,D1-M05-K06-S06,Evimiz Fındık Kreması Mini,8690000549023,Kavanoz,7,35,42,98
D1,Kahvaltılık,5,6,7,D1-M05-K06-S07,Doğa Fındık Kreması Mini,8690000549030,Kavanoz,7,42,49,98
D1,Kahvaltılık,5,6,8,D1-M05-K06-S08,Premium Fındık Kreması Mini,8690000549047,Kavanoz,7,49,56,98
D1,Kahvaltılık,5,6,9,D1-M05-K06-S09,Emigro Fındık Kreması Mini,8690000549054,Kavanoz,7,56,63,98
D1,Kahvaltılık,5,6,10,D1-M05-K06-S10,Anadolu Fındık Kreması Mini,8690000549061,Kavanoz,7,63,70,98
D1,Kahvaltılık,5,6,11,D1-M05-K06-S11,Bereket Fındık Kreması Mini,8690000549078,Kavanoz,7,70,77,98
D1,Kahvaltılık,5,6,12,D1-M05-K06-S12,Marmara Fındık Kreması Mini,8690000549085,Kavanoz,7,77,84,98
D1,Kahvaltılık,5,6,13,D1-M05-K06-S13,Usta Fındık Kreması Mini,8690000549092,Kavanoz,7,84,91,98
D1,Kahvaltılık,5,6,14,D1-M05-K06-S14,Lezzet Fındık Kreması Mini,8690000549108,Kavanoz,7,91,98,98
D1,Kahvaltılık,6,1,1,D1-M06-K01-S01,Doğa Tahin XL,8690000549115,Kavanoz,11,0,11,99
D1,Kahvaltılık,6,1,2,D1-M06-K01-S02,Premium Tahin XL,8690000549122,Kavanoz,11,11,22,99
D1,Kahvaltılık,6,1,3,D1-M06-K01-S03,Emigro Tahin XL,8690000549139,Kavanoz,11,22,33,99
D1,Kahvaltılık,6,1,4,D1-M06-K01-S04,Anadolu Tahin XL,8690000549146,Kavanoz,11,33,44,99
D1,Kahvaltılık,6,1,5,D1-M06-K01-S05,Bereket Tahin XL,8690000549153,Kavanoz,11,44,55,99
D1,Kahvaltılık,6,1,6,D1-M06-K01-S06,Marmara Tahin XL,8690000549160,Kavanoz,11,55,66,99
D1,Kahvaltılık,6,1,7,D1-M06-K01-S07,Usta Tahin XL,8690000549177,Kavanoz,11,66,77,99
D1,Kahvaltılık,6,1,8,D1-M06-K01-S08,Lezzet Tahin XL,8690000549184,Kavanoz,11,77,88,99
D1,Kahvaltılık,6,1,9,D1-M06-K01-S09,Günlük Tahin XL,8690000549191,Kavanoz,11,88,99,99
D1,Kahvaltılık,6,2,1,D1-M06-K02-S01,Premium Tahin Büyük,8690000549207,Kavanoz,10,0,10,100
D1,Kahvaltılık,6,2,2,D1-M06-K02-S02,Emigro Tahin Büyük,8690000549214,Kavanoz,10,10,20,100
D1,Kahvaltılık,6,2,3,D1-M06-K02-S03,Anadolu Tahin Büyük,8690000549221,Kavanoz,10,20,30,100
D1,Kahvaltılık,6,2,4,D1-M06-K02-S04,Bereket Tahin Büyük,8690000549238,Kavanoz,10,30,40,100
D1,Kahvaltılık,6,2,5,D1-M06-K02-S05,Marmara Tahin Büyük,8690000549245,Kavanoz,10,40,50,100
D1,Kahvaltılık,6,2,6,D1-M06-K02-S06,Usta Tahin Büyük,8690000549252,Kavanoz,10,50,60,100
D1,Kahvaltılık,6,2,7,D1-M06-K02-S07,Lezzet Tahin Büyük,8690000549269,Kavanoz,10,60,70,100
D1,Kahvaltılık,6,2,8,D1-M06-K02-S08,Günlük Tahin Büyük,8690000549276,Kavanoz,10,70,80,100
D1,Kahvaltılık,6,2,9,D1-M06-K02-S09,Evimiz Tahin Büyük,8690000549283,Kavanoz,10,80,90,100
D1,Kahvaltılık,6,2,10,D1-M06-K02-S10,Doğa Tahin Büyük,8690000549290,Kavanoz,10,90,100,100
D1,Kahvaltılık,6,3,1,D1-M06-K03-S01,Emigro Tahin Standart,8690000549306,Kavanoz,9,0,9,99
D1,Kahvaltılık,6,3,2,D1-M06-K03-S02,Anadolu Tahin Standart,8690000549313,Kavanoz,9,9,18,99
D1,Kahvaltılık,6,3,3,D1-M06-K03-S03,Bereket Tahin Standart,8690000549320,Kavanoz,9,18,27,99
D1,Kahvaltılık,6,3,4,D1-M06-K03-S04,Marmara Tahin Standart,8690000549337,Kavanoz,9,27,36,99
D1,Kahvaltılık,6,3,5,D1-M06-K03-S05,Usta Tahin Standart,8690000549344,Kavanoz,9,36,45,99
D1,Kahvaltılık,6,3,6,D1-M06-K03-S06,Lezzet Tahin Standart,8690000549351,Kavanoz,9,45,54,99
D1,Kahvaltılık,6,3,7,D1-M06-K03-S07,Günlük Tahin Standart,8690000549368,Kavanoz,9,54,63,99
D1,Kahvaltılık,6,3,8,D1-M06-K03-S08,Evimiz Tahin Standart,8690000549375,Kavanoz,9,63,72,99
D1,Kahvaltılık,6,3,9,D1-M06-K03-S09,Doğa Tahin Standart,8690000549382,Kavanoz,9,72,81,99
D1,Kahvaltılık,6,3,10,D1-M06-K03-S10,Premium Tahin Standart,8690000549399,Kavanoz,9,81,90,99
D1,Kahvaltılık,6,3,11,D1-M06-K03-S11,Emigro Tahin Standart,8690000549405,Kavanoz,9,90,99,99
D1,Kahvaltılık,6,4,1,D1-M06-K04-S01,Anadolu Tahin Orta,8690000549412,Kavanoz,8,0,8,96
D1,Kahvaltılık,6,4,2,D1-M06-K04-S02,Bereket Tahin Orta,8690000549429,Kavanoz,8,8,16,96
D1,Kahvaltılık,6,4,3,D1-M06-K04-S03,Marmara Tahin Orta,8690000549436,Kavanoz,8,16,24,96
D1,Kahvaltılık,6,4,4,D1-M06-K04-S04,Usta Tahin Orta,8690000549443,Kavanoz,8,24,32,96
D1,Kahvaltılık,6,4,5,D1-M06-K04-S05,Lezzet Tahin Orta,8690000549450,Kavanoz,8,32,40,96
D1,Kahvaltılık,6,4,6,D1-M06-K04-S06,Günlük Tahin Orta,8690000549467,Kavanoz,8,40,48,96
D1,Kahvaltılık,6,4,7,D1-M06-K04-S07,Evimiz Tahin Orta,8690000549474,Kavanoz,8,48,56,96
D1,Kahvaltılık,6,4,8,D1-M06-K04-S08,Doğa Tahin Orta,8690000549481,Kavanoz,8,56,64,96
D1,Kahvaltılık,6,4,9,D1-M06-K04-S09,Premium Tahin Orta,8690000549498,Kavanoz,8,64,72,96
D1,Kahvaltılık,6,4,10,D1-M06-K04-S10,Emigro Tahin Orta,8690000549504,Kavanoz,8,72,80,96
D1,Kahvaltılık,6,4,11,D1-M06-K04-S11,Anadolu Tahin Orta,8690000549511,Kavanoz,8,80,88,96
D1,Kahvaltılık,6,4,12,D1-M06-K04-S12,Bereket Tahin Orta,8690000549528,Kavanoz,8,88,96,96
D1,Kahvaltılık,6,5,1,D1-M06-K05-S01,Bereket Tahin Küçük,8690000549535,Kavanoz,7,0,7,98
D1,Kahvaltılık,6,5,2,D1-M06-K05-S02,Marmara Tahin Küçük,8690000549542,Kavanoz,7,7,14,98
D1,Kahvaltılık,6,5,3,D1-M06-K05-S03,Usta Tahin Küçük,8690000549559,Kavanoz,7,14,21,98
D1,Kahvaltılık,6,5,4,D1-M06-K05-S04,Lezzet Tahin Küçük,8690000549566,Kavanoz,7,21,28,98
D1,Kahvaltılık,6,5,5,D1-M06-K05-S05,Günlük Tahin Küçük,8690000549573,Kavanoz,7,28,35,98
D1,Kahvaltılık,6,5,6,D1-M06-K05-S06,Evimiz Tahin Küçük,8690000549580,Kavanoz,7,35,42,98
D1,Kahvaltılık,6,5,7,D1-M06-K05-S07,Doğa Tahin Küçük,8690000549597,Kavanoz,7,42,49,98
D1,Kahvaltılık,6,5,8,D1-M06-K05-S08,Premium Tahin Küçük,8690000549603,Kavanoz,7,49,56,98
D1,Kahvaltılık,6,5,9,D1-M06-K05-S09,Emigro Tahin Küçük,8690000549610,Kavanoz,7,56,63,98
D1,Kahvaltılık,6,5,10,D1-M06-K05-S10,Anadolu Tahin Küçük,8690000549627,Kavanoz,7,63,70,98
D1,Kahvaltılık,6,5,11,D1-M06-K05-S11,Bereket Tahin Küçük,8690000549634,Kavanoz,7,70,77,98
D1,Kahvaltılık,6,5,12,D1-M06-K05-S12,Marmara Tahin Küçük,8690000549641,Kavanoz,7,77,84,98
D1,Kahvaltılık,6,5,13,D1-M06-K05-S13,Usta Tahin Küçük,8690000549658,Kavanoz,7,84,91,98
D1,Kahvaltılık,6,5,14,D1-M06-K05-S14,Lezzet Tahin Küçük,8690000549665,Kavanoz,7,91,98,98
D1,Kahvaltılık,6,6,1,D1-M06-K06-S01,Marmara Tahin Mini,8690000549672,Kavanoz,6,0,6,96
D1,Kahvaltılık,6,6,2,D1-M06-K06-S02,Usta Tahin Mini,8690000549689,Kavanoz,6,6,12,96
D1,Kahvaltılık,6,6,3,D1-M06-K06-S03,Lezzet Tahin Mini,8690000549696,Kavanoz,6,12,18,96
D1,Kahvaltılık,6,6,4,D1-M06-K06-S04,Günlük Tahin Mini,8690000549702,Kavanoz,6,18,24,96
D1,Kahvaltılık,6,6,5,D1-M06-K06-S05,Evimiz Tahin Mini,8690000549719,Kavanoz,6,24,30,96
D1,Kahvaltılık,6,6,6,D1-M06-K06-S06,Doğa Tahin Mini,8690000549726,Kavanoz,6,30,36,96
D1,Kahvaltılık,6,6,7,D1-M06-K06-S07,Premium Tahin Mini,8690000549733,Kavanoz,6,36,42,96
D1,Kahvaltılık,6,6,8,D1-M06-K06-S08,Emigro Tahin Mini,8690000549740,Kavanoz,6,42,48,96
D1,Kahvaltılık,6,6,9,D1-M06-K06-S09,Anadolu Tahin Mini,8690000549757,Kavanoz,6,48,54,96
D1,Kahvaltılık,6,6,10,D1-M06-K06-S10,Bereket Tahin Mini,8690000549764,Kavanoz,6,54,60,96
D1,Kahvaltılık,6,6,11,D1-M06-K06-S11,Marmara Tahin Mini,8690000549771,Kavanoz,6,60,66,96
D1,Kahvaltılık,6,6,12,D1-M06-K06-S12,Usta Tahin Mini,8690000549788,Kavanoz,6,66,72,96
D1,Kahvaltılık,6,6,13,D1-M06-K06-S13,Lezzet Tahin Mini,8690000549795,Kavanoz,6,72,78,96
D1,Kahvaltılık,6,6,14,D1-M06-K06-S14,Günlük Tahin Mini,8690000549801,Kavanoz,6,78,84,96
D1,Kahvaltılık,6,6,15,D1-M06-K06-S15,Evimiz Tahin Mini,8690000549818,Kavanoz,6,84,90,96
D1,Kahvaltılık,6,6,16,D1-M06-K06-S16,Doğa Tahin Mini,8690000549825,Kavanoz,6,90,96,96
D1,Kahvaltılık,7,1,1,D1-M07-K01-S01,Premium Pekmez XL,8690000549832,Kavanoz,11,0,11,99
D1,Kahvaltılık,7,1,2,D1-M07-K01-S02,Emigro Pekmez XL,8690000549849,Kavanoz,11,11,22,99
D1,Kahvaltılık,7,1,3,D1-M07-K01-S03,Anadolu Pekmez XL,8690000549856,Kavanoz,11,22,33,99
D1,Kahvaltılık,7,1,4,D1-M07-K01-S04,Bereket Pekmez XL,8690000549863,Kavanoz,11,33,44,99
D1,Kahvaltılık,7,1,5,D1-M07-K01-S05,Marmara Pekmez XL,8690000549870,Kavanoz,11,44,55,99
D1,Kahvaltılık,7,1,6,D1-M07-K01-S06,Usta Pekmez XL,8690000549887,Kavanoz,11,55,66,99
D1,Kahvaltılık,7,1,7,D1-M07-K01-S07,Lezzet Pekmez XL,8690000549894,Kavanoz,11,66,77,99
D1,Kahvaltılık,7,1,8,D1-M07-K01-S08,Günlük Pekmez XL,8690000549900,Kavanoz,11,77,88,99
D1,Kahvaltılık,7,1,9,D1-M07-K01-S09,Evimiz Pekmez XL,8690000549917,Kavanoz,11,88,99,99
D1,Kahvaltılık,7,2,1,D1-M07-K02-S01,Emigro Pekmez Büyük,8690000549924,Kavanoz,10,0,10,100
D1,Kahvaltılık,7,2,2,D1-M07-K02-S02,Anadolu Pekmez Büyük,8690000549931,Kavanoz,10,10,20,100
D1,Kahvaltılık,7,2,3,D1-M07-K02-S03,Bereket Pekmez Büyük,8690000549948,Kavanoz,10,20,30,100
D1,Kahvaltılık,7,2,4,D1-M07-K02-S04,Marmara Pekmez Büyük,8690000549955,Kavanoz,10,30,40,100
D1,Kahvaltılık,7,2,5,D1-M07-K02-S05,Usta Pekmez Büyük,8690000549962,Kavanoz,10,40,50,100
D1,Kahvaltılık,7,2,6,D1-M07-K02-S06,Lezzet Pekmez Büyük,8690000549979,Kavanoz,10,50,60,100
D1,Kahvaltılık,7,2,7,D1-M07-K02-S07,Günlük Pekmez Büyük,8690000549986,Kavanoz,10,60,70,100
D1,Kahvaltılık,7,2,8,D1-M07-K02-S08,Evimiz Pekmez Büyük,8690000549993,Kavanoz,10,70,80,100
D1,Kahvaltılık,7,2,9,D1-M07-K02-S09,Doğa Pekmez Büyük,8690000550005,Kavanoz,10,80,90,100
D1,Kahvaltılık,7,2,10,D1-M07-K02-S10,Premium Pekmez Büyük,8690000550012,Kavanoz,10,90,100,100
D1,Kahvaltılık,7,3,1,D1-M07-K03-S01,Anadolu Pekmez Standart,8690000550029,Kavanoz,9,0,9,99
D1,Kahvaltılık,7,3,2,D1-M07-K03-S02,Bereket Pekmez Standart,8690000550036,Kavanoz,9,9,18,99
D1,Kahvaltılık,7,3,3,D1-M07-K03-S03,Marmara Pekmez Standart,8690000550043,Kavanoz,9,18,27,99
D1,Kahvaltılık,7,3,4,D1-M07-K03-S04,Usta Pekmez Standart,8690000550050,Kavanoz,9,27,36,99
D1,Kahvaltılık,7,3,5,D1-M07-K03-S05,Lezzet Pekmez Standart,8690000550067,Kavanoz,9,36,45,99
D1,Kahvaltılık,7,3,6,D1-M07-K03-S06,Günlük Pekmez Standart,8690000550074,Kavanoz,9,45,54,99
D1,Kahvaltılık,7,3,7,D1-M07-K03-S07,Evimiz Pekmez Standart,8690000550081,Kavanoz,9,54,63,99
D1,Kahvaltılık,7,3,8,D1-M07-K03-S08,Doğa Pekmez Standart,8690000550098,Kavanoz,9,63,72,99
D1,Kahvaltılık,7,3,9,D1-M07-K03-S09,Premium Pekmez Standart,8690000550104,Kavanoz,9,72,81,99
D1,Kahvaltılık,7,3,10,D1-M07-K03-S10,Emigro Pekmez Standart,8690000550111,Kavanoz,9,81,90,99
D1,Kahvaltılık,7,3,11,D1-M07-K03-S11,Anadolu Pekmez Standart,8690000550128,Kavanoz,9,90,99,99
D1,Kahvaltılık,7,4,1,D1-M07-K04-S01,Bereket Pekmez Orta,8690000550135,Kavanoz,8,0,8,96
D1,Kahvaltılık,7,4,2,D1-M07-K04-S02,Marmara Pekmez Orta,8690000550142,Kavanoz,8,8,16,96
D1,Kahvaltılık,7,4,3,D1-M07-K04-S03,Usta Pekmez Orta,8690000550159,Kavanoz,8,16,24,96
D1,Kahvaltılık,7,4,4,D1-M07-K04-S04,Lezzet Pekmez Orta,8690000550166,Kavanoz,8,24,32,96
D1,Kahvaltılık,7,4,5,D1-M07-K04-S05,Günlük Pekmez Orta,8690000550173,Kavanoz,8,32,40,96
D1,Kahvaltılık,7,4,6,D1-M07-K04-S06,Evimiz Pekmez Orta,8690000550180,Kavanoz,8,40,48,96
D1,Kahvaltılık,7,4,7,D1-M07-K04-S07,Doğa Pekmez Orta,8690000550197,Kavanoz,8,48,56,96
D1,Kahvaltılık,7,4,8,D1-M07-K04-S08,Premium Pekmez Orta,8690000550203,Kavanoz,8,56,64,96
D1,Kahvaltılık,7,4,9,D1-M07-K04-S09,Emigro Pekmez Orta,8690000550210,Kavanoz,8,64,72,96
D1,Kahvaltılık,7,4,10,D1-M07-K04-S10,Anadolu Pekmez Orta,8690000550227,Kavanoz,8,72,80,96
D1,Kahvaltılık,7,4,11,D1-M07-K04-S11,Bereket Pekmez Orta,8690000550234,Kavanoz,8,80,88,96
D1,Kahvaltılık,7,4,12,D1-M07-K04-S12,Marmara Pekmez Orta,8690000550241,Kavanoz,8,88,96,96
D1,Kahvaltılık,7,5,1,D1-M07-K05-S01,Marmara Pekmez Küçük,8690000550258,Kavanoz,7,0,7,98
D1,Kahvaltılık,7,5,2,D1-M07-K05-S02,Usta Pekmez Küçük,8690000550265,Kavanoz,7,7,14,98
D1,Kahvaltılık,7,5,3,D1-M07-K05-S03,Lezzet Pekmez Küçük,8690000550272,Kavanoz,7,14,21,98
D1,Kahvaltılık,7,5,4,D1-M07-K05-S04,Günlük Pekmez Küçük,8690000550289,Kavanoz,7,21,28,98
D1,Kahvaltılık,7,5,5,D1-M07-K05-S05,Evimiz Pekmez Küçük,8690000550296,Kavanoz,7,28,35,98
D1,Kahvaltılık,7,5,6,D1-M07-K05-S06,Doğa Pekmez Küçük,8690000550302,Kavanoz,7,35,42,98
D1,Kahvaltılık,7,5,7,D1-M07-K05-S07,Premium Pekmez Küçük,8690000550319,Kavanoz,7,42,49,98
D1,Kahvaltılık,7,5,8,D1-M07-K05-S08,Emigro Pekmez Küçük,8690000550326,Kavanoz,7,49,56,98
D1,Kahvaltılık,7,5,9,D1-M07-K05-S09,Anadolu Pekmez Küçük,8690000550333,Kavanoz,7,56,63,98
D1,Kahvaltılık,7,5,10,D1-M07-K05-S10,Bereket Pekmez Küçük,8690000550340,Kavanoz,7,63,70,98
D1,Kahvaltılık,7,5,11,D1-M07-K05-S11,Marmara Pekmez Küçük,8690000550357,Kavanoz,7,70,77,98
D1,Kahvaltılık,7,5,12,D1-M07-K05-S12,Usta Pekmez Küçük,8690000550364,Kavanoz,7,77,84,98
D1,Kahvaltılık,7,5,13,D1-M07-K05-S13,Lezzet Pekmez Küçük,8690000550371,Kavanoz,7,84,91,98
D1,Kahvaltılık,7,5,14,D1-M07-K05-S14,Günlük Pekmez Küçük,8690000550388,Kavanoz,7,91,98,98
D1,Kahvaltılık,7,6,1,D1-M07-K06-S01,Usta Pekmez Mini,8690000550395,Kavanoz,6,0,6,96
D1,Kahvaltılık,7,6,2,D1-M07-K06-S02,Lezzet Pekmez Mini,8690000550401,Kavanoz,6,6,12,96
D1,Kahvaltılık,7,6,3,D1-M07-K06-S03,Günlük Pekmez Mini,8690000550418,Kavanoz,6,12,18,96
D1,Kahvaltılık,7,6,4,D1-M07-K06-S04,Evimiz Pekmez Mini,8690000550425,Kavanoz,6,18,24,96
D1,Kahvaltılık,7,6,5,D1-M07-K06-S05,Doğa Pekmez Mini,8690000550432,Kavanoz,6,24,30,96
D1,Kahvaltılık,7,6,6,D1-M07-K06-S06,Premium Pekmez Mini,8690000550449,Kavanoz,6,30,36,96
D1,Kahvaltılık,7,6,7,D1-M07-K06-S07,Emigro Pekmez Mini,8690000550456,Kavanoz,6,36,42,96
D1,Kahvaltılık,7,6,8,D1-M07-K06-S08,Anadolu Pekmez Mini,8690000550463,Kavanoz,6,42,48,96
D1,Kahvaltılık,7,6,9,D1-M07-K06-S09,Bereket Pekmez Mini,8690000550470,Kavanoz,6,48,54,96
D1,Kahvaltılık,7,6,10,D1-M07-K06-S10,Marmara Pekmez Mini,8690000550487,Kavanoz,6,54,60,96
D1,Kahvaltılık,7,6,11,D1-M07-K06-S11,Usta Pekmez Mini,8690000550494,Kavanoz,6,60,66,96
D1,Kahvaltılık,7,6,12,D1-M07-K06-S12,Lezzet Pekmez Mini,8690000550500,Kavanoz,6,66,72,96
D1,Kahvaltılık,7,6,13,D1-M07-K06-S13,Günlük Pekmez Mini,8690000550517,Kavanoz,6,72,78,96
D1,Kahvaltılık,7,6,14,D1-M07-K06-S14,Evimiz Pekmez Mini,8690000550524,Kavanoz,6,78,84,96
D1,Kahvaltılık,7,6,15,D1-M07-K06-S15,Doğa Pekmez Mini,8690000550531,Kavanoz,6,84,90,96
D1,Kahvaltılık,7,6,16,D1-M07-K06-S16,Premium Pekmez Mini,8690000550548,Kavanoz,6,90,96,96
D1,Kahvaltılık,8,1,1,D1-M08-K01-S01,Emigro Siyah Zeytin XL,8690000550555,Kavanoz,12,0,12,96
D1,Kahvaltılık,8,1,2,D1-M08-K01-S02,Anadolu Siyah Zeytin XL,8690000550562,Kavanoz,12,12,24,96
D1,Kahvaltılık,8,1,3,D1-M08-K01-S03,Bereket Siyah Zeytin XL,8690000550579,Kavanoz,12,24,36,96
D1,Kahvaltılık,8,1,4,D1-M08-K01-S04,Marmara Siyah Zeytin XL,8690000550586,Kavanoz,12,36,48,96
D1,Kahvaltılık,8,1,5,D1-M08-K01-S05,Usta Siyah Zeytin XL,8690000550593,Kavanoz,12,48,60,96
D1,Kahvaltılık,8,1,6,D1-M08-K01-S06,Lezzet Siyah Zeytin XL,8690000550609,Kavanoz,12,60,72,96
D1,Kahvaltılık,8,1,7,D1-M08-K01-S07,Günlük Siyah Zeytin XL,8690000550616,Kavanoz,12,72,84,96
D1,Kahvaltılık,8,1,8,D1-M08-K01-S08,Evimiz Siyah Zeytin XL,8690000550623,Kavanoz,12,84,96,96
D1,Kahvaltılık,8,2,1,D1-M08-K02-S01,Anadolu Siyah Zeytin Büyük,8690000550630,Kavanoz,12,0,12,96
D1,Kahvaltılık,8,2,2,D1-M08-K02-S02,Bereket Siyah Zeytin Büyük,8690000550647,Kavanoz,12,12,24,96
D1,Kahvaltılık,8,2,3,D1-M08-K02-S03,Marmara Siyah Zeytin Büyük,8690000550654,Kavanoz,12,24,36,96
D1,Kahvaltılık,8,2,4,D1-M08-K02-S04,Usta Siyah Zeytin Büyük,8690000550661,Kavanoz,12,36,48,96
D1,Kahvaltılık,8,2,5,D1-M08-K02-S05,Lezzet Siyah Zeytin Büyük,8690000550678,Kavanoz,12,48,60,96
D1,Kahvaltılık,8,2,6,D1-M08-K02-S06,Günlük Siyah Zeytin Büyük,8690000550685,Kavanoz,12,60,72,96
D1,Kahvaltılık,8,2,7,D1-M08-K02-S07,Evimiz Siyah Zeytin Büyük,8690000550692,Kavanoz,12,72,84,96
D1,Kahvaltılık,8,2,8,D1-M08-K02-S08,Doğa Siyah Zeytin Büyük,8690000550708,Kavanoz,12,84,96,96
D1,Kahvaltılık,8,3,1,D1-M08-K03-S01,Bereket Siyah Zeytin Standart,8690000550715,Kavanoz,10,0,10,100
D1,Kahvaltılık,8,3,2,D1-M08-K03-S02,Marmara Siyah Zeytin Standart,8690000550722,Kavanoz,10,10,20,100
D1,Kahvaltılık,8,3,3,D1-M08-K03-S03,Usta Siyah Zeytin Standart,8690000550739,Kavanoz,10,20,30,100
D1,Kahvaltılık,8,3,4,D1-M08-K03-S04,Lezzet Siyah Zeytin Standart,8690000550746,Kavanoz,10,30,40,100
D1,Kahvaltılık,8,3,5,D1-M08-K03-S05,Günlük Siyah Zeytin Standart,8690000550753,Kavanoz,10,40,50,100
D1,Kahvaltılık,8,3,6,D1-M08-K03-S06,Evimiz Siyah Zeytin Standart,8690000550760,Kavanoz,10,50,60,100
D1,Kahvaltılık,8,3,7,D1-M08-K03-S07,Doğa Siyah Zeytin Standart,8690000550777,Kavanoz,10,60,70,100
D1,Kahvaltılık,8,3,8,D1-M08-K03-S08,Premium Siyah Zeytin Standart,8690000550784,Kavanoz,10,70,80,100
D1,Kahvaltılık,8,3,9,D1-M08-K03-S09,Emigro Siyah Zeytin Standart,8690000550791,Kavanoz,10,80,90,100
D1,Kahvaltılık,8,3,10,D1-M08-K03-S10,Anadolu Siyah Zeytin Standart,8690000550807,Kavanoz,10,90,100,100
D1,Kahvaltılık,8,4,1,D1-M08-K04-S01,Marmara Siyah Zeytin Orta,8690000550814,Kavanoz,9,0,9,99
D1,Kahvaltılık,8,4,2,D1-M08-K04-S02,Usta Siyah Zeytin Orta,8690000550821,Kavanoz,9,9,18,99
D1,Kahvaltılık,8,4,3,D1-M08-K04-S03,Lezzet Siyah Zeytin Orta,8690000550838,Kavanoz,9,18,27,99
D1,Kahvaltılık,8,4,4,D1-M08-K04-S04,Günlük Siyah Zeytin Orta,8690000550845,Kavanoz,9,27,36,99
D1,Kahvaltılık,8,4,5,D1-M08-K04-S05,Evimiz Siyah Zeytin Orta,8690000550852,Kavanoz,9,36,45,99
D1,Kahvaltılık,8,4,6,D1-M08-K04-S06,Doğa Siyah Zeytin Orta,8690000550869,Kavanoz,9,45,54,99
D1,Kahvaltılık,8,4,7,D1-M08-K04-S07,Premium Siyah Zeytin Orta,8690000550876,Kavanoz,9,54,63,99
D1,Kahvaltılık,8,4,8,D1-M08-K04-S08,Emigro Siyah Zeytin Orta,8690000550883,Kavanoz,9,63,72,99
D1,Kahvaltılık,8,4,9,D1-M08-K04-S09,Anadolu Siyah Zeytin Orta,8690000550890,Kavanoz,9,72,81,99
D1,Kahvaltılık,8,4,10,D1-M08-K04-S10,Bereket Siyah Zeytin Orta,8690000550906,Kavanoz,9,81,90,99
D1,Kahvaltılık,8,4,11,D1-M08-K04-S11,Marmara Siyah Zeytin Orta,8690000550913,Kavanoz,9,90,99,99
D1,Kahvaltılık,8,5,1,D1-M08-K05-S01,Usta Siyah Zeytin Küçük,8690000550920,Kavanoz,8,0,8,96
D1,Kahvaltılık,8,5,2,D1-M08-K05-S02,Lezzet Siyah Zeytin Küçük,8690000550937,Kavanoz,8,8,16,96
D1,Kahvaltılık,8,5,3,D1-M08-K05-S03,Günlük Siyah Zeytin Küçük,8690000550944,Kavanoz,8,16,24,96
D1,Kahvaltılık,8,5,4,D1-M08-K05-S04,Evimiz Siyah Zeytin Küçük,8690000550951,Kavanoz,8,24,32,96
D1,Kahvaltılık,8,5,5,D1-M08-K05-S05,Doğa Siyah Zeytin Küçük,8690000550968,Kavanoz,8,32,40,96
D1,Kahvaltılık,8,5,6,D1-M08-K05-S06,Premium Siyah Zeytin Küçük,8690000550975,Kavanoz,8,40,48,96
D1,Kahvaltılık,8,5,7,D1-M08-K05-S07,Emigro Siyah Zeytin Küçük,8690000550982,Kavanoz,8,48,56,96
D1,Kahvaltılık,8,5,8,D1-M08-K05-S08,Anadolu Siyah Zeytin Küçük,8690000550999,Kavanoz,8,56,64,96
D1,Kahvaltılık,8,5,9,D1-M08-K05-S09,Bereket Siyah Zeytin Küçük,8690000551002,Kavanoz,8,64,72,96
D1,Kahvaltılık,8,5,10,D1-M08-K05-S10,Marmara Siyah Zeytin Küçük,8690000551019,Kavanoz,8,72,80,96
D1,Kahvaltılık,8,5,11,D1-M08-K05-S11,Usta Siyah Zeytin Küçük,8690000551026,Kavanoz,8,80,88,96
D1,Kahvaltılık,8,5,12,D1-M08-K05-S12,Lezzet Siyah Zeytin Küçük,8690000551033,Kavanoz,8,88,96,96
D1,Kahvaltılık,8,6,1,D1-M08-K06-S01,Lezzet Siyah Zeytin Mini,8690000551040,Kavanoz,7,0,7,98
D1,Kahvaltılık,8,6,2,D1-M08-K06-S02,Günlük Siyah Zeytin Mini,8690000551057,Kavanoz,7,7,14,98
D1,Kahvaltılık,8,6,3,D1-M08-K06-S03,Evimiz Siyah Zeytin Mini,8690000551064,Kavanoz,7,14,21,98
D1,Kahvaltılık,8,6,4,D1-M08-K06-S04,Doğa Siyah Zeytin Mini,8690000551071,Kavanoz,7,21,28,98
D1,Kahvaltılık,8,6,5,D1-M08-K06-S05,Premium Siyah Zeytin Mini,8690000551088,Kavanoz,7,28,35,98
D1,Kahvaltılık,8,6,6,D1-M08-K06-S06,Emigro Siyah Zeytin Mini,8690000551095,Kavanoz,7,35,42,98
D1,Kahvaltılık,8,6,7,D1-M08-K06-S07,Anadolu Siyah Zeytin Mini,8690000551101,Kavanoz,7,42,49,98
D1,Kahvaltılık,8,6,8,D1-M08-K06-S08,Bereket Siyah Zeytin Mini,8690000551118,Kavanoz,7,49,56,98
D1,Kahvaltılık,8,6,9,D1-M08-K06-S09,Marmara Siyah Zeytin Mini,8690000551125,Kavanoz,7,56,63,98
D1,Kahvaltılık,8,6,10,D1-M08-K06-S10,Usta Siyah Zeytin Mini,8690000551132,Kavanoz,7,63,70,98
D1,Kahvaltılık,8,6,11,D1-M08-K06-S11,Lezzet Siyah Zeytin Mini,8690000551149,Kavanoz,7,70,77,98
D1,Kahvaltılık,8,6,12,D1-M08-K06-S12,Günlük Siyah Zeytin Mini,8690000551156,Kavanoz,7,77,84,98
D1,Kahvaltılık,8,6,13,D1-M08-K06-S13,Evimiz Siyah Zeytin Mini,8690000551163,Kavanoz,7,84,91,98
D1,Kahvaltılık,8,6,14,D1-M08-K06-S14,Doğa Siyah Zeytin Mini,8690000551170,Kavanoz,7,91,98,98
D1,Kahvaltılık,9,1,1,D1-M09-K01-S01,Anadolu Yeşil Zeytin XL,8690000551187,Kavanoz,12,0,12,96
D1,Kahvaltılık,9,1,2,D1-M09-K01-S02,Bereket Yeşil Zeytin XL,8690000551194,Kavanoz,12,12,24,96
D1,Kahvaltılık,9,1,3,D1-M09-K01-S03,Marmara Yeşil Zeytin XL,8690000551200,Kavanoz,12,24,36,96
D1,Kahvaltılık,9,1,4,D1-M09-K01-S04,Usta Yeşil Zeytin XL,8690000551217,Kavanoz,12,36,48,96
D1,Kahvaltılık,9,1,5,D1-M09-K01-S05,Lezzet Yeşil Zeytin XL,8690000551224,Kavanoz,12,48,60,96
D1,Kahvaltılık,9,1,6,D1-M09-K01-S06,Günlük Yeşil Zeytin XL,8690000551231,Kavanoz,12,60,72,96
D1,Kahvaltılık,9,1,7,D1-M09-K01-S07,Evimiz Yeşil Zeytin XL,8690000551248,Kavanoz,12,72,84,96
D1,Kahvaltılık,9,1,8,D1-M09-K01-S08,Doğa Yeşil Zeytin XL,8690000551255,Kavanoz,12,84,96,96
D1,Kahvaltılık,9,2,1,D1-M09-K02-S01,Bereket Yeşil Zeytin Büyük,8690000551262,Kavanoz,12,0,12,96
D1,Kahvaltılık,9,2,2,D1-M09-K02-S02,Marmara Yeşil Zeytin Büyük,8690000551279,Kavanoz,12,12,24,96
D1,Kahvaltılık,9,2,3,D1-M09-K02-S03,Usta Yeşil Zeytin Büyük,8690000551286,Kavanoz,12,24,36,96
D1,Kahvaltılık,9,2,4,D1-M09-K02-S04,Lezzet Yeşil Zeytin Büyük,8690000551293,Kavanoz,12,36,48,96
D1,Kahvaltılık,9,2,5,D1-M09-K02-S05,Günlük Yeşil Zeytin Büyük,8690000551309,Kavanoz,12,48,60,96
D1,Kahvaltılık,9,2,6,D1-M09-K02-S06,Evimiz Yeşil Zeytin Büyük,8690000551316,Kavanoz,12,60,72,96
D1,Kahvaltılık,9,2,7,D1-M09-K02-S07,Doğa Yeşil Zeytin Büyük,8690000551323,Kavanoz,12,72,84,96
D1,Kahvaltılık,9,2,8,D1-M09-K02-S08,Premium Yeşil Zeytin Büyük,8690000551330,Kavanoz,12,84,96,96
D1,Kahvaltılık,9,3,1,D1-M09-K03-S01,Marmara Yeşil Zeytin Standart,8690000551347,Kavanoz,10,0,10,100
D1,Kahvaltılık,9,3,2,D1-M09-K03-S02,Usta Yeşil Zeytin Standart,8690000551354,Kavanoz,10,10,20,100
D1,Kahvaltılık,9,3,3,D1-M09-K03-S03,Lezzet Yeşil Zeytin Standart,8690000551361,Kavanoz,10,20,30,100
D1,Kahvaltılık,9,3,4,D1-M09-K03-S04,Günlük Yeşil Zeytin Standart,8690000551378,Kavanoz,10,30,40,100
D1,Kahvaltılık,9,3,5,D1-M09-K03-S05,Evimiz Yeşil Zeytin Standart,8690000551385,Kavanoz,10,40,50,100
D1,Kahvaltılık,9,3,6,D1-M09-K03-S06,Doğa Yeşil Zeytin Standart,8690000551392,Kavanoz,10,50,60,100
D1,Kahvaltılık,9,3,7,D1-M09-K03-S07,Premium Yeşil Zeytin Standart,8690000551408,Kavanoz,10,60,70,100
D1,Kahvaltılık,9,3,8,D1-M09-K03-S08,Emigro Yeşil Zeytin Standart,8690000551415,Kavanoz,10,70,80,100
D1,Kahvaltılık,9,3,9,D1-M09-K03-S09,Anadolu Yeşil Zeytin Standart,8690000551422,Kavanoz,10,80,90,100
D1,Kahvaltılık,9,3,10,D1-M09-K03-S10,Bereket Yeşil Zeytin Standart,8690000551439,Kavanoz,10,90,100,100
D1,Kahvaltılık,9,4,1,D1-M09-K04-S01,Usta Yeşil Zeytin Orta,8690000551446,Kavanoz,9,0,9,99
D1,Kahvaltılık,9,4,2,D1-M09-K04-S02,Lezzet Yeşil Zeytin Orta,8690000551453,Kavanoz,9,9,18,99
D1,Kahvaltılık,9,4,3,D1-M09-K04-S03,Günlük Yeşil Zeytin Orta,8690000551460,Kavanoz,9,18,27,99
D1,Kahvaltılık,9,4,4,D1-M09-K04-S04,Evimiz Yeşil Zeytin Orta,8690000551477,Kavanoz,9,27,36,99
D1,Kahvaltılık,9,4,5,D1-M09-K04-S05,Doğa Yeşil Zeytin Orta,8690000551484,Kavanoz,9,36,45,99
D1,Kahvaltılık,9,4,6,D1-M09-K04-S06,Premium Yeşil Zeytin Orta,8690000551491,Kavanoz,9,45,54,99
D1,Kahvaltılık,9,4,7,D1-M09-K04-S07,Emigro Yeşil Zeytin Orta,8690000551507,Kavanoz,9,54,63,99
D1,Kahvaltılık,9,4,8,D1-M09-K04-S08,Anadolu Yeşil Zeytin Orta,8690000551514,Kavanoz,9,63,72,99
D1,Kahvaltılık,9,4,9,D1-M09-K04-S09,Bereket Yeşil Zeytin Orta,8690000551521,Kavanoz,9,72,81,99
D1,Kahvaltılık,9,4,10,D1-M09-K04-S10,Marmara Yeşil Zeytin Orta,8690000551538,Kavanoz,9,81,90,99
D1,Kahvaltılık,9,4,11,D1-M09-K04-S11,Usta Yeşil Zeytin Orta,8690000551545,Kavanoz,9,90,99,99
D1,Kahvaltılık,9,5,1,D1-M09-K05-S01,Lezzet Yeşil Zeytin Küçük,8690000551552,Kavanoz,8,0,8,96
D1,Kahvaltılık,9,5,2,D1-M09-K05-S02,Günlük Yeşil Zeytin Küçük,8690000551569,Kavanoz,8,8,16,96
D1,Kahvaltılık,9,5,3,D1-M09-K05-S03,Evimiz Yeşil Zeytin Küçük,8690000551576,Kavanoz,8,16,24,96
D1,Kahvaltılık,9,5,4,D1-M09-K05-S04,Doğa Yeşil Zeytin Küçük,8690000551583,Kavanoz,8,24,32,96
D1,Kahvaltılık,9,5,5,D1-M09-K05-S05,Premium Yeşil Zeytin Küçük,8690000551590,Kavanoz,8,32,40,96
D1,Kahvaltılık,9,5,6,D1-M09-K05-S06,Emigro Yeşil Zeytin Küçük,8690000551606,Kavanoz,8,40,48,96
D1,Kahvaltılık,9,5,7,D1-M09-K05-S07,Anadolu Yeşil Zeytin Küçük,8690000551613,Kavanoz,8,48,56,96
D1,Kahvaltılık,9,5,8,D1-M09-K05-S08,Bereket Yeşil Zeytin Küçük,8690000551620,Kavanoz,8,56,64,96
D1,Kahvaltılık,9,5,9,D1-M09-K05-S09,Marmara Yeşil Zeytin Küçük,8690000551637,Kavanoz,8,64,72,96
D1,Kahvaltılık,9,5,10,D1-M09-K05-S10,Usta Yeşil Zeytin Küçük,8690000551644,Kavanoz,8,72,80,96
D1,Kahvaltılık,9,5,11,D1-M09-K05-S11,Lezzet Yeşil Zeytin Küçük,8690000551651,Kavanoz,8,80,88,96
D1,Kahvaltılık,9,5,12,D1-M09-K05-S12,Günlük Yeşil Zeytin Küçük,8690000551668,Kavanoz,8,88,96,96
D1,Kahvaltılık,9,6,1,D1-M09-K06-S01,Günlük Yeşil Zeytin Mini,8690000551675,Kavanoz,7,0,7,98
D1,Kahvaltılık,9,6,2,D1-M09-K06-S02,Evimiz Yeşil Zeytin Mini,8690000551682,Kavanoz,7,7,14,98
D1,Kahvaltılık,9,6,3,D1-M09-K06-S03,Doğa Yeşil Zeytin Mini,8690000551699,Kavanoz,7,14,21,98
D1,Kahvaltılık,9,6,4,D1-M09-K06-S04,Premium Yeşil Zeytin Mini,8690000551705,Kavanoz,7,21,28,98
D1,Kahvaltılık,9,6,5,D1-M09-K06-S05,Emigro Yeşil Zeytin Mini,8690000551712,Kavanoz,7,28,35,98
D1,Kahvaltılık,9,6,6,D1-M09-K06-S06,Anadolu Yeşil Zeytin Mini,8690000551729,Kavanoz,7,35,42,98
D1,Kahvaltılık,9,6,7,D1-M09-K06-S07,Bereket Yeşil Zeytin Mini,8690000551736,Kavanoz,7,42,49,98
D1,Kahvaltılık,9,6,8,D1-M09-K06-S08,Marmara Yeşil Zeytin Mini,8690000551743,Kavanoz,7,49,56,98
D1,Kahvaltılık,9,6,9,D1-M09-K06-S09,Usta Yeşil Zeytin Mini,8690000551750,Kavanoz,7,56,63,98
D1,Kahvaltılık,9,6,10,D1-M09-K06-S10,Lezzet Yeşil Zeytin Mini,8690000551767,Kavanoz,7,63,70,98
D1,Kahvaltılık,9,6,11,D1-M09-K06-S11,Günlük Yeşil Zeytin Mini,8690000551774,Kavanoz,7,70,77,98
D1,Kahvaltılık,9,6,12,D1-M09-K06-S12,Evimiz Yeşil Zeytin Mini,8690000551781,Kavanoz,7,77,84,98
D1,Kahvaltılık,9,6,13,D1-M09-K06-S13,Doğa Yeşil Zeytin Mini,8690000551798,Kavanoz,7,84,91,98
D1,Kahvaltılık,9,6,14,D1-M09-K06-S14,Premium Yeşil Zeytin Mini,8690000551804,Kavanoz,7,91,98,98
D1,Kahvaltılık,10,1,1,D1-M10-K01-S01,Bereket Fıstık Ezmesi XL,8690000551811,Kavanoz,11,0,11,99
D1,Kahvaltılık,10,1,2,D1-M10-K01-S02,Marmara Fıstık Ezmesi XL,8690000551828,Kavanoz,11,11,22,99
D1,Kahvaltılık,10,1,3,D1-M10-K01-S03,Usta Fıstık Ezmesi XL,8690000551835,Kavanoz,11,22,33,99
D1,Kahvaltılık,10,1,4,D1-M10-K01-S04,Lezzet Fıstık Ezmesi XL,8690000551842,Kavanoz,11,33,44,99
D1,Kahvaltılık,10,1,5,D1-M10-K01-S05,Günlük Fıstık Ezmesi XL,8690000551859,Kavanoz,11,44,55,99
D1,Kahvaltılık,10,1,6,D1-M10-K01-S06,Evimiz Fıstık Ezmesi XL,8690000551866,Kavanoz,11,55,66,99
D1,Kahvaltılık,10,1,7,D1-M10-K01-S07,Doğa Fıstık Ezmesi XL,8690000551873,Kavanoz,11,66,77,99
D1,Kahvaltılık,10,1,8,D1-M10-K01-S08,Premium Fıstık Ezmesi XL,8690000551880,Kavanoz,11,77,88,99
D1,Kahvaltılık,10,1,9,D1-M10-K01-S09,Emigro Fıstık Ezmesi XL,8690000551897,Kavanoz,11,88,99,99
D1,Kahvaltılık,10,2,1,D1-M10-K02-S01,Marmara Fıstık Ezmesi Büyük,8690000551903,Kavanoz,10,0,10,100
D1,Kahvaltılık,10,2,2,D1-M10-K02-S02,Usta Fıstık Ezmesi Büyük,8690000551910,Kavanoz,10,10,20,100
D1,Kahvaltılık,10,2,3,D1-M10-K02-S03,Lezzet Fıstık Ezmesi Büyük,8690000551927,Kavanoz,10,20,30,100
D1,Kahvaltılık,10,2,4,D1-M10-K02-S04,Günlük Fıstık Ezmesi Büyük,8690000551934,Kavanoz,10,30,40,100
D1,Kahvaltılık,10,2,5,D1-M10-K02-S05,Evimiz Fıstık Ezmesi Büyük,8690000551941,Kavanoz,10,40,50,100
D1,Kahvaltılık,10,2,6,D1-M10-K02-S06,Doğa Fıstık Ezmesi Büyük,8690000551958,Kavanoz,10,50,60,100
D1,Kahvaltılık,10,2,7,D1-M10-K02-S07,Premium Fıstık Ezmesi Büyük,8690000551965,Kavanoz,10,60,70,100
D1,Kahvaltılık,10,2,8,D1-M10-K02-S08,Emigro Fıstık Ezmesi Büyük,8690000551972,Kavanoz,10,70,80,100
D1,Kahvaltılık,10,2,9,D1-M10-K02-S09,Anadolu Fıstık Ezmesi Büyük,8690000551989,Kavanoz,10,80,90,100
D1,Kahvaltılık,10,2,10,D1-M10-K02-S10,Bereket Fıstık Ezmesi Büyük,8690000551996,Kavanoz,10,90,100,100
D1,Kahvaltılık,10,3,1,D1-M10-K03-S01,Usta Fıstık Ezmesi Standart,8690000552009,Kavanoz,9,0,9,99
D1,Kahvaltılık,10,3,2,D1-M10-K03-S02,Lezzet Fıstık Ezmesi Standart,8690000552016,Kavanoz,9,9,18,99
D1,Kahvaltılık,10,3,3,D1-M10-K03-S03,Günlük Fıstık Ezmesi Standart,8690000552023,Kavanoz,9,18,27,99
D1,Kahvaltılık,10,3,4,D1-M10-K03-S04,Evimiz Fıstık Ezmesi Standart,8690000552030,Kavanoz,9,27,36,99
D1,Kahvaltılık,10,3,5,D1-M10-K03-S05,Doğa Fıstık Ezmesi Standart,8690000552047,Kavanoz,9,36,45,99
D1,Kahvaltılık,10,3,6,D1-M10-K03-S06,Premium Fıstık Ezmesi Standart,8690000552054,Kavanoz,9,45,54,99
D1,Kahvaltılık,10,3,7,D1-M10-K03-S07,Emigro Fıstık Ezmesi Standart,8690000552061,Kavanoz,9,54,63,99
D1,Kahvaltılık,10,3,8,D1-M10-K03-S08,Anadolu Fıstık Ezmesi Standart,8690000552078,Kavanoz,9,63,72,99
D1,Kahvaltılık,10,3,9,D1-M10-K03-S09,Bereket Fıstık Ezmesi Standart,8690000552085,Kavanoz,9,72,81,99
D1,Kahvaltılık,10,3,10,D1-M10-K03-S10,Marmara Fıstık Ezmesi Standart,8690000552092,Kavanoz,9,81,90,99
D1,Kahvaltılık,10,3,11,D1-M10-K03-S11,Usta Fıstık Ezmesi Standart,8690000552108,Kavanoz,9,90,99,99
D1,Kahvaltılık,10,4,1,D1-M10-K04-S01,Lezzet Fıstık Ezmesi Orta,8690000552115,Kavanoz,8,0,8,96
D1,Kahvaltılık,10,4,2,D1-M10-K04-S02,Günlük Fıstık Ezmesi Orta,8690000552122,Kavanoz,8,8,16,96
D1,Kahvaltılık,10,4,3,D1-M10-K04-S03,Evimiz Fıstık Ezmesi Orta,8690000552139,Kavanoz,8,16,24,96
D1,Kahvaltılık,10,4,4,D1-M10-K04-S04,Doğa Fıstık Ezmesi Orta,8690000552146,Kavanoz,8,24,32,96
D1,Kahvaltılık,10,4,5,D1-M10-K04-S05,Premium Fıstık Ezmesi Orta,8690000552153,Kavanoz,8,32,40,96
D1,Kahvaltılık,10,4,6,D1-M10-K04-S06,Emigro Fıstık Ezmesi Orta,8690000552160,Kavanoz,8,40,48,96
D1,Kahvaltılık,10,4,7,D1-M10-K04-S07,Anadolu Fıstık Ezmesi Orta,8690000552177,Kavanoz,8,48,56,96
D1,Kahvaltılık,10,4,8,D1-M10-K04-S08,Bereket Fıstık Ezmesi Orta,8690000552184,Kavanoz,8,56,64,96
D1,Kahvaltılık,10,4,9,D1-M10-K04-S09,Marmara Fıstık Ezmesi Orta,8690000552191,Kavanoz,8,64,72,96
D1,Kahvaltılık,10,4,10,D1-M10-K04-S10,Usta Fıstık Ezmesi Orta,8690000552207,Kavanoz,8,72,80,96
D1,Kahvaltılık,10,4,11,D1-M10-K04-S11,Lezzet Fıstık Ezmesi Orta,8690000552214,Kavanoz,8,80,88,96
D1,Kahvaltılık,10,4,12,D1-M10-K04-S12,Günlük Fıstık Ezmesi Orta,8690000552221,Kavanoz,8,88,96,96
D1,Kahvaltılık,10,5,1,D1-M10-K05-S01,Günlük Fıstık Ezmesi Küçük,8690000552238,Kavanoz,7,0,7,98
D1,Kahvaltılık,10,5,2,D1-M10-K05-S02,Evimiz Fıstık Ezmesi Küçük,8690000552245,Kavanoz,7,7,14,98
D1,Kahvaltılık,10,5,3,D1-M10-K05-S03,Doğa Fıstık Ezmesi Küçük,8690000552252,Kavanoz,7,14,21,98
D1,Kahvaltılık,10,5,4,D1-M10-K05-S04,Premium Fıstık Ezmesi Küçük,8690000552269,Kavanoz,7,21,28,98
D1,Kahvaltılık,10,5,5,D1-M10-K05-S05,Emigro Fıstık Ezmesi Küçük,8690000552276,Kavanoz,7,28,35,98
D1,Kahvaltılık,10,5,6,D1-M10-K05-S06,Anadolu Fıstık Ezmesi Küçük,8690000552283,Kavanoz,7,35,42,98
D1,Kahvaltılık,10,5,7,D1-M10-K05-S07,Bereket Fıstık Ezmesi Küçük,8690000552290,Kavanoz,7,42,49,98
D1,Kahvaltılık,10,5,8,D1-M10-K05-S08,Marmara Fıstık Ezmesi Küçük,8690000552306,Kavanoz,7,49,56,98
D1,Kahvaltılık,10,5,9,D1-M10-K05-S09,Usta Fıstık Ezmesi Küçük,8690000552313,Kavanoz,7,56,63,98
D1,Kahvaltılık,10,5,10,D1-M10-K05-S10,Lezzet Fıstık Ezmesi Küçük,8690000552320,Kavanoz,7,63,70,98
D1,Kahvaltılık,10,5,11,D1-M10-K05-S11,Günlük Fıstık Ezmesi Küçük,8690000552337,Kavanoz,7,70,77,98
D1,Kahvaltılık,10,5,12,D1-M10-K05-S12,Evimiz Fıstık Ezmesi Küçük,8690000552344,Kavanoz,7,77,84,98
D1,Kahvaltılık,10,5,13,D1-M10-K05-S13,Doğa Fıstık Ezmesi Küçük,8690000552351,Kavanoz,7,84,91,98
D1,Kahvaltılık,10,5,14,D1-M10-K05-S14,Premium Fıstık Ezmesi Küçük,8690000552368,Kavanoz,7,91,98,98
D1,Kahvaltılık,10,6,1,D1-M10-K06-S01,Evimiz Fıstık Ezmesi Mini,8690000552375,Kavanoz,6,0,6,96
D1,Kahvaltılık,10,6,2,D1-M10-K06-S02,Doğa Fıstık Ezmesi Mini,8690000552382,Kavanoz,6,6,12,96
D1,Kahvaltılık,10,6,3,D1-M10-K06-S03,Premium Fıstık Ezmesi Mini,8690000552399,Kavanoz,6,12,18,96
D1,Kahvaltılık,10,6,4,D1-M10-K06-S04,Emigro Fıstık Ezmesi Mini,8690000552405,Kavanoz,6,18,24,96
D1,Kahvaltılık,10,6,5,D1-M10-K06-S05,Anadolu Fıstık Ezmesi Mini,8690000552412,Kavanoz,6,24,30,96
D1,Kahvaltılık,10,6,6,D1-M10-K06-S06,Bereket Fıstık Ezmesi Mini,8690000552429,Kavanoz,6,30,36,96
D1,Kahvaltılık,10,6,7,D1-M10-K06-S07,Marmara Fıstık Ezmesi Mini,8690000552436,Kavanoz,6,36,42,96
D1,Kahvaltılık,10,6,8,D1-M10-K06-S08,Usta Fıstık Ezmesi Mini,8690000552443,Kavanoz,6,42,48,96
D1,Kahvaltılık,10,6,9,D1-M10-K06-S09,Lezzet Fıstık Ezmesi Mini,8690000552450,Kavanoz,6,48,54,96
D1,Kahvaltılık,10,6,10,D1-M10-K06-S10,Günlük Fıstık Ezmesi Mini,8690000552467,Kavanoz,6,54,60,96
D1,Kahvaltılık,10,6,11,D1-M10-K06-S11,Evimiz Fıstık Ezmesi Mini,8690000552474,Kavanoz,6,60,66,96
D1,Kahvaltılık,10,6,12,D1-M10-K06-S12,Doğa Fıstık Ezmesi Mini,8690000552481,Kavanoz,6,66,72,96
D1,Kahvaltılık,10,6,13,D1-M10-K06-S13,Premium Fıstık Ezmesi Mini,8690000552498,Kavanoz,6,72,78,96
D1,Kahvaltılık,10,6,14,D1-M10-K06-S14,Emigro Fıstık Ezmesi Mini,8690000552504,Kavanoz,6,78,84,96
D1,Kahvaltılık,10,6,15,D1-M10-K06-S15,Anadolu Fıstık Ezmesi Mini,8690000552511,Kavanoz,6,84,90,96
D1,Kahvaltılık,10,6,16,D1-M10-K06-S16,Bereket Fıstık Ezmesi Mini,8690000552528,Kavanoz,6,90,96,96
D2,Atıştırmalık,1,1,1,D2-M01-K01-S01,Marmara Patates Cipsi XL,8690000552535,Paket,22,0,22,88
D2,Atıştırmalık,1,1,2,D2-M01-K01-S02,Usta Patates Cipsi XL,8690000552542,Paket,22,22,44,88
D2,Atıştırmalık,1,1,3,D2-M01-K01-S03,Lezzet Patates Cipsi XL,8690000552559,Paket,22,44,66,88
D2,Atıştırmalık,1,1,4,D2-M01-K01-S04,Günlük Patates Cipsi XL,8690000552566,Paket,22,66,88,88
D2,Atıştırmalık,1,2,1,D2-M01-K02-S01,Usta Patates Cipsi Büyük,8690000552573,Paket,21,0,21,84
D2,Atıştırmalık,1,2,2,D2-M01-K02-S02,Lezzet Patates Cipsi Büyük,8690000552580,Paket,21,21,42,84
D2,Atıştırmalık,1,2,3,D2-M01-K02-S03,Günlük Patates Cipsi Büyük,8690000552597,Paket,21,42,63,84
D2,Atıştırmalık,1,2,4,D2-M01-K02-S04,Evimiz Patates Cipsi Büyük,8690000552603,Paket,21,63,84,84
D2,Atıştırmalık,1,3,1,D2-M01-K03-S01,Lezzet Patates Cipsi Standart,8690000552610,Paket,18,0,18,90
D2,Atıştırmalık,1,3,2,D2-M01-K03-S02,Günlük Patates Cipsi Standart,8690000552627,Paket,18,18,36,90
D2,Atıştırmalık,1,3,3,D2-M01-K03-S03,Evimiz Patates Cipsi Standart,8690000552634,Paket,18,36,54,90
D2,Atıştırmalık,1,3,4,D2-M01-K03-S04,Doğa Patates Cipsi Standart,8690000552641,Paket,18,54,72,90
D2,Atıştırmalık,1,3,5,D2-M01-K03-S05,Premium Patates Cipsi Standart,8690000552658,Paket,18,72,90,90
D2,Atıştırmalık,1,4,1,D2-M01-K04-S01,Günlük Patates Cipsi Orta,8690000552665,Paket,16,0,16,96
D2,Atıştırmalık,1,4,2,D2-M01-K04-S02,Evimiz Patates Cipsi Orta,8690000552672,Paket,16,16,32,96
D2,Atıştırmalık,1,4,3,D2-M01-K04-S03,Doğa Patates Cipsi Orta,8690000552689,Paket,16,32,48,96
D2,Atıştırmalık,1,4,4,D2-M01-K04-S04,Premium Patates Cipsi Orta,8690000552696,Paket,16,48,64,96
D2,Atıştırmalık,1,4,5,D2-M01-K04-S05,Emigro Patates Cipsi Orta,8690000552702,Paket,16,64,80,96
D2,Atıştırmalık,1,4,6,D2-M01-K04-S06,Anadolu Patates Cipsi Orta,8690000552719,Paket,16,80,96,96
D2,Atıştırmalık,1,5,1,D2-M01-K05-S01,Evimiz Patates Cipsi Küçük,8690000552726,Paket,14,0,14,98
D2,Atıştırmalık,1,5,2,D2-M01-K05-S02,Doğa Patates Cipsi Küçük,8690000552733,Paket,14,14,28,98
D2,Atıştırmalık,1,5,3,D2-M01-K05-S03,Premium Patates Cipsi Küçük,8690000552740,Paket,14,28,42,98
D2,Atıştırmalık,1,5,4,D2-M01-K05-S04,Emigro Patates Cipsi Küçük,8690000552757,Paket,14,42,56,98
D2,Atıştırmalık,1,5,5,D2-M01-K05-S05,Anadolu Patates Cipsi Küçük,8690000552764,Paket,14,56,70,98
D2,Atıştırmalık,1,5,6,D2-M01-K05-S06,Bereket Patates Cipsi Küçük,8690000552771,Paket,14,70,84,98
D2,Atıştırmalık,1,5,7,D2-M01-K05-S07,Marmara Patates Cipsi Küçük,8690000552788,Paket,14,84,98,98
D2,Atıştırmalık,1,6,1,D2-M01-K06-S01,Doğa Patates Cipsi Mini,8690000552795,Paket,13,0,13,91
D2,Atıştırmalık,1,6,2,D2-M01-K06-S02,Premium Patates Cipsi Mini,8690000552801,Paket,13,13,26,91
D2,Atıştırmalık,1,6,3,D2-M01-K06-S03,Emigro Patates Cipsi Mini,8690000552818,Paket,13,26,39,91
D2,Atıştırmalık,1,6,4,D2-M01-K06-S04,Anadolu Patates Cipsi Mini,8690000552825,Paket,13,39,52,91
D2,Atıştırmalık,1,6,5,D2-M01-K06-S05,Bereket Patates Cipsi Mini,8690000552832,Paket,13,52,65,91
D2,Atıştırmalık,1,6,6,D2-M01-K06-S06,Marmara Patates Cipsi Mini,8690000552849,Paket,13,65,78,91
D2,Atıştırmalık,1,6,7,D2-M01-K06-S07,Usta Patates Cipsi Mini,8690000552856,Paket,13,78,91,91
D2,Atıştırmalık,2,1,1,D2-M02-K01-S01,Usta Mısır Cipsi XL,8690000552863,Paket,21,0,21,84
D2,Atıştırmalık,2,1,2,D2-M02-K01-S02,Lezzet Mısır Cipsi XL,8690000552870,Paket,21,21,42,84
D2,Atıştırmalık,2,1,3,D2-M02-K01-S03,Günlük Mısır Cipsi XL,8690000552887,Paket,21,42,63,84
D2,Atıştırmalık,2,1,4,D2-M02-K01-S04,Evimiz Mısır Cipsi XL,8690000552894,Paket,21,63,84,84
D2,Atıştırmalık,2,2,1,D2-M02-K02-S01,Lezzet Mısır Cipsi Büyük,8690000552900,Paket,20,0,20,100
D2,Atıştırmalık,2,2,2,D2-M02-K02-S02,Günlük Mısır Cipsi Büyük,8690000552917,Paket,20,20,40,100
D2,Atıştırmalık,2,2,3,D2-M02-K02-S03,Evimiz Mısır Cipsi Büyük,8690000552924,Paket,20,40,60,100
D2,Atıştırmalık,2,2,4,D2-M02-K02-S04,Doğa Mısır Cipsi Büyük,8690000552931,Paket,20,60,80,100
D2,Atıştırmalık,2,2,5,D2-M02-K02-S05,Premium Mısır Cipsi Büyük,8690000552948,Paket,20,80,100,100
D2,Atıştırmalık,2,3,1,D2-M02-K03-S01,Günlük Mısır Cipsi Standart,8690000552955,Paket,17,0,17,85
D2,Atıştırmalık,2,3,2,D2-M02-K03-S02,Evimiz Mısır Cipsi Standart,8690000552962,Paket,17,17,34,85
D2,Atıştırmalık,2,3,3,D2-M02-K03-S03,Doğa Mısır Cipsi Standart,8690000552979,Paket,17,34,51,85
D2,Atıştırmalık,2,3,4,D2-M02-K03-S04,Premium Mısır Cipsi Standart,8690000552986,Paket,17,51,68,85
D2,Atıştırmalık,2,3,5,D2-M02-K03-S05,Emigro Mısır Cipsi Standart,8690000552993,Paket,17,68,85,85
D2,Atıştırmalık,2,4,1,D2-M02-K04-S01,Evimiz Mısır Cipsi Orta,8690000553006,Paket,15,0,15,90
D2,Atıştırmalık,2,4,2,D2-M02-K04-S02,Doğa Mısır Cipsi Orta,8690000553013,Paket,15,15,30,90
D2,Atıştırmalık,2,4,3,D2-M02-K04-S03,Premium Mısır Cipsi Orta,8690000553020,Paket,15,30,45,90
D2,Atıştırmalık,2,4,4,D2-M02-K04-S04,Emigro Mısır Cipsi Orta,8690000553037,Paket,15,45,60,90
D2,Atıştırmalık,2,4,5,D2-M02-K04-S05,Anadolu Mısır Cipsi Orta,8690000553044,Paket,15,60,75,90
D2,Atıştırmalık,2,4,6,D2-M02-K04-S06,Bereket Mısır Cipsi Orta,8690000553051,Paket,15,75,90,90
D2,Atıştırmalık,2,5,1,D2-M02-K05-S01,Doğa Mısır Cipsi Küçük,8690000553068,Paket,14,0,14,98
D2,Atıştırmalık,2,5,2,D2-M02-K05-S02,Premium Mısır Cipsi Küçük,8690000553075,Paket,14,14,28,98
D2,Atıştırmalık,2,5,3,D2-M02-K05-S03,Emigro Mısır Cipsi Küçük,8690000553082,Paket,14,28,42,98
D2,Atıştırmalık,2,5,4,D2-M02-K05-S04,Anadolu Mısır Cipsi Küçük,8690000553099,Paket,14,42,56,98
D2,Atıştırmalık,2,5,5,D2-M02-K05-S05,Bereket Mısır Cipsi Küçük,8690000553105,Paket,14,56,70,98
D2,Atıştırmalık,2,5,6,D2-M02-K05-S06,Marmara Mısır Cipsi Küçük,8690000553112,Paket,14,70,84,98
D2,Atıştırmalık,2,5,7,D2-M02-K05-S07,Usta Mısır Cipsi Küçük,8690000553129,Paket,14,84,98,98
D2,Atıştırmalık,2,6,1,D2-M02-K06-S01,Premium Mısır Cipsi Mini,8690000553136,Paket,12,0,12,96
D2,Atıştırmalık,2,6,2,D2-M02-K06-S02,Emigro Mısır Cipsi Mini,8690000553143,Paket,12,12,24,96
D2,Atıştırmalık,2,6,3,D2-M02-K06-S03,Anadolu Mısır Cipsi Mini,8690000553150,Paket,12,24,36,96
D2,Atıştırmalık,2,6,4,D2-M02-K06-S04,Bereket Mısır Cipsi Mini,8690000553167,Paket,12,36,48,96
D2,Atıştırmalık,2,6,5,D2-M02-K06-S05,Marmara Mısır Cipsi Mini,8690000553174,Paket,12,48,60,96
D2,Atıştırmalık,2,6,6,D2-M02-K06-S06,Usta Mısır Cipsi Mini,8690000553181,Paket,12,60,72,96
D2,Atıştırmalık,2,6,7,D2-M02-K06-S07,Lezzet Mısır Cipsi Mini,8690000553198,Paket,12,72,84,96
D2,Atıştırmalık,2,6,8,D2-M02-K06-S08,Günlük Mısır Cipsi Mini,8690000553204,Paket,12,84,96,96
D2,Atıştırmalık,3,1,1,D2-M03-K01-S01,Lezzet Tuzlu Kraker XL,8690000553211,Paket,12,0,12,96
D2,Atıştırmalık,3,1,2,D2-M03-K01-S02,Günlük Tuzlu Kraker XL,8690000553228,Paket,12,12,24,96
D2,Atıştırmalık,3,1,3,D2-M03-K01-S03,Evimiz Tuzlu Kraker XL,8690000553235,Paket,12,24,36,96
D2,Atıştırmalık,3,1,4,D2-M03-K01-S04,Doğa Tuzlu Kraker XL,8690000553242,Paket,12,36,48,96
D2,Atıştırmalık,3,1,5,D2-M03-K01-S05,Premium Tuzlu Kraker XL,8690000553259,Paket,12,48,60,96
D2,Atıştırmalık,3,1,6,D2-M03-K01-S06,Emigro Tuzlu Kraker XL,8690000553266,Paket,12,60,72,96
D2,Atıştırmalık,3,1,7,D2-M03-K01-S07,Anadolu Tuzlu Kraker XL,8690000553273,Paket,12,72,84,96
D2,Atıştırmalık,3,1,8,D2-M03-K01-S08,Bereket Tuzlu Kraker XL,8690000553280,Paket,12,84,96,96
D2,Atıştırmalık,3,2,1,D2-M03-K02-S01,Günlük Tuzlu Kraker Büyük,8690000553297,Paket,12,0,12,96
D2,Atıştırmalık,3,2,2,D2-M03-K02-S02,Evimiz Tuzlu Kraker Büyük,8690000553303,Paket,12,12,24,96
D2,Atıştırmalık,3,2,3,D2-M03-K02-S03,Doğa Tuzlu Kraker Büyük,8690000553310,Paket,12,24,36,96
D2,Atıştırmalık,3,2,4,D2-M03-K02-S04,Premium Tuzlu Kraker Büyük,8690000553327,Paket,12,36,48,96
D2,Atıştırmalık,3,2,5,D2-M03-K02-S05,Emigro Tuzlu Kraker Büyük,8690000553334,Paket,12,48,60,96
D2,Atıştırmalık,3,2,6,D2-M03-K02-S06,Anadolu Tuzlu Kraker Büyük,8690000553341,Paket,12,60,72,96
D2,Atıştırmalık,3,2,7,D2-M03-K02-S07,Bereket Tuzlu Kraker Büyük,8690000553358,Paket,12,72,84,96
D2,Atıştırmalık,3,2,8,D2-M03-K02-S08,Marmara Tuzlu Kraker Büyük,8690000553365,Paket,12,84,96,96
D2,Atıştırmalık,3,3,1,D2-M03-K03-S01,Evimiz Tuzlu Kraker Standart,8690000553372,Paket,10,0,10,100
D2,Atıştırmalık,3,3,2,D2-M03-K03-S02,Doğa Tuzlu Kraker Standart,8690000553389,Paket,10,10,20,100
D2,Atıştırmalık,3,3,3,D2-M03-K03-S03,Premium Tuzlu Kraker Standart,8690000553396,Paket,10,20,30,100
D2,Atıştırmalık,3,3,4,D2-M03-K03-S04,Emigro Tuzlu Kraker Standart,8690000553402,Paket,10,30,40,100
D2,Atıştırmalık,3,3,5,D2-M03-K03-S05,Anadolu Tuzlu Kraker Standart,8690000553419,Paket,10,40,50,100
D2,Atıştırmalık,3,3,6,D2-M03-K03-S06,Bereket Tuzlu Kraker Standart,8690000553426,Paket,10,50,60,100
D2,Atıştırmalık,3,3,7,D2-M03-K03-S07,Marmara Tuzlu Kraker Standart,8690000553433,Paket,10,60,70,100
D2,Atıştırmalık,3,3,8,D2-M03-K03-S08,Usta Tuzlu Kraker Standart,8690000553440,Paket,10,70,80,100
D2,Atıştırmalık,3,3,9,D2-M03-K03-S09,Lezzet Tuzlu Kraker Standart,8690000553457,Paket,10,80,90,100
D2,Atıştırmalık,3,3,10,D2-M03-K03-S10,Günlük Tuzlu Kraker Standart,8690000553464,Paket,10,90,100,100
D2,Atıştırmalık,3,4,1,D2-M03-K04-S01,Doğa Tuzlu Kraker Orta,8690000553471,Paket,9,0,9,99
D2,Atıştırmalık,3,4,2,D2-M03-K04-S02,Premium Tuzlu Kraker Orta,8690000553488,Paket,9,9,18,99
D2,Atıştırmalık,3,4,3,D2-M03-K04-S03,Emigro Tuzlu Kraker Orta,8690000553495,Paket,9,18,27,99
D2,Atıştırmalık,3,4,4,D2-M03-K04-S04,Anadolu Tuzlu Kraker Orta,8690000553501,Paket,9,27,36,99
D2,Atıştırmalık,3,4,5,D2-M03-K04-S05,Bereket Tuzlu Kraker Orta,8690000553518,Paket,9,36,45,99
D2,Atıştırmalık,3,4,6,D2-M03-K04-S06,Marmara Tuzlu Kraker Orta,8690000553525,Paket,9,45,54,99
D2,Atıştırmalık,3,4,7,D2-M03-K04-S07,Usta Tuzlu Kraker Orta,8690000553532,Paket,9,54,63,99
D2,Atıştırmalık,3,4,8,D2-M03-K04-S08,Lezzet Tuzlu Kraker Orta,8690000553549,Paket,9,63,72,99
D2,Atıştırmalık,3,4,9,D2-M03-K04-S09,Günlük Tuzlu Kraker Orta,8690000553556,Paket,9,72,81,99
D2,Atıştırmalık,3,4,10,D2-M03-K04-S10,Evimiz Tuzlu Kraker Orta,8690000553563,Paket,9,81,90,99
D2,Atıştırmalık,3,4,11,D2-M03-K04-S11,Doğa Tuzlu Kraker Orta,8690000553570,Paket,9,90,99,99
D2,Atıştırmalık,3,5,1,D2-M03-K05-S01,Premium Tuzlu Kraker Küçük,8690000553587,Paket,8,0,8,96
D2,Atıştırmalık,3,5,2,D2-M03-K05-S02,Emigro Tuzlu Kraker Küçük,8690000553594,Paket,8,8,16,96
D2,Atıştırmalık,3,5,3,D2-M03-K05-S03,Anadolu Tuzlu Kraker Küçük,8690000553600,Paket,8,16,24,96
D2,Atıştırmalık,3,5,4,D2-M03-K05-S04,Bereket Tuzlu Kraker Küçük,8690000553617,Paket,8,24,32,96
D2,Atıştırmalık,3,5,5,D2-M03-K05-S05,Marmara Tuzlu Kraker Küçük,8690000553624,Paket,8,32,40,96
D2,Atıştırmalık,3,5,6,D2-M03-K05-S06,Usta Tuzlu Kraker Küçük,8690000553631,Paket,8,40,48,96
D2,Atıştırmalık,3,5,7,D2-M03-K05-S07,Lezzet Tuzlu Kraker Küçük,8690000553648,Paket,8,48,56,96
D2,Atıştırmalık,3,5,8,D2-M03-K05-S08,Günlük Tuzlu Kraker Küçük,8690000553655,Paket,8,56,64,96
D2,Atıştırmalık,3,5,9,D2-M03-K05-S09,Evimiz Tuzlu Kraker Küçük,8690000553662,Paket,8,64,72,96
D2,Atıştırmalık,3,5,10,D2-M03-K05-S10,Doğa Tuzlu Kraker Küçük,8690000553679,Paket,8,72,80,96
D2,Atıştırmalık,3,5,11,D2-M03-K05-S11,Premium Tuzlu Kraker Küçük,8690000553686,Paket,8,80,88,96
D2,Atıştırmalık,3,5,12,D2-M03-K05-S12,Emigro Tuzlu Kraker Küçük,8690000553693,Paket,8,88,96,96
D2,Atıştırmalık,3,6,1,D2-M03-K06-S01,Emigro Tuzlu Kraker Mini,8690000553709,Paket,7,0,7,98
D2,Atıştırmalık,3,6,2,D2-M03-K06-S02,Anadolu Tuzlu Kraker Mini,8690000553716,Paket,7,7,14,98
D2,Atıştırmalık,3,6,3,D2-M03-K06-S03,Bereket Tuzlu Kraker Mini,8690000553723,Paket,7,14,21,98
D2,Atıştırmalık,3,6,4,D2-M03-K06-S04,Marmara Tuzlu Kraker Mini,8690000553730,Paket,7,21,28,98
D2,Atıştırmalık,3,6,5,D2-M03-K06-S05,Usta Tuzlu Kraker Mini,8690000553747,Paket,7,28,35,98
D2,Atıştırmalık,3,6,6,D2-M03-K06-S06,Lezzet Tuzlu Kraker Mini,8690000553754,Paket,7,35,42,98
D2,Atıştırmalık,3,6,7,D2-M03-K06-S07,Günlük Tuzlu Kraker Mini,8690000553761,Paket,7,42,49,98
D2,Atıştırmalık,3,6,8,D2-M03-K06-S08,Evimiz Tuzlu Kraker Mini,8690000553778,Paket,7,49,56,98
D2,Atıştırmalık,3,6,9,D2-M03-K06-S09,Doğa Tuzlu Kraker Mini,8690000553785,Paket,7,56,63,98
D2,Atıştırmalık,3,6,10,D2-M03-K06-S10,Premium Tuzlu Kraker Mini,8690000553792,Paket,7,63,70,98
D2,Atıştırmalık,3,6,11,D2-M03-K06-S11,Emigro Tuzlu Kraker Mini,8690000553808,Paket,7,70,77,98
D2,Atıştırmalık,3,6,12,D2-M03-K06-S12,Anadolu Tuzlu Kraker Mini,8690000553815,Paket,7,77,84,98
D2,Atıştırmalık,3,6,13,D2-M03-K06-S13,Bereket Tuzlu Kraker Mini,8690000553822,Paket,7,84,91,98
D2,Atıştırmalık,3,6,14,D2-M03-K06-S14,Marmara Tuzlu Kraker Mini,8690000553839,Paket,7,91,98,98
D2,Atıştırmalık,4,1,1,D2-M04-K01-S01,Günlük Çubuk Kraker XL,8690000553846,Paket,9,0,9,99
D2,Atıştırmalık,4,1,2,D2-M04-K01-S02,Evimiz Çubuk Kraker XL,8690000553853,Paket,9,9,18,99
D2,Atıştırmalık,4,1,3,D2-M04-K01-S03,Doğa Çubuk Kraker XL,8690000553860,Paket,9,18,27,99
D2,Atıştırmalık,4,1,4,D2-M04-K01-S04,Premium Çubuk Kraker XL,8690000553877,Paket,9,27,36,99
D2,Atıştırmalık,4,1,5,D2-M04-K01-S05,Emigro Çubuk Kraker XL,8690000553884,Paket,9,36,45,99
D2,Atıştırmalık,4,1,6,D2-M04-K01-S06,Anadolu Çubuk Kraker XL,8690000553891,Paket,9,45,54,99
D2,Atıştırmalık,4,1,7,D2-M04-K01-S07,Bereket Çubuk Kraker XL,8690000553907,Paket,9,54,63,99
D2,Atıştırmalık,4,1,8,D2-M04-K01-S08,Marmara Çubuk Kraker XL,8690000553914,Paket,9,63,72,99
D2,Atıştırmalık,4,1,9,D2-M04-K01-S09,Usta Çubuk Kraker XL,8690000553921,Paket,9,72,81,99
D2,Atıştırmalık,4,1,10,D2-M04-K01-S10,Lezzet Çubuk Kraker XL,8690000553938,Paket,9,81,90,99
D2,Atıştırmalık,4,1,11,D2-M04-K01-S11,Günlük Çubuk Kraker XL,8690000553945,Paket,9,90,99,99
D2,Atıştırmalık,4,2,1,D2-M04-K02-S01,Evimiz Çubuk Kraker Büyük,8690000553952,Paket,8,0,8,96
D2,Atıştırmalık,4,2,2,D2-M04-K02-S02,Doğa Çubuk Kraker Büyük,8690000553969,Paket,8,8,16,96
D2,Atıştırmalık,4,2,3,D2-M04-K02-S03,Premium Çubuk Kraker Büyük,8690000553976,Paket,8,16,24,96
D2,Atıştırmalık,4,2,4,D2-M04-K02-S04,Emigro Çubuk Kraker Büyük,8690000553983,Paket,8,24,32,96
D2,Atıştırmalık,4,2,5,D2-M04-K02-S05,Anadolu Çubuk Kraker Büyük,8690000553990,Paket,8,32,40,96
D2,Atıştırmalık,4,2,6,D2-M04-K02-S06,Bereket Çubuk Kraker Büyük,8690000554003,Paket,8,40,48,96
D2,Atıştırmalık,4,2,7,D2-M04-K02-S07,Marmara Çubuk Kraker Büyük,8690000554010,Paket,8,48,56,96
D2,Atıştırmalık,4,2,8,D2-M04-K02-S08,Usta Çubuk Kraker Büyük,8690000554027,Paket,8,56,64,96
D2,Atıştırmalık,4,2,9,D2-M04-K02-S09,Lezzet Çubuk Kraker Büyük,8690000554034,Paket,8,64,72,96
D2,Atıştırmalık,4,2,10,D2-M04-K02-S10,Günlük Çubuk Kraker Büyük,8690000554041,Paket,8,72,80,96
D2,Atıştırmalık,4,2,11,D2-M04-K02-S11,Evimiz Çubuk Kraker Büyük,8690000554058,Paket,8,80,88,96
D2,Atıştırmalık,4,2,12,D2-M04-K02-S12,Doğa Çubuk Kraker Büyük,8690000554065,Paket,8,88,96,96
D2,Atıştırmalık,4,3,1,D2-M04-K03-S01,Doğa Çubuk Kraker Standart,8690000554072,Paket,7,0,7,98
D2,Atıştırmalık,4,3,2,D2-M04-K03-S02,Premium Çubuk Kraker Standart,8690000554089,Paket,7,7,14,98
D2,Atıştırmalık,4,3,3,D2-M04-K03-S03,Emigro Çubuk Kraker Standart,8690000554096,Paket,7,14,21,98
D2,Atıştırmalık,4,3,4,D2-M04-K03-S04,Anadolu Çubuk Kraker Standart,8690000554102,Paket,7,21,28,98
D2,Atıştırmalık,4,3,5,D2-M04-K03-S05,Bereket Çubuk Kraker Standart,8690000554119,Paket,7,28,35,98
D2,Atıştırmalık,4,3,6,D2-M04-K03-S06,Marmara Çubuk Kraker Standart,8690000554126,Paket,7,35,42,98
D2,Atıştırmalık,4,3,7,D2-M04-K03-S07,Usta Çubuk Kraker Standart,8690000554133,Paket,7,42,49,98
D2,Atıştırmalık,4,3,8,D2-M04-K03-S08,Lezzet Çubuk Kraker Standart,8690000554140,Paket,7,49,56,98
D2,Atıştırmalık,4,3,9,D2-M04-K03-S09,Günlük Çubuk Kraker Standart,8690000554157,Paket,7,56,63,98
D2,Atıştırmalık,4,3,10,D2-M04-K03-S10,Evimiz Çubuk Kraker Standart,8690000554164,Paket,7,63,70,98
D2,Atıştırmalık,4,3,11,D2-M04-K03-S11,Doğa Çubuk Kraker Standart,8690000554171,Paket,7,70,77,98
D2,Atıştırmalık,4,3,12,D2-M04-K03-S12,Premium Çubuk Kraker Standart,8690000554188,Paket,7,77,84,98
D2,Atıştırmalık,4,3,13,D2-M04-K03-S13,Emigro Çubuk Kraker Standart,8690000554195,Paket,7,84,91,98
D2,Atıştırmalık,4,3,14,D2-M04-K03-S14,Anadolu Çubuk Kraker Standart,8690000554201,Paket,7,91,98,98
D2,Atıştırmalık,4,4,1,D2-M04-K04-S01,Premium Çubuk Kraker Orta,8690000554218,Paket,6,0,6,96
D2,Atıştırmalık,4,4,2,D2-M04-K04-S02,Emigro Çubuk Kraker Orta,8690000554225,Paket,6,6,12,96
D2,Atıştırmalık,4,4,3,D2-M04-K04-S03,Anadolu Çubuk Kraker Orta,8690000554232,Paket,6,12,18,96
D2,Atıştırmalık,4,4,4,D2-M04-K04-S04,Bereket Çubuk Kraker Orta,8690000554249,Paket,6,18,24,96
D2,Atıştırmalık,4,4,5,D2-M04-K04-S05,Marmara Çubuk Kraker Orta,8690000554256,Paket,6,24,30,96
D2,Atıştırmalık,4,4,6,D2-M04-K04-S06,Usta Çubuk Kraker Orta,8690000554263,Paket,6,30,36,96
D2,Atıştırmalık,4,4,7,D2-M04-K04-S07,Lezzet Çubuk Kraker Orta,8690000554270,Paket,6,36,42,96
D2,Atıştırmalık,4,4,8,D2-M04-K04-S08,Günlük Çubuk Kraker Orta,8690000554287,Paket,6,42,48,96
D2,Atıştırmalık,4,4,9,D2-M04-K04-S09,Evimiz Çubuk Kraker Orta,8690000554294,Paket,6,48,54,96
D2,Atıştırmalık,4,4,10,D2-M04-K04-S10,Doğa Çubuk Kraker Orta,8690000554300,Paket,6,54,60,96
D2,Atıştırmalık,4,4,11,D2-M04-K04-S11,Premium Çubuk Kraker Orta,8690000554317,Paket,6,60,66,96
D2,Atıştırmalık,4,4,12,D2-M04-K04-S12,Emigro Çubuk Kraker Orta,8690000554324,Paket,6,66,72,96
D2,Atıştırmalık,4,4,13,D2-M04-K04-S13,Anadolu Çubuk Kraker Orta,8690000554331,Paket,6,72,78,96
D2,Atıştırmalık,4,4,14,D2-M04-K04-S14,Bereket Çubuk Kraker Orta,8690000554348,Paket,6,78,84,96
D2,Atıştırmalık,4,4,15,D2-M04-K04-S15,Marmara Çubuk Kraker Orta,8690000554355,Paket,6,84,90,96
D2,Atıştırmalık,4,4,16,D2-M04-K04-S16,Usta Çubuk Kraker Orta,8690000554362,Paket,6,90,96,96
D2,Atıştırmalık,4,5,1,D2-M04-K05-S01,Emigro Çubuk Kraker Küçük,8690000554379,Paket,6,0,6,96
D2,Atıştırmalık,4,5,2,D2-M04-K05-S02,Anadolu Çubuk Kraker Küçük,8690000554386,Paket,6,6,12,96
D2,Atıştırmalık,4,5,3,D2-M04-K05-S03,Bereket Çubuk Kraker Küçük,8690000554393,Paket,6,12,18,96
D2,Atıştırmalık,4,5,4,D2-M04-K05-S04,Marmara Çubuk Kraker Küçük,8690000554409,Paket,6,18,24,96
D2,Atıştırmalık,4,5,5,D2-M04-K05-S05,Usta Çubuk Kraker Küçük,8690000554416,Paket,6,24,30,96
D2,Atıştırmalık,4,5,6,D2-M04-K05-S06,Lezzet Çubuk Kraker Küçük,8690000554423,Paket,6,30,36,96
D2,Atıştırmalık,4,5,7,D2-M04-K05-S07,Günlük Çubuk Kraker Küçük,8690000554430,Paket,6,36,42,96
D2,Atıştırmalık,4,5,8,D2-M04-K05-S08,Evimiz Çubuk Kraker Küçük,8690000554447,Paket,6,42,48,96
D2,Atıştırmalık,4,5,9,D2-M04-K05-S09,Doğa Çubuk Kraker Küçük,8690000554454,Paket,6,48,54,96
D2,Atıştırmalık,4,5,10,D2-M04-K05-S10,Premium Çubuk Kraker Küçük,8690000554461,Paket,6,54,60,96
D2,Atıştırmalık,4,5,11,D2-M04-K05-S11,Emigro Çubuk Kraker Küçük,8690000554478,Paket,6,60,66,96
D2,Atıştırmalık,4,5,12,D2-M04-K05-S12,Anadolu Çubuk Kraker Küçük,8690000554485,Paket,6,66,72,96
D2,Atıştırmalık,4,5,13,D2-M04-K05-S13,Bereket Çubuk Kraker Küçük,8690000554492,Paket,6,72,78,96
D2,Atıştırmalık,4,5,14,D2-M04-K05-S14,Marmara Çubuk Kraker Küçük,8690000554508,Paket,6,78,84,96
D2,Atıştırmalık,4,5,15,D2-M04-K05-S15,Usta Çubuk Kraker Küçük,8690000554515,Paket,6,84,90,96
D2,Atıştırmalık,4,5,16,D2-M04-K05-S16,Lezzet Çubuk Kraker Küçük,8690000554522,Paket,6,90,96,96
D2,Atıştırmalık,4,6,1,D2-M04-K06-S01,Anadolu Çubuk Kraker Mini,8690000554539,Paket,5,0,5,100
D2,Atıştırmalık,4,6,2,D2-M04-K06-S02,Bereket Çubuk Kraker Mini,8690000554546,Paket,5,5,10,100
D2,Atıştırmalık,4,6,3,D2-M04-K06-S03,Marmara Çubuk Kraker Mini,8690000554553,Paket,5,10,15,100
D2,Atıştırmalık,4,6,4,D2-M04-K06-S04,Usta Çubuk Kraker Mini,8690000554560,Paket,5,15,20,100
D2,Atıştırmalık,4,6,5,D2-M04-K06-S05,Lezzet Çubuk Kraker Mini,8690000554577,Paket,5,20,25,100
D2,Atıştırmalık,4,6,6,D2-M04-K06-S06,Günlük Çubuk Kraker Mini,8690000554584,Paket,5,25,30,100
D2,Atıştırmalık,4,6,7,D2-M04-K06-S07,Evimiz Çubuk Kraker Mini,8690000554591,Paket,5,30,35,100
D2,Atıştırmalık,4,6,8,D2-M04-K06-S08,Doğa Çubuk Kraker Mini,8690000554607,Paket,5,35,40,100
D2,Atıştırmalık,4,6,9,D2-M04-K06-S09,Premium Çubuk Kraker Mini,8690000554614,Paket,5,40,45,100
D2,Atıştırmalık,4,6,10,D2-M04-K06-S10,Emigro Çubuk Kraker Mini,8690000554621,Paket,5,45,50,100
D2,Atıştırmalık,4,6,11,D2-M04-K06-S11,Anadolu Çubuk Kraker Mini,8690000554638,Paket,5,50,55,100
D2,Atıştırmalık,4,6,12,D2-M04-K06-S12,Bereket Çubuk Kraker Mini,8690000554645,Paket,5,55,60,100
D2,Atıştırmalık,4,6,13,D2-M04-K06-S13,Marmara Çubuk Kraker Mini,8690000554652,Paket,5,60,65,100
D2,Atıştırmalık,4,6,14,D2-M04-K06-S14,Usta Çubuk Kraker Mini,8690000554669,Paket,5,65,70,100
D2,Atıştırmalık,4,6,15,D2-M04-K06-S15,Lezzet Çubuk Kraker Mini,8690000554676,Paket,5,70,75,100
D2,Atıştırmalık,4,6,16,D2-M04-K06-S16,Günlük Çubuk Kraker Mini,8690000554683,Paket,5,75,80,100
D2,Atıştırmalık,4,6,17,D2-M04-K06-S17,Evimiz Çubuk Kraker Mini,8690000554690,Paket,5,80,85,100
D2,Atıştırmalık,4,6,18,D2-M04-K06-S18,Doğa Çubuk Kraker Mini,8690000554706,Paket,5,85,90,100
D2,Atıştırmalık,4,6,19,D2-M04-K06-S19,Premium Çubuk Kraker Mini,8690000554713,Paket,5,90,95,100
D2,Atıştırmalık,4,6,20,D2-M04-K06-S20,Emigro Çubuk Kraker Mini,8690000554720,Paket,5,95,100,100
D2,Atıştırmalık,5,1,1,D2-M05-K01-S01,Evimiz Sütlü Çikolata XL,8690000554737,Adet,6,0,6,96
D2,Atıştırmalık,5,1,2,D2-M05-K01-S02,Doğa Sütlü Çikolata XL,8690000554744,Adet,6,6,12,96
D2,Atıştırmalık,5,1,3,D2-M05-K01-S03,Premium Sütlü Çikolata XL,8690000554751,Adet,6,12,18,96
D2,Atıştırmalık,5,1,4,D2-M05-K01-S04,Emigro Sütlü Çikolata XL,8690000554768,Adet,6,18,24,96
D2,Atıştırmalık,5,1,5,D2-M05-K01-S05,Anadolu Sütlü Çikolata XL,8690000554775,Adet,6,24,30,96
D2,Atıştırmalık,5,1,6,D2-M05-K01-S06,Bereket Sütlü Çikolata XL,8690000554782,Adet,6,30,36,96
D2,Atıştırmalık,5,1,7,D2-M05-K01-S07,Marmara Sütlü Çikolata XL,8690000554799,Adet,6,36,42,96
D2,Atıştırmalık,5,1,8,D2-M05-K01-S08,Usta Sütlü Çikolata XL,8690000554805,Adet,6,42,48,96
D2,Atıştırmalık,5,1,9,D2-M05-K01-S09,Lezzet Sütlü Çikolata XL,8690000554812,Adet,6,48,54,96
D2,Atıştırmalık,5,1,10,D2-M05-K01-S10,Günlük Sütlü Çikolata XL,8690000554829,Adet,6,54,60,96
D2,Atıştırmalık,5,1,11,D2-M05-K01-S11,Evimiz Sütlü Çikolata XL,8690000554836,Adet,6,60,66,96
D2,Atıştırmalık,5,1,12,D2-M05-K01-S12,Doğa Sütlü Çikolata XL,8690000554843,Adet,6,66,72,96
D2,Atıştırmalık,5,1,13,D2-M05-K01-S13,Premium Sütlü Çikolata XL,8690000554850,Adet,6,72,78,96
D2,Atıştırmalık,5,1,14,D2-M05-K01-S14,Emigro Sütlü Çikolata XL,8690000554867,Adet,6,78,84,96
D2,Atıştırmalık,5,1,15,D2-M05-K01-S15,Anadolu Sütlü Çikolata XL,8690000554874,Adet,6,84,90,96
D2,Atıştırmalık,5,1,16,D2-M05-K01-S16,Bereket Sütlü Çikolata XL,8690000554881,Adet,6,90,96,96
D2,Atıştırmalık,5,2,1,D2-M05-K02-S01,Doğa Sütlü Çikolata Büyük,8690000554898,Adet,6,0,6,96
D2,Atıştırmalık,5,2,2,D2-M05-K02-S02,Premium Sütlü Çikolata Büyük,8690000554904,Adet,6,6,12,96
D2,Atıştırmalık,5,2,3,D2-M05-K02-S03,Emigro Sütlü Çikolata Büyük,8690000554911,Adet,6,12,18,96
D2,Atıştırmalık,5,2,4,D2-M05-K02-S04,Anadolu Sütlü Çikolata Büyük,8690000554928,Adet,6,18,24,96
D2,Atıştırmalık,5,2,5,D2-M05-K02-S05,Bereket Sütlü Çikolata Büyük,8690000554935,Adet,6,24,30,96
D2,Atıştırmalık,5,2,6,D2-M05-K02-S06,Marmara Sütlü Çikolata Büyük,8690000554942,Adet,6,30,36,96
D2,Atıştırmalık,5,2,7,D2-M05-K02-S07,Usta Sütlü Çikolata Büyük,8690000554959,Adet,6,36,42,96
D2,Atıştırmalık,5,2,8,D2-M05-K02-S08,Lezzet Sütlü Çikolata Büyük,8690000554966,Adet,6,42,48,96
D2,Atıştırmalık,5,2,9,D2-M05-K02-S09,Günlük Sütlü Çikolata Büyük,8690000554973,Adet,6,48,54,96
D2,Atıştırmalık,5,2,10,D2-M05-K02-S10,Evimiz Sütlü Çikolata Büyük,8690000554980,Adet,6,54,60,96
D2,Atıştırmalık,5,2,11,D2-M05-K02-S11,Doğa Sütlü Çikolata Büyük,8690000554997,Adet,6,60,66,96
D2,Atıştırmalık,5,2,12,D2-M05-K02-S12,Premium Sütlü Çikolata Büyük,8690000555000,Adet,6,66,72,96
D2,Atıştırmalık,5,2,13,D2-M05-K02-S13,Emigro Sütlü Çikolata Büyük,8690000555017,Adet,6,72,78,96
D2,Atıştırmalık,5,2,14,D2-M05-K02-S14,Anadolu Sütlü Çikolata Büyük,8690000555024,Adet,6,78,84,96
D2,Atıştırmalık,5,2,15,D2-M05-K02-S15,Bereket Sütlü Çikolata Büyük,8690000555031,Adet,6,84,90,96
D2,Atıştırmalık,5,2,16,D2-M05-K02-S16,Marmara Sütlü Çikolata Büyük,8690000555048,Adet,6,90,96,96
D2,Atıştırmalık,5,3,1,D2-M05-K03-S01,Premium Sütlü Çikolata Standart,8690000555055,Adet,5,0,5,100
D2,Atıştırmalık,5,3,2,D2-M05-K03-S02,Emigro Sütlü Çikolata Standart,8690000555062,Adet,5,5,10,100
D2,Atıştırmalık,5,3,3,D2-M05-K03-S03,Anadolu Sütlü Çikolata Standart,8690000555079,Adet,5,10,15,100
D2,Atıştırmalık,5,3,4,D2-M05-K03-S04,Bereket Sütlü Çikolata Standart,8690000555086,Adet,5,15,20,100
D2,Atıştırmalık,5,3,5,D2-M05-K03-S05,Marmara Sütlü Çikolata Standart,8690000555093,Adet,5,20,25,100
D2,Atıştırmalık,5,3,6,D2-M05-K03-S06,Usta Sütlü Çikolata Standart,8690000555109,Adet,5,25,30,100
D2,Atıştırmalık,5,3,7,D2-M05-K03-S07,Lezzet Sütlü Çikolata Standart,8690000555116,Adet,5,30,35,100
D2,Atıştırmalık,5,3,8,D2-M05-K03-S08,Günlük Sütlü Çikolata Standart,8690000555123,Adet,5,35,40,100
D2,Atıştırmalık,5,3,9,D2-M05-K03-S09,Evimiz Sütlü Çikolata Standart,8690000555130,Adet,5,40,45,100
D2,Atıştırmalık,5,3,10,D2-M05-K03-S10,Doğa Sütlü Çikolata Standart,8690000555147,Adet,5,45,50,100
D2,Atıştırmalık,5,3,11,D2-M05-K03-S11,Premium Sütlü Çikolata Standart,8690000555154,Adet,5,50,55,100
D2,Atıştırmalık,5,3,12,D2-M05-K03-S12,Emigro Sütlü Çikolata Standart,8690000555161,Adet,5,55,60,100
D2,Atıştırmalık,5,3,13,D2-M05-K03-S13,Anadolu Sütlü Çikolata Standart,8690000555178,Adet,5,60,65,100
D2,Atıştırmalık,5,3,14,D2-M05-K03-S14,Bereket Sütlü Çikolata Standart,8690000555185,Adet,5,65,70,100
D2,Atıştırmalık,5,3,15,D2-M05-K03-S15,Marmara Sütlü Çikolata Standart,8690000555192,Adet,5,70,75,100
D2,Atıştırmalık,5,3,16,D2-M05-K03-S16,Usta Sütlü Çikolata Standart,8690000555208,Adet,5,75,80,100
D2,Atıştırmalık,5,3,17,D2-M05-K03-S17,Lezzet Sütlü Çikolata Standart,8690000555215,Adet,5,80,85,100
D2,Atıştırmalık,5,3,18,D2-M05-K03-S18,Günlük Sütlü Çikolata Standart,8690000555222,Adet,5,85,90,100
D2,Atıştırmalık,5,3,19,D2-M05-K03-S19,Evimiz Sütlü Çikolata Standart,8690000555239,Adet,5,90,95,100
D2,Atıştırmalık,5,3,20,D2-M05-K03-S20,Doğa Sütlü Çikolata Standart,8690000555246,Adet,5,95,100,100
D2,Atıştırmalık,5,4,1,D2-M05-K04-S01,Emigro Sütlü Çikolata Orta,8690000555253,Adet,4,0,4,100
D2,Atıştırmalık,5,4,2,D2-M05-K04-S02,Anadolu Sütlü Çikolata Orta,8690000555260,Adet,4,4,8,100
D2,Atıştırmalık,5,4,3,D2-M05-K04-S03,Bereket Sütlü Çikolata Orta,8690000555277,Adet,4,8,12,100
D2,Atıştırmalık,5,4,4,D2-M05-K04-S04,Marmara Sütlü Çikolata Orta,8690000555284,Adet,4,12,16,100
D2,Atıştırmalık,5,4,5,D2-M05-K04-S05,Usta Sütlü Çikolata Orta,8690000555291,Adet,4,16,20,100
D2,Atıştırmalık,5,4,6,D2-M05-K04-S06,Lezzet Sütlü Çikolata Orta,8690000555307,Adet,4,20,24,100
D2,Atıştırmalık,5,4,7,D2-M05-K04-S07,Günlük Sütlü Çikolata Orta,8690000555314,Adet,4,24,28,100
D2,Atıştırmalık,5,4,8,D2-M05-K04-S08,Evimiz Sütlü Çikolata Orta,8690000555321,Adet,4,28,32,100
D2,Atıştırmalık,5,4,9,D2-M05-K04-S09,Doğa Sütlü Çikolata Orta,8690000555338,Adet,4,32,36,100
D2,Atıştırmalık,5,4,10,D2-M05-K04-S10,Premium Sütlü Çikolata Orta,8690000555345,Adet,4,36,40,100
D2,Atıştırmalık,5,4,11,D2-M05-K04-S11,Emigro Sütlü Çikolata Orta,8690000555352,Adet,4,40,44,100
D2,Atıştırmalık,5,4,12,D2-M05-K04-S12,Anadolu Sütlü Çikolata Orta,8690000555369,Adet,4,44,48,100
D2,Atıştırmalık,5,4,13,D2-M05-K04-S13,Bereket Sütlü Çikolata Orta,8690000555376,Adet,4,48,52,100
D2,Atıştırmalık,5,4,14,D2-M05-K04-S14,Marmara Sütlü Çikolata Orta,8690000555383,Adet,4,52,56,100
D2,Atıştırmalık,5,4,15,D2-M05-K04-S15,Usta Sütlü Çikolata Orta,8690000555390,Adet,4,56,60,100
D2,Atıştırmalık,5,4,16,D2-M05-K04-S16,Lezzet Sütlü Çikolata Orta,8690000555406,Adet,4,60,64,100
D2,Atıştırmalık,5,4,17,D2-M05-K04-S17,Günlük Sütlü Çikolata Orta,8690000555413,Adet,4,64,68,100
D2,Atıştırmalık,5,4,18,D2-M05-K04-S18,Evimiz Sütlü Çikolata Orta,8690000555420,Adet,4,68,72,100
D2,Atıştırmalık,5,4,19,D2-M05-K04-S19,Doğa Sütlü Çikolata Orta,8690000555437,Adet,4,72,76,100
D2,Atıştırmalık,5,4,20,D2-M05-K04-S20,Premium Sütlü Çikolata Orta,8690000555444,Adet,4,76,80,100
D2,Atıştırmalık,5,4,21,D2-M05-K04-S21,Emigro Sütlü Çikolata Orta,8690000555451,Adet,4,80,84,100
D2,Atıştırmalık,5,4,22,D2-M05-K04-S22,Anadolu Sütlü Çikolata Orta,8690000555468,Adet,4,84,88,100
D2,Atıştırmalık,5,4,23,D2-M05-K04-S23,Bereket Sütlü Çikolata Orta,8690000555475,Adet,4,88,92,100
D2,Atıştırmalık,5,4,24,D2-M05-K04-S24,Marmara Sütlü Çikolata Orta,8690000555482,Adet,4,92,96,100
D2,Atıştırmalık,5,4,25,D2-M05-K04-S25,Usta Sütlü Çikolata Orta,8690000555499,Adet,4,96,100,100
D2,Atıştırmalık,5,5,1,D2-M05-K05-S01,Anadolu Sütlü Çikolata Küçük,8690000555505,Adet,4,0,4,100
D2,Atıştırmalık,5,5,2,D2-M05-K05-S02,Bereket Sütlü Çikolata Küçük,8690000555512,Adet,4,4,8,100
D2,Atıştırmalık,5,5,3,D2-M05-K05-S03,Marmara Sütlü Çikolata Küçük,8690000555529,Adet,4,8,12,100
D2,Atıştırmalık,5,5,4,D2-M05-K05-S04,Usta Sütlü Çikolata Küçük,8690000555536,Adet,4,12,16,100
D2,Atıştırmalık,5,5,5,D2-M05-K05-S05,Lezzet Sütlü Çikolata Küçük,8690000555543,Adet,4,16,20,100
D2,Atıştırmalık,5,5,6,D2-M05-K05-S06,Günlük Sütlü Çikolata Küçük,8690000555550,Adet,4,20,24,100
D2,Atıştırmalık,5,5,7,D2-M05-K05-S07,Evimiz Sütlü Çikolata Küçük,8690000555567,Adet,4,24,28,100
D2,Atıştırmalık,5,5,8,D2-M05-K05-S08,Doğa Sütlü Çikolata Küçük,8690000555574,Adet,4,28,32,100
D2,Atıştırmalık,5,5,9,D2-M05-K05-S09,Premium Sütlü Çikolata Küçük,8690000555581,Adet,4,32,36,100
D2,Atıştırmalık,5,5,10,D2-M05-K05-S10,Emigro Sütlü Çikolata Küçük,8690000555598,Adet,4,36,40,100
D2,Atıştırmalık,5,5,11,D2-M05-K05-S11,Anadolu Sütlü Çikolata Küçük,8690000555604,Adet,4,40,44,100
D2,Atıştırmalık,5,5,12,D2-M05-K05-S12,Bereket Sütlü Çikolata Küçük,8690000555611,Adet,4,44,48,100
D2,Atıştırmalık,5,5,13,D2-M05-K05-S13,Marmara Sütlü Çikolata Küçük,8690000555628,Adet,4,48,52,100
D2,Atıştırmalık,5,5,14,D2-M05-K05-S14,Usta Sütlü Çikolata Küçük,8690000555635,Adet,4,52,56,100
D2,Atıştırmalık,5,5,15,D2-M05-K05-S15,Lezzet Sütlü Çikolata Küçük,8690000555642,Adet,4,56,60,100
D2,Atıştırmalık,5,5,16,D2-M05-K05-S16,Günlük Sütlü Çikolata Küçük,8690000555659,Adet,4,60,64,100
D2,Atıştırmalık,5,5,17,D2-M05-K05-S17,Evimiz Sütlü Çikolata Küçük,8690000555666,Adet,4,64,68,100
D2,Atıştırmalık,5,5,18,D2-M05-K05-S18,Doğa Sütlü Çikolata Küçük,8690000555673,Adet,4,68,72,100
D2,Atıştırmalık,5,5,19,D2-M05-K05-S19,Premium Sütlü Çikolata Küçük,8690000555680,Adet,4,72,76,100
D2,Atıştırmalık,5,5,20,D2-M05-K05-S20,Emigro Sütlü Çikolata Küçük,8690000555697,Adet,4,76,80,100
D2,Atıştırmalık,5,5,21,D2-M05-K05-S21,Anadolu Sütlü Çikolata Küçük,8690000555703,Adet,4,80,84,100
D2,Atıştırmalık,5,5,22,D2-M05-K05-S22,Bereket Sütlü Çikolata Küçük,8690000555710,Adet,4,84,88,100
D2,Atıştırmalık,5,5,23,D2-M05-K05-S23,Marmara Sütlü Çikolata Küçük,8690000555727,Adet,4,88,92,100
D2,Atıştırmalık,5,5,24,D2-M05-K05-S24,Usta Sütlü Çikolata Küçük,8690000555734,Adet,4,92,96,100
D2,Atıştırmalık,5,5,25,D2-M05-K05-S25,Lezzet Sütlü Çikolata Küçük,8690000555741,Adet,4,96,100,100
D2,Atıştırmalık,5,6,1,D2-M05-K06-S01,Bereket Sütlü Çikolata Mini,8690000555758,Adet,4,0,4,100
D2,Atıştırmalık,5,6,2,D2-M05-K06-S02,Marmara Sütlü Çikolata Mini,8690000555765,Adet,4,4,8,100
D2,Atıştırmalık,5,6,3,D2-M05-K06-S03,Usta Sütlü Çikolata Mini,8690000555772,Adet,4,8,12,100
D2,Atıştırmalık,5,6,4,D2-M05-K06-S04,Lezzet Sütlü Çikolata Mini,8690000555789,Adet,4,12,16,100
D2,Atıştırmalık,5,6,5,D2-M05-K06-S05,Günlük Sütlü Çikolata Mini,8690000555796,Adet,4,16,20,100
D2,Atıştırmalık,5,6,6,D2-M05-K06-S06,Evimiz Sütlü Çikolata Mini,8690000555802,Adet,4,20,24,100
D2,Atıştırmalık,5,6,7,D2-M05-K06-S07,Doğa Sütlü Çikolata Mini,8690000555819,Adet,4,24,28,100
D2,Atıştırmalık,5,6,8,D2-M05-K06-S08,Premium Sütlü Çikolata Mini,8690000555826,Adet,4,28,32,100
D2,Atıştırmalık,5,6,9,D2-M05-K06-S09,Emigro Sütlü Çikolata Mini,8690000555833,Adet,4,32,36,100
D2,Atıştırmalık,5,6,10,D2-M05-K06-S10,Anadolu Sütlü Çikolata Mini,8690000555840,Adet,4,36,40,100
D2,Atıştırmalık,5,6,11,D2-M05-K06-S11,Bereket Sütlü Çikolata Mini,8690000555857,Adet,4,40,44,100
D2,Atıştırmalık,5,6,12,D2-M05-K06-S12,Marmara Sütlü Çikolata Mini,8690000555864,Adet,4,44,48,100
D2,Atıştırmalık,5,6,13,D2-M05-K06-S13,Usta Sütlü Çikolata Mini,8690000555871,Adet,4,48,52,100
D2,Atıştırmalık,5,6,14,D2-M05-K06-S14,Lezzet Sütlü Çikolata Mini,8690000555888,Adet,4,52,56,100
D2,Atıştırmalık,5,6,15,D2-M05-K06-S15,Günlük Sütlü Çikolata Mini,8690000555895,Adet,4,56,60,100
D2,Atıştırmalık,5,6,16,D2-M05-K06-S16,Evimiz Sütlü Çikolata Mini,8690000555901,Adet,4,60,64,100
D2,Atıştırmalık,5,6,17,D2-M05-K06-S17,Doğa Sütlü Çikolata Mini,8690000555918,Adet,4,64,68,100
D2,Atıştırmalık,5,6,18,D2-M05-K06-S18,Premium Sütlü Çikolata Mini,8690000555925,Adet,4,68,72,100
D2,Atıştırmalık,5,6,19,D2-M05-K06-S19,Emigro Sütlü Çikolata Mini,8690000555932,Adet,4,72,76,100
D2,Atıştırmalık,5,6,20,D2-M05-K06-S20,Anadolu Sütlü Çikolata Mini,8690000555949,Adet,4,76,80,100
D2,Atıştırmalık,5,6,21,D2-M05-K06-S21,Bereket Sütlü Çikolata Mini,8690000555956,Adet,4,80,84,100
D2,Atıştırmalık,5,6,22,D2-M05-K06-S22,Marmara Sütlü Çikolata Mini,8690000555963,Adet,4,84,88,100
D2,Atıştırmalık,5,6,23,D2-M05-K06-S23,Usta Sütlü Çikolata Mini,8690000555970,Adet,4,88,92,100
D2,Atıştırmalık,5,6,24,D2-M05-K06-S24,Lezzet Sütlü Çikolata Mini,8690000555987,Adet,4,92,96,100
D2,Atıştırmalık,5,6,25,D2-M05-K06-S25,Günlük Sütlü Çikolata Mini,8690000555994,Adet,4,96,100,100
D2,Atıştırmalık,6,1,1,D2-M06-K01-S01,Doğa Bitter Çikolata XL,8690000556007,Adet,6,0,6,96
D2,Atıştırmalık,6,1,2,D2-M06-K01-S02,Premium Bitter Çikolata XL,8690000556014,Adet,6,6,12,96
D2,Atıştırmalık,6,1,3,D2-M06-K01-S03,Emigro Bitter Çikolata XL,8690000556021,Adet,6,12,18,96
D2,Atıştırmalık,6,1,4,D2-M06-K01-S04,Anadolu Bitter Çikolata XL,8690000556038,Adet,6,18,24,96
D2,Atıştırmalık,6,1,5,D2-M06-K01-S05,Bereket Bitter Çikolata XL,8690000556045,Adet,6,24,30,96
D2,Atıştırmalık,6,1,6,D2-M06-K01-S06,Marmara Bitter Çikolata XL,8690000556052,Adet,6,30,36,96
D2,Atıştırmalık,6,1,7,D2-M06-K01-S07,Usta Bitter Çikolata XL,8690000556069,Adet,6,36,42,96
D2,Atıştırmalık,6,1,8,D2-M06-K01-S08,Lezzet Bitter Çikolata XL,8690000556076,Adet,6,42,48,96
D2,Atıştırmalık,6,1,9,D2-M06-K01-S09,Günlük Bitter Çikolata XL,8690000556083,Adet,6,48,54,96
D2,Atıştırmalık,6,1,10,D2-M06-K01-S10,Evimiz Bitter Çikolata XL,8690000556090,Adet,6,54,60,96
D2,Atıştırmalık,6,1,11,D2-M06-K01-S11,Doğa Bitter Çikolata XL,8690000556106,Adet,6,60,66,96
D2,Atıştırmalık,6,1,12,D2-M06-K01-S12,Premium Bitter Çikolata XL,8690000556113,Adet,6,66,72,96
D2,Atıştırmalık,6,1,13,D2-M06-K01-S13,Emigro Bitter Çikolata XL,8690000556120,Adet,6,72,78,96
D2,Atıştırmalık,6,1,14,D2-M06-K01-S14,Anadolu Bitter Çikolata XL,8690000556137,Adet,6,78,84,96
D2,Atıştırmalık,6,1,15,D2-M06-K01-S15,Bereket Bitter Çikolata XL,8690000556144,Adet,6,84,90,96
D2,Atıştırmalık,6,1,16,D2-M06-K01-S16,Marmara Bitter Çikolata XL,8690000556151,Adet,6,90,96,96
D2,Atıştırmalık,6,2,1,D2-M06-K02-S01,Premium Bitter Çikolata Büyük,8690000556168,Adet,6,0,6,96
D2,Atıştırmalık,6,2,2,D2-M06-K02-S02,Emigro Bitter Çikolata Büyük,8690000556175,Adet,6,6,12,96
D2,Atıştırmalık,6,2,3,D2-M06-K02-S03,Anadolu Bitter Çikolata Büyük,8690000556182,Adet,6,12,18,96
D2,Atıştırmalık,6,2,4,D2-M06-K02-S04,Bereket Bitter Çikolata Büyük,8690000556199,Adet,6,18,24,96
D2,Atıştırmalık,6,2,5,D2-M06-K02-S05,Marmara Bitter Çikolata Büyük,8690000556205,Adet,6,24,30,96
D2,Atıştırmalık,6,2,6,D2-M06-K02-S06,Usta Bitter Çikolata Büyük,8690000556212,Adet,6,30,36,96
D2,Atıştırmalık,6,2,7,D2-M06-K02-S07,Lezzet Bitter Çikolata Büyük,8690000556229,Adet,6,36,42,96
D2,Atıştırmalık,6,2,8,D2-M06-K02-S08,Günlük Bitter Çikolata Büyük,8690000556236,Adet,6,42,48,96
D2,Atıştırmalık,6,2,9,D2-M06-K02-S09,Evimiz Bitter Çikolata Büyük,8690000556243,Adet,6,48,54,96
D2,Atıştırmalık,6,2,10,D2-M06-K02-S10,Doğa Bitter Çikolata Büyük,8690000556250,Adet,6,54,60,96
D2,Atıştırmalık,6,2,11,D2-M06-K02-S11,Premium Bitter Çikolata Büyük,8690000556267,Adet,6,60,66,96
D2,Atıştırmalık,6,2,12,D2-M06-K02-S12,Emigro Bitter Çikolata Büyük,8690000556274,Adet,6,66,72,96
D2,Atıştırmalık,6,2,13,D2-M06-K02-S13,Anadolu Bitter Çikolata Büyük,8690000556281,Adet,6,72,78,96
D2,Atıştırmalık,6,2,14,D2-M06-K02-S14,Bereket Bitter Çikolata Büyük,8690000556298,Adet,6,78,84,96
D2,Atıştırmalık,6,2,15,D2-M06-K02-S15,Marmara Bitter Çikolata Büyük,8690000556304,Adet,6,84,90,96
D2,Atıştırmalık,6,2,16,D2-M06-K02-S16,Usta Bitter Çikolata Büyük,8690000556311,Adet,6,90,96,96
D2,Atıştırmalık,6,3,1,D2-M06-K03-S01,Emigro Bitter Çikolata Standart,8690000556328,Adet,5,0,5,100
D2,Atıştırmalık,6,3,2,D2-M06-K03-S02,Anadolu Bitter Çikolata Standart,8690000556335,Adet,5,5,10,100
D2,Atıştırmalık,6,3,3,D2-M06-K03-S03,Bereket Bitter Çikolata Standart,8690000556342,Adet,5,10,15,100
D2,Atıştırmalık,6,3,4,D2-M06-K03-S04,Marmara Bitter Çikolata Standart,8690000556359,Adet,5,15,20,100
D2,Atıştırmalık,6,3,5,D2-M06-K03-S05,Usta Bitter Çikolata Standart,8690000556366,Adet,5,20,25,100
D2,Atıştırmalık,6,3,6,D2-M06-K03-S06,Lezzet Bitter Çikolata Standart,8690000556373,Adet,5,25,30,100
D2,Atıştırmalık,6,3,7,D2-M06-K03-S07,Günlük Bitter Çikolata Standart,8690000556380,Adet,5,30,35,100
D2,Atıştırmalık,6,3,8,D2-M06-K03-S08,Evimiz Bitter Çikolata Standart,8690000556397,Adet,5,35,40,100
D2,Atıştırmalık,6,3,9,D2-M06-K03-S09,Doğa Bitter Çikolata Standart,8690000556403,Adet,5,40,45,100
D2,Atıştırmalık,6,3,10,D2-M06-K03-S10,Premium Bitter Çikolata Standart,8690000556410,Adet,5,45,50,100
D2,Atıştırmalık,6,3,11,D2-M06-K03-S11,Emigro Bitter Çikolata Standart,8690000556427,Adet,5,50,55,100
D2,Atıştırmalık,6,3,12,D2-M06-K03-S12,Anadolu Bitter Çikolata Standart,8690000556434,Adet,5,55,60,100
D2,Atıştırmalık,6,3,13,D2-M06-K03-S13,Bereket Bitter Çikolata Standart,8690000556441,Adet,5,60,65,100
D2,Atıştırmalık,6,3,14,D2-M06-K03-S14,Marmara Bitter Çikolata Standart,8690000556458,Adet,5,65,70,100
D2,Atıştırmalık,6,3,15,D2-M06-K03-S15,Usta Bitter Çikolata Standart,8690000556465,Adet,5,70,75,100
D2,Atıştırmalık,6,3,16,D2-M06-K03-S16,Lezzet Bitter Çikolata Standart,8690000556472,Adet,5,75,80,100
D2,Atıştırmalık,6,3,17,D2-M06-K03-S17,Günlük Bitter Çikolata Standart,8690000556489,Adet,5,80,85,100
D2,Atıştırmalık,6,3,18,D2-M06-K03-S18,Evimiz Bitter Çikolata Standart,8690000556496,Adet,5,85,90,100
D2,Atıştırmalık,6,3,19,D2-M06-K03-S19,Doğa Bitter Çikolata Standart,8690000556502,Adet,5,90,95,100
D2,Atıştırmalık,6,3,20,D2-M06-K03-S20,Premium Bitter Çikolata Standart,8690000556519,Adet,5,95,100,100
D2,Atıştırmalık,6,4,1,D2-M06-K04-S01,Anadolu Bitter Çikolata Orta,8690000556526,Adet,4,0,4,100
D2,Atıştırmalık,6,4,2,D2-M06-K04-S02,Bereket Bitter Çikolata Orta,8690000556533,Adet,4,4,8,100
D2,Atıştırmalık,6,4,3,D2-M06-K04-S03,Marmara Bitter Çikolata Orta,8690000556540,Adet,4,8,12,100
D2,Atıştırmalık,6,4,4,D2-M06-K04-S04,Usta Bitter Çikolata Orta,8690000556557,Adet,4,12,16,100
D2,Atıştırmalık,6,4,5,D2-M06-K04-S05,Lezzet Bitter Çikolata Orta,8690000556564,Adet,4,16,20,100
D2,Atıştırmalık,6,4,6,D2-M06-K04-S06,Günlük Bitter Çikolata Orta,8690000556571,Adet,4,20,24,100
D2,Atıştırmalık,6,4,7,D2-M06-K04-S07,Evimiz Bitter Çikolata Orta,8690000556588,Adet,4,24,28,100
D2,Atıştırmalık,6,4,8,D2-M06-K04-S08,Doğa Bitter Çikolata Orta,8690000556595,Adet,4,28,32,100
D2,Atıştırmalık,6,4,9,D2-M06-K04-S09,Premium Bitter Çikolata Orta,8690000556601,Adet,4,32,36,100
D2,Atıştırmalık,6,4,10,D2-M06-K04-S10,Emigro Bitter Çikolata Orta,8690000556618,Adet,4,36,40,100
D2,Atıştırmalık,6,4,11,D2-M06-K04-S11,Anadolu Bitter Çikolata Orta,8690000556625,Adet,4,40,44,100
D2,Atıştırmalık,6,4,12,D2-M06-K04-S12,Bereket Bitter Çikolata Orta,8690000556632,Adet,4,44,48,100
D2,Atıştırmalık,6,4,13,D2-M06-K04-S13,Marmara Bitter Çikolata Orta,8690000556649,Adet,4,48,52,100
D2,Atıştırmalık,6,4,14,D2-M06-K04-S14,Usta Bitter Çikolata Orta,8690000556656,Adet,4,52,56,100
D2,Atıştırmalık,6,4,15,D2-M06-K04-S15,Lezzet Bitter Çikolata Orta,8690000556663,Adet,4,56,60,100
D2,Atıştırmalık,6,4,16,D2-M06-K04-S16,Günlük Bitter Çikolata Orta,8690000556670,Adet,4,60,64,100
D2,Atıştırmalık,6,4,17,D2-M06-K04-S17,Evimiz Bitter Çikolata Orta,8690000556687,Adet,4,64,68,100
D2,Atıştırmalık,6,4,18,D2-M06-K04-S18,Doğa Bitter Çikolata Orta,8690000556694,Adet,4,68,72,100
D2,Atıştırmalık,6,4,19,D2-M06-K04-S19,Premium Bitter Çikolata Orta,8690000556700,Adet,4,72,76,100
D2,Atıştırmalık,6,4,20,D2-M06-K04-S20,Emigro Bitter Çikolata Orta,8690000556717,Adet,4,76,80,100
D2,Atıştırmalık,6,4,21,D2-M06-K04-S21,Anadolu Bitter Çikolata Orta,8690000556724,Adet,4,80,84,100
D2,Atıştırmalık,6,4,22,D2-M06-K04-S22,Bereket Bitter Çikolata Orta,8690000556731,Adet,4,84,88,100
D2,Atıştırmalık,6,4,23,D2-M06-K04-S23,Marmara Bitter Çikolata Orta,8690000556748,Adet,4,88,92,100
D2,Atıştırmalık,6,4,24,D2-M06-K04-S24,Usta Bitter Çikolata Orta,8690000556755,Adet,4,92,96,100
D2,Atıştırmalık,6,4,25,D2-M06-K04-S25,Lezzet Bitter Çikolata Orta,8690000556762,Adet,4,96,100,100
D2,Atıştırmalık,6,5,1,D2-M06-K05-S01,Bereket Bitter Çikolata Küçük,8690000556779,Adet,4,0,4,100
D2,Atıştırmalık,6,5,2,D2-M06-K05-S02,Marmara Bitter Çikolata Küçük,8690000556786,Adet,4,4,8,100
D2,Atıştırmalık,6,5,3,D2-M06-K05-S03,Usta Bitter Çikolata Küçük,8690000556793,Adet,4,8,12,100
D2,Atıştırmalık,6,5,4,D2-M06-K05-S04,Lezzet Bitter Çikolata Küçük,8690000556809,Adet,4,12,16,100
D2,Atıştırmalık,6,5,5,D2-M06-K05-S05,Günlük Bitter Çikolata Küçük,8690000556816,Adet,4,16,20,100
D2,Atıştırmalık,6,5,6,D2-M06-K05-S06,Evimiz Bitter Çikolata Küçük,8690000556823,Adet,4,20,24,100
D2,Atıştırmalık,6,5,7,D2-M06-K05-S07,Doğa Bitter Çikolata Küçük,8690000556830,Adet,4,24,28,100
D2,Atıştırmalık,6,5,8,D2-M06-K05-S08,Premium Bitter Çikolata Küçük,8690000556847,Adet,4,28,32,100
D2,Atıştırmalık,6,5,9,D2-M06-K05-S09,Emigro Bitter Çikolata Küçük,8690000556854,Adet,4,32,36,100
D2,Atıştırmalık,6,5,10,D2-M06-K05-S10,Anadolu Bitter Çikolata Küçük,8690000556861,Adet,4,36,40,100
D2,Atıştırmalık,6,5,11,D2-M06-K05-S11,Bereket Bitter Çikolata Küçük,8690000556878,Adet,4,40,44,100
D2,Atıştırmalık,6,5,12,D2-M06-K05-S12,Marmara Bitter Çikolata Küçük,8690000556885,Adet,4,44,48,100
D2,Atıştırmalık,6,5,13,D2-M06-K05-S13,Usta Bitter Çikolata Küçük,8690000556892,Adet,4,48,52,100
D2,Atıştırmalık,6,5,14,D2-M06-K05-S14,Lezzet Bitter Çikolata Küçük,8690000556908,Adet,4,52,56,100
D2,Atıştırmalık,6,5,15,D2-M06-K05-S15,Günlük Bitter Çikolata Küçük,8690000556915,Adet,4,56,60,100
D2,Atıştırmalık,6,5,16,D2-M06-K05-S16,Evimiz Bitter Çikolata Küçük,8690000556922,Adet,4,60,64,100
D2,Atıştırmalık,6,5,17,D2-M06-K05-S17,Doğa Bitter Çikolata Küçük,8690000556939,Adet,4,64,68,100
D2,Atıştırmalık,6,5,18,D2-M06-K05-S18,Premium Bitter Çikolata Küçük,8690000556946,Adet,4,68,72,100
D2,Atıştırmalık,6,5,19,D2-M06-K05-S19,Emigro Bitter Çikolata Küçük,8690000556953,Adet,4,72,76,100
D2,Atıştırmalık,6,5,20,D2-M06-K05-S20,Anadolu Bitter Çikolata Küçük,8690000556960,Adet,4,76,80,100
D2,Atıştırmalık,6,5,21,D2-M06-K05-S21,Bereket Bitter Çikolata Küçük,8690000556977,Adet,4,80,84,100
D2,Atıştırmalık,6,5,22,D2-M06-K05-S22,Marmara Bitter Çikolata Küçük,8690000556984,Adet,4,84,88,100
D2,Atıştırmalık,6,5,23,D2-M06-K05-S23,Usta Bitter Çikolata Küçük,8690000556991,Adet,4,88,92,100
D2,Atıştırmalık,6,5,24,D2-M06-K05-S24,Lezzet Bitter Çikolata Küçük,8690000557004,Adet,4,92,96,100
D2,Atıştırmalık,6,5,25,D2-M06-K05-S25,Günlük Bitter Çikolata Küçük,8690000557011,Adet,4,96,100,100
D2,Atıştırmalık,6,6,1,D2-M06-K06-S01,Marmara Bitter Çikolata Mini,8690000557028,Adet,4,0,4,100
D2,Atıştırmalık,6,6,2,D2-M06-K06-S02,Usta Bitter Çikolata Mini,8690000557035,Adet,4,4,8,100
D2,Atıştırmalık,6,6,3,D2-M06-K06-S03,Lezzet Bitter Çikolata Mini,8690000557042,Adet,4,8,12,100
D2,Atıştırmalık,6,6,4,D2-M06-K06-S04,Günlük Bitter Çikolata Mini,8690000557059,Adet,4,12,16,100
D2,Atıştırmalık,6,6,5,D2-M06-K06-S05,Evimiz Bitter Çikolata Mini,8690000557066,Adet,4,16,20,100
D2,Atıştırmalık,6,6,6,D2-M06-K06-S06,Doğa Bitter Çikolata Mini,8690000557073,Adet,4,20,24,100
D2,Atıştırmalık,6,6,7,D2-M06-K06-S07,Premium Bitter Çikolata Mini,8690000557080,Adet,4,24,28,100
D2,Atıştırmalık,6,6,8,D2-M06-K06-S08,Emigro Bitter Çikolata Mini,8690000557097,Adet,4,28,32,100
D2,Atıştırmalık,6,6,9,D2-M06-K06-S09,Anadolu Bitter Çikolata Mini,8690000557103,Adet,4,32,36,100
D2,Atıştırmalık,6,6,10,D2-M06-K06-S10,Bereket Bitter Çikolata Mini,8690000557110,Adet,4,36,40,100
D2,Atıştırmalık,6,6,11,D2-M06-K06-S11,Marmara Bitter Çikolata Mini,8690000557127,Adet,4,40,44,100
D2,Atıştırmalık,6,6,12,D2-M06-K06-S12,Usta Bitter Çikolata Mini,8690000557134,Adet,4,44,48,100
D2,Atıştırmalık,6,6,13,D2-M06-K06-S13,Lezzet Bitter Çikolata Mini,8690000557141,Adet,4,48,52,100
D2,Atıştırmalık,6,6,14,D2-M06-K06-S14,Günlük Bitter Çikolata Mini,8690000557158,Adet,4,52,56,100
D2,Atıştırmalık,6,6,15,D2-M06-K06-S15,Evimiz Bitter Çikolata Mini,8690000557165,Adet,4,56,60,100
D2,Atıştırmalık,6,6,16,D2-M06-K06-S16,Doğa Bitter Çikolata Mini,8690000557172,Adet,4,60,64,100
D2,Atıştırmalık,6,6,17,D2-M06-K06-S17,Premium Bitter Çikolata Mini,8690000557189,Adet,4,64,68,100
D2,Atıştırmalık,6,6,18,D2-M06-K06-S18,Emigro Bitter Çikolata Mini,8690000557196,Adet,4,68,72,100
D2,Atıştırmalık,6,6,19,D2-M06-K06-S19,Anadolu Bitter Çikolata Mini,8690000557202,Adet,4,72,76,100
D2,Atıştırmalık,6,6,20,D2-M06-K06-S20,Bereket Bitter Çikolata Mini,8690000557219,Adet,4,76,80,100
D2,Atıştırmalık,6,6,21,D2-M06-K06-S21,Marmara Bitter Çikolata Mini,8690000557226,Adet,4,80,84,100
D2,Atıştırmalık,6,6,22,D2-M06-K06-S22,Usta Bitter Çikolata Mini,8690000557233,Adet,4,84,88,100
D2,Atıştırmalık,6,6,23,D2-M06-K06-S23,Lezzet Bitter Çikolata Mini,8690000557240,Adet,4,88,92,100
D2,Atıştırmalık,6,6,24,D2-M06-K06-S24,Günlük Bitter Çikolata Mini,8690000557257,Adet,4,92,96,100
D2,Atıştırmalık,6,6,25,D2-M06-K06-S25,Evimiz Bitter Çikolata Mini,8690000557264,Adet,4,96,100,100
D2,Atıştırmalık,7,1,1,D2-M07-K01-S01,Premium Gofret XL,8690000557271,Adet,5,0,5,100
D2,Atıştırmalık,7,1,2,D2-M07-K01-S02,Emigro Gofret XL,8690000557288,Adet,5,5,10,100
D2,Atıştırmalık,7,1,3,D2-M07-K01-S03,Anadolu Gofret XL,8690000557295,Adet,5,10,15,100
D2,Atıştırmalık,7,1,4,D2-M07-K01-S04,Bereket Gofret XL,8690000557301,Adet,5,15,20,100
D2,Atıştırmalık,7,1,5,D2-M07-K01-S05,Marmara Gofret XL,8690000557318,Adet,5,20,25,100
D2,Atıştırmalık,7,1,6,D2-M07-K01-S06,Usta Gofret XL,8690000557325,Adet,5,25,30,100
D2,Atıştırmalık,7,1,7,D2-M07-K01-S07,Lezzet Gofret XL,8690000557332,Adet,5,30,35,100
D2,Atıştırmalık,7,1,8,D2-M07-K01-S08,Günlük Gofret XL,8690000557349,Adet,5,35,40,100
D2,Atıştırmalık,7,1,9,D2-M07-K01-S09,Evimiz Gofret XL,8690000557356,Adet,5,40,45,100
D2,Atıştırmalık,7,1,10,D2-M07-K01-S10,Doğa Gofret XL,8690000557363,Adet,5,45,50,100
D2,Atıştırmalık,7,1,11,D2-M07-K01-S11,Premium Gofret XL,8690000557370,Adet,5,50,55,100
D2,Atıştırmalık,7,1,12,D2-M07-K01-S12,Emigro Gofret XL,8690000557387,Adet,5,55,60,100
D2,Atıştırmalık,7,1,13,D2-M07-K01-S13,Anadolu Gofret XL,8690000557394,Adet,5,60,65,100
D2,Atıştırmalık,7,1,14,D2-M07-K01-S14,Bereket Gofret XL,8690000557400,Adet,5,65,70,100
D2,Atıştırmalık,7,1,15,D2-M07-K01-S15,Marmara Gofret XL,8690000557417,Adet,5,70,75,100
D2,Atıştırmalık,7,1,16,D2-M07-K01-S16,Usta Gofret XL,8690000557424,Adet,5,75,80,100
D2,Atıştırmalık,7,1,17,D2-M07-K01-S17,Lezzet Gofret XL,8690000557431,Adet,5,80,85,100
D2,Atıştırmalık,7,1,18,D2-M07-K01-S18,Günlük Gofret XL,8690000557448,Adet,5,85,90,100
D2,Atıştırmalık,7,1,19,D2-M07-K01-S19,Evimiz Gofret XL,8690000557455,Adet,5,90,95,100
D2,Atıştırmalık,7,1,20,D2-M07-K01-S20,Doğa Gofret XL,8690000557462,Adet,5,95,100,100
D2,Atıştırmalık,7,2,1,D2-M07-K02-S01,Emigro Gofret Büyük,8690000557479,Adet,5,0,5,100
D2,Atıştırmalık,7,2,2,D2-M07-K02-S02,Anadolu Gofret Büyük,8690000557486,Adet,5,5,10,100
D2,Atıştırmalık,7,2,3,D2-M07-K02-S03,Bereket Gofret Büyük,8690000557493,Adet,5,10,15,100
D2,Atıştırmalık,7,2,4,D2-M07-K02-S04,Marmara Gofret Büyük,8690000557509,Adet,5,15,20,100
D2,Atıştırmalık,7,2,5,D2-M07-K02-S05,Usta Gofret Büyük,8690000557516,Adet,5,20,25,100
D2,Atıştırmalık,7,2,6,D2-M07-K02-S06,Lezzet Gofret Büyük,8690000557523,Adet,5,25,30,100
D2,Atıştırmalık,7,2,7,D2-M07-K02-S07,Günlük Gofret Büyük,8690000557530,Adet,5,30,35,100
D2,Atıştırmalık,7,2,8,D2-M07-K02-S08,Evimiz Gofret Büyük,8690000557547,Adet,5,35,40,100
D2,Atıştırmalık,7,2,9,D2-M07-K02-S09,Doğa Gofret Büyük,8690000557554,Adet,5,40,45,100
D2,Atıştırmalık,7,2,10,D2-M07-K02-S10,Premium Gofret Büyük,8690000557561,Adet,5,45,50,100
D2,Atıştırmalık,7,2,11,D2-M07-K02-S11,Emigro Gofret Büyük,8690000557578,Adet,5,50,55,100
D2,Atıştırmalık,7,2,12,D2-M07-K02-S12,Anadolu Gofret Büyük,8690000557585,Adet,5,55,60,100
D2,Atıştırmalık,7,2,13,D2-M07-K02-S13,Bereket Gofret Büyük,8690000557592,Adet,5,60,65,100
D2,Atıştırmalık,7,2,14,D2-M07-K02-S14,Marmara Gofret Büyük,8690000557608,Adet,5,65,70,100
D2,Atıştırmalık,7,2,15,D2-M07-K02-S15,Usta Gofret Büyük,8690000557615,Adet,5,70,75,100
D2,Atıştırmalık,7,2,16,D2-M07-K02-S16,Lezzet Gofret Büyük,8690000557622,Adet,5,75,80,100
D2,Atıştırmalık,7,2,17,D2-M07-K02-S17,Günlük Gofret Büyük,8690000557639,Adet,5,80,85,100
D2,Atıştırmalık,7,2,18,D2-M07-K02-S18,Evimiz Gofret Büyük,8690000557646,Adet,5,85,90,100
D2,Atıştırmalık,7,2,19,D2-M07-K02-S19,Doğa Gofret Büyük,8690000557653,Adet,5,90,95,100
D2,Atıştırmalık,7,2,20,D2-M07-K02-S20,Premium Gofret Büyük,8690000557660,Adet,5,95,100,100
D2,Atıştırmalık,7,3,1,D2-M07-K03-S01,Anadolu Gofret Standart,8690000557677,Adet,4,0,4,100
D2,Atıştırmalık,7,3,2,D2-M07-K03-S02,Bereket Gofret Standart,8690000557684,Adet,4,4,8,100
D2,Atıştırmalık,7,3,3,D2-M07-K03-S03,Marmara Gofret Standart,8690000557691,Adet,4,8,12,100
D2,Atıştırmalık,7,3,4,D2-M07-K03-S04,Usta Gofret Standart,8690000557707,Adet,4,12,16,100
D2,Atıştırmalık,7,3,5,D2-M07-K03-S05,Lezzet Gofret Standart,8690000557714,Adet,4,16,20,100
D2,Atıştırmalık,7,3,6,D2-M07-K03-S06,Günlük Gofret Standart,8690000557721,Adet,4,20,24,100
D2,Atıştırmalık,7,3,7,D2-M07-K03-S07,Evimiz Gofret Standart,8690000557738,Adet,4,24,28,100
D2,Atıştırmalık,7,3,8,D2-M07-K03-S08,Doğa Gofret Standart,8690000557745,Adet,4,28,32,100
D2,Atıştırmalık,7,3,9,D2-M07-K03-S09,Premium Gofret Standart,8690000557752,Adet,4,32,36,100
D2,Atıştırmalık,7,3,10,D2-M07-K03-S10,Emigro Gofret Standart,8690000557769,Adet,4,36,40,100
D2,Atıştırmalık,7,3,11,D2-M07-K03-S11,Anadolu Gofret Standart,8690000557776,Adet,4,40,44,100
D2,Atıştırmalık,7,3,12,D2-M07-K03-S12,Bereket Gofret Standart,8690000557783,Adet,4,44,48,100
D2,Atıştırmalık,7,3,13,D2-M07-K03-S13,Marmara Gofret Standart,8690000557790,Adet,4,48,52,100
D2,Atıştırmalık,7,3,14,D2-M07-K03-S14,Usta Gofret Standart,8690000557806,Adet,4,52,56,100
D2,Atıştırmalık,7,3,15,D2-M07-K03-S15,Lezzet Gofret Standart,8690000557813,Adet,4,56,60,100
D2,Atıştırmalık,7,3,16,D2-M07-K03-S16,Günlük Gofret Standart,8690000557820,Adet,4,60,64,100
D2,Atıştırmalık,7,3,17,D2-M07-K03-S17,Evimiz Gofret Standart,8690000557837,Adet,4,64,68,100
D2,Atıştırmalık,7,3,18,D2-M07-K03-S18,Doğa Gofret Standart,8690000557844,Adet,4,68,72,100
D2,Atıştırmalık,7,3,19,D2-M07-K03-S19,Premium Gofret Standart,8690000557851,Adet,4,72,76,100
D2,Atıştırmalık,7,3,20,D2-M07-K03-S20,Emigro Gofret Standart,8690000557868,Adet,4,76,80,100
D2,Atıştırmalık,7,3,21,D2-M07-K03-S21,Anadolu Gofret Standart,8690000557875,Adet,4,80,84,100
D2,Atıştırmalık,7,3,22,D2-M07-K03-S22,Bereket Gofret Standart,8690000557882,Adet,4,84,88,100
D2,Atıştırmalık,7,3,23,D2-M07-K03-S23,Marmara Gofret Standart,8690000557899,Adet,4,88,92,100
D2,Atıştırmalık,7,3,24,D2-M07-K03-S24,Usta Gofret Standart,8690000557905,Adet,4,92,96,100
D2,Atıştırmalık,7,3,25,D2-M07-K03-S25,Lezzet Gofret Standart,8690000557912,Adet,4,96,100,100
D2,Atıştırmalık,7,4,1,D2-M07-K04-S01,Bereket Gofret Orta,8690000557929,Adet,4,0,4,100
D2,Atıştırmalık,7,4,2,D2-M07-K04-S02,Marmara Gofret Orta,8690000557936,Adet,4,4,8,100
D2,Atıştırmalık,7,4,3,D2-M07-K04-S03,Usta Gofret Orta,8690000557943,Adet,4,8,12,100
D2,Atıştırmalık,7,4,4,D2-M07-K04-S04,Lezzet Gofret Orta,8690000557950,Adet,4,12,16,100
D2,Atıştırmalık,7,4,5,D2-M07-K04-S05,Günlük Gofret Orta,8690000557967,Adet,4,16,20,100
D2,Atıştırmalık,7,4,6,D2-M07-K04-S06,Evimiz Gofret Orta,8690000557974,Adet,4,20,24,100
D2,Atıştırmalık,7,4,7,D2-M07-K04-S07,Doğa Gofret Orta,8690000557981,Adet,4,24,28,100
D2,Atıştırmalık,7,4,8,D2-M07-K04-S08,Premium Gofret Orta,8690000557998,Adet,4,28,32,100
D2,Atıştırmalık,7,4,9,D2-M07-K04-S09,Emigro Gofret Orta,8690000558001,Adet,4,32,36,100
D2,Atıştırmalık,7,4,10,D2-M07-K04-S10,Anadolu Gofret Orta,8690000558018,Adet,4,36,40,100
D2,Atıştırmalık,7,4,11,D2-M07-K04-S11,Bereket Gofret Orta,8690000558025,Adet,4,40,44,100
D2,Atıştırmalık,7,4,12,D2-M07-K04-S12,Marmara Gofret Orta,8690000558032,Adet,4,44,48,100
D2,Atıştırmalık,7,4,13,D2-M07-K04-S13,Usta Gofret Orta,8690000558049,Adet,4,48,52,100
D2,Atıştırmalık,7,4,14,D2-M07-K04-S14,Lezzet Gofret Orta,8690000558056,Adet,4,52,56,100
D2,Atıştırmalık,7,4,15,D2-M07-K04-S15,Günlük Gofret Orta,8690000558063,Adet,4,56,60,100
D2,Atıştırmalık,7,4,16,D2-M07-K04-S16,Evimiz Gofret Orta,8690000558070,Adet,4,60,64,100
D2,Atıştırmalık,7,4,17,D2-M07-K04-S17,Doğa Gofret Orta,8690000558087,Adet,4,64,68,100
D2,Atıştırmalık,7,4,18,D2-M07-K04-S18,Premium Gofret Orta,8690000558094,Adet,4,68,72,100
D2,Atıştırmalık,7,4,19,D2-M07-K04-S19,Emigro Gofret Orta,8690000558100,Adet,4,72,76,100
D2,Atıştırmalık,7,4,20,D2-M07-K04-S20,Anadolu Gofret Orta,8690000558117,Adet,4,76,80,100
D2,Atıştırmalık,7,4,21,D2-M07-K04-S21,Bereket Gofret Orta,8690000558124,Adet,4,80,84,100
D2,Atıştırmalık,7,4,22,D2-M07-K04-S22,Marmara Gofret Orta,8690000558131,Adet,4,84,88,100
D2,Atıştırmalık,7,4,23,D2-M07-K04-S23,Usta Gofret Orta,8690000558148,Adet,4,88,92,100
D2,Atıştırmalık,7,4,24,D2-M07-K04-S24,Lezzet Gofret Orta,8690000558155,Adet,4,92,96,100
D2,Atıştırmalık,7,4,25,D2-M07-K04-S25,Günlük Gofret Orta,8690000558162,Adet,4,96,100,100
D2,Atıştırmalık,7,5,1,D2-M07-K05-S01,Marmara Gofret Küçük,8690000558179,Adet,4,0,4,100
D2,Atıştırmalık,7,5,2,D2-M07-K05-S02,Usta Gofret Küçük,8690000558186,Adet,4,4,8,100
D2,Atıştırmalık,7,5,3,D2-M07-K05-S03,Lezzet Gofret Küçük,8690000558193,Adet,4,8,12,100
D2,Atıştırmalık,7,5,4,D2-M07-K05-S04,Günlük Gofret Küçük,8690000558209,Adet,4,12,16,100
D2,Atıştırmalık,7,5,5,D2-M07-K05-S05,Evimiz Gofret Küçük,8690000558216,Adet,4,16,20,100
D2,Atıştırmalık,7,5,6,D2-M07-K05-S06,Doğa Gofret Küçük,8690000558223,Adet,4,20,24,100
D2,Atıştırmalık,7,5,7,D2-M07-K05-S07,Premium Gofret Küçük,8690000558230,Adet,4,24,28,100
D2,Atıştırmalık,7,5,8,D2-M07-K05-S08,Emigro Gofret Küçük,8690000558247,Adet,4,28,32,100
D2,Atıştırmalık,7,5,9,D2-M07-K05-S09,Anadolu Gofret Küçük,8690000558254,Adet,4,32,36,100
D2,Atıştırmalık,7,5,10,D2-M07-K05-S10,Bereket Gofret Küçük,8690000558261,Adet,4,36,40,100
D2,Atıştırmalık,7,5,11,D2-M07-K05-S11,Marmara Gofret Küçük,8690000558278,Adet,4,40,44,100
D2,Atıştırmalık,7,5,12,D2-M07-K05-S12,Usta Gofret Küçük,8690000558285,Adet,4,44,48,100
D2,Atıştırmalık,7,5,13,D2-M07-K05-S13,Lezzet Gofret Küçük,8690000558292,Adet,4,48,52,100
D2,Atıştırmalık,7,5,14,D2-M07-K05-S14,Günlük Gofret Küçük,8690000558308,Adet,4,52,56,100
D2,Atıştırmalık,7,5,15,D2-M07-K05-S15,Evimiz Gofret Küçük,8690000558315,Adet,4,56,60,100
D2,Atıştırmalık,7,5,16,D2-M07-K05-S16,Doğa Gofret Küçük,8690000558322,Adet,4,60,64,100
D2,Atıştırmalık,7,5,17,D2-M07-K05-S17,Premium Gofret Küçük,8690000558339,Adet,4,64,68,100
D2,Atıştırmalık,7,5,18,D2-M07-K05-S18,Emigro Gofret Küçük,8690000558346,Adet,4,68,72,100
D2,Atıştırmalık,7,5,19,D2-M07-K05-S19,Anadolu Gofret Küçük,8690000558353,Adet,4,72,76,100
D2,Atıştırmalık,7,5,20,D2-M07-K05-S20,Bereket Gofret Küçük,8690000558360,Adet,4,76,80,100
D2,Atıştırmalık,7,5,21,D2-M07-K05-S21,Marmara Gofret Küçük,8690000558377,Adet,4,80,84,100
D2,Atıştırmalık,7,5,22,D2-M07-K05-S22,Usta Gofret Küçük,8690000558384,Adet,4,84,88,100
D2,Atıştırmalık,7,5,23,D2-M07-K05-S23,Lezzet Gofret Küçük,8690000558391,Adet,4,88,92,100
D2,Atıştırmalık,7,5,24,D2-M07-K05-S24,Günlük Gofret Küçük,8690000558407,Adet,4,92,96,100
D2,Atıştırmalık,7,5,25,D2-M07-K05-S25,Evimiz Gofret Küçük,8690000558414,Adet,4,96,100,100
D2,Atıştırmalık,7,6,1,D2-M07-K06-S01,Usta Gofret Mini,8690000558421,Adet,4,0,4,100
D2,Atıştırmalık,7,6,2,D2-M07-K06-S02,Lezzet Gofret Mini,8690000558438,Adet,4,4,8,100
D2,Atıştırmalık,7,6,3,D2-M07-K06-S03,Günlük Gofret Mini,8690000558445,Adet,4,8,12,100
D2,Atıştırmalık,7,6,4,D2-M07-K06-S04,Evimiz Gofret Mini,8690000558452,Adet,4,12,16,100
D2,Atıştırmalık,7,6,5,D2-M07-K06-S05,Doğa Gofret Mini,8690000558469,Adet,4,16,20,100
D2,Atıştırmalık,7,6,6,D2-M07-K06-S06,Premium Gofret Mini,8690000558476,Adet,4,20,24,100
D2,Atıştırmalık,7,6,7,D2-M07-K06-S07,Emigro Gofret Mini,8690000558483,Adet,4,24,28,100
D2,Atıştırmalık,7,6,8,D2-M07-K06-S08,Anadolu Gofret Mini,8690000558490,Adet,4,28,32,100
D2,Atıştırmalık,7,6,9,D2-M07-K06-S09,Bereket Gofret Mini,8690000558506,Adet,4,32,36,100
D2,Atıştırmalık,7,6,10,D2-M07-K06-S10,Marmara Gofret Mini,8690000558513,Adet,4,36,40,100
D2,Atıştırmalık,7,6,11,D2-M07-K06-S11,Usta Gofret Mini,8690000558520,Adet,4,40,44,100
D2,Atıştırmalık,7,6,12,D2-M07-K06-S12,Lezzet Gofret Mini,8690000558537,Adet,4,44,48,100
D2,Atıştırmalık,7,6,13,D2-M07-K06-S13,Günlük Gofret Mini,8690000558544,Adet,4,48,52,100
D2,Atıştırmalık,7,6,14,D2-M07-K06-S14,Evimiz Gofret Mini,8690000558551,Adet,4,52,56,100
D2,Atıştırmalık,7,6,15,D2-M07-K06-S15,Doğa Gofret Mini,8690000558568,Adet,4,56,60,100
D2,Atıştırmalık,7,6,16,D2-M07-K06-S16,Premium Gofret Mini,8690000558575,Adet,4,60,64,100
D2,Atıştırmalık,7,6,17,D2-M07-K06-S17,Emigro Gofret Mini,8690000558582,Adet,4,64,68,100
D2,Atıştırmalık,7,6,18,D2-M07-K06-S18,Anadolu Gofret Mini,8690000558599,Adet,4,68,72,100
D2,Atıştırmalık,7,6,19,D2-M07-K06-S19,Bereket Gofret Mini,8690000558605,Adet,4,72,76,100
D2,Atıştırmalık,7,6,20,D2-M07-K06-S20,Marmara Gofret Mini,8690000558612,Adet,4,76,80,100
D2,Atıştırmalık,7,6,21,D2-M07-K06-S21,Usta Gofret Mini,8690000558629,Adet,4,80,84,100
D2,Atıştırmalık,7,6,22,D2-M07-K06-S22,Lezzet Gofret Mini,8690000558636,Adet,4,84,88,100
D2,Atıştırmalık,7,6,23,D2-M07-K06-S23,Günlük Gofret Mini,8690000558643,Adet,4,88,92,100
D2,Atıştırmalık,7,6,24,D2-M07-K06-S24,Evimiz Gofret Mini,8690000558650,Adet,4,92,96,100
D2,Atıştırmalık,7,6,25,D2-M07-K06-S25,Doğa Gofret Mini,8690000558667,Adet,4,96,100,100
D2,Atıştırmalık,8,1,1,D2-M08-K01-S01,Emigro Bisküvi XL,8690000558674,Paket,10,0,10,100
D2,Atıştırmalık,8,1,2,D2-M08-K01-S02,Anadolu Bisküvi XL,8690000558681,Paket,10,10,20,100
D2,Atıştırmalık,8,1,3,D2-M08-K01-S03,Bereket Bisküvi XL,8690000558698,Paket,10,20,30,100
D2,Atıştırmalık,8,1,4,D2-M08-K01-S04,Marmara Bisküvi XL,8690000558704,Paket,10,30,40,100
D2,Atıştırmalık,8,1,5,D2-M08-K01-S05,Usta Bisküvi XL,8690000558711,Paket,10,40,50,100
D2,Atıştırmalık,8,1,6,D2-M08-K01-S06,Lezzet Bisküvi XL,8690000558728,Paket,10,50,60,100
D2,Atıştırmalık,8,1,7,D2-M08-K01-S07,Günlük Bisküvi XL,8690000558735,Paket,10,60,70,100
D2,Atıştırmalık,8,1,8,D2-M08-K01-S08,Evimiz Bisküvi XL,8690000558742,Paket,10,70,80,100
D2,Atıştırmalık,8,1,9,D2-M08-K01-S09,Doğa Bisküvi XL,8690000558759,Paket,10,80,90,100
D2,Atıştırmalık,8,1,10,D2-M08-K01-S10,Premium Bisküvi XL,8690000558766,Paket,10,90,100,100
D2,Atıştırmalık,8,2,1,D2-M08-K02-S01,Anadolu Bisküvi Büyük,8690000558773,Paket,9,0,9,99
D2,Atıştırmalık,8,2,2,D2-M08-K02-S02,Bereket Bisküvi Büyük,8690000558780,Paket,9,9,18,99
D2,Atıştırmalık,8,2,3,D2-M08-K02-S03,Marmara Bisküvi Büyük,8690000558797,Paket,9,18,27,99
D2,Atıştırmalık,8,2,4,D2-M08-K02-S04,Usta Bisküvi Büyük,8690000558803,Paket,9,27,36,99
D2,Atıştırmalık,8,2,5,D2-M08-K02-S05,Lezzet Bisküvi Büyük,8690000558810,Paket,9,36,45,99
D2,Atıştırmalık,8,2,6,D2-M08-K02-S06,Günlük Bisküvi Büyük,8690000558827,Paket,9,45,54,99
D2,Atıştırmalık,8,2,7,D2-M08-K02-S07,Evimiz Bisküvi Büyük,8690000558834,Paket,9,54,63,99
D2,Atıştırmalık,8,2,8,D2-M08-K02-S08,Doğa Bisküvi Büyük,8690000558841,Paket,9,63,72,99
D2,Atıştırmalık,8,2,9,D2-M08-K02-S09,Premium Bisküvi Büyük,8690000558858,Paket,9,72,81,99
D2,Atıştırmalık,8,2,10,D2-M08-K02-S10,Emigro Bisküvi Büyük,8690000558865,Paket,9,81,90,99
D2,Atıştırmalık,8,2,11,D2-M08-K02-S11,Anadolu Bisküvi Büyük,8690000558872,Paket,9,90,99,99
D2,Atıştırmalık,8,3,1,D2-M08-K03-S01,Bereket Bisküvi Standart,8690000558889,Paket,8,0,8,96
D2,Atıştırmalık,8,3,2,D2-M08-K03-S02,Marmara Bisküvi Standart,8690000558896,Paket,8,8,16,96
D2,Atıştırmalık,8,3,3,D2-M08-K03-S03,Usta Bisküvi Standart,8690000558902,Paket,8,16,24,96
D2,Atıştırmalık,8,3,4,D2-M08-K03-S04,Lezzet Bisküvi Standart,8690000558919,Paket,8,24,32,96
D2,Atıştırmalık,8,3,5,D2-M08-K03-S05,Günlük Bisküvi Standart,8690000558926,Paket,8,32,40,96
D2,Atıştırmalık,8,3,6,D2-M08-K03-S06,Evimiz Bisküvi Standart,8690000558933,Paket,8,40,48,96
D2,Atıştırmalık,8,3,7,D2-M08-K03-S07,Doğa Bisküvi Standart,8690000558940,Paket,8,48,56,96
D2,Atıştırmalık,8,3,8,D2-M08-K03-S08,Premium Bisküvi Standart,8690000558957,Paket,8,56,64,96
D2,Atıştırmalık,8,3,9,D2-M08-K03-S09,Emigro Bisküvi Standart,8690000558964,Paket,8,64,72,96
D2,Atıştırmalık,8,3,10,D2-M08-K03-S10,Anadolu Bisküvi Standart,8690000558971,Paket,8,72,80,96
D2,Atıştırmalık,8,3,11,D2-M08-K03-S11,Bereket Bisküvi Standart,8690000558988,Paket,8,80,88,96
D2,Atıştırmalık,8,3,12,D2-M08-K03-S12,Marmara Bisküvi Standart,8690000558995,Paket,8,88,96,96
D2,Atıştırmalık,8,4,1,D2-M08-K04-S01,Marmara Bisküvi Orta,8690000559008,Paket,7,0,7,98
D2,Atıştırmalık,8,4,2,D2-M08-K04-S02,Usta Bisküvi Orta,8690000559015,Paket,7,7,14,98
D2,Atıştırmalık,8,4,3,D2-M08-K04-S03,Lezzet Bisküvi Orta,8690000559022,Paket,7,14,21,98
D2,Atıştırmalık,8,4,4,D2-M08-K04-S04,Günlük Bisküvi Orta,8690000559039,Paket,7,21,28,98
D2,Atıştırmalık,8,4,5,D2-M08-K04-S05,Evimiz Bisküvi Orta,8690000559046,Paket,7,28,35,98
D2,Atıştırmalık,8,4,6,D2-M08-K04-S06,Doğa Bisküvi Orta,8690000559053,Paket,7,35,42,98
D2,Atıştırmalık,8,4,7,D2-M08-K04-S07,Premium Bisküvi Orta,8690000559060,Paket,7,42,49,98
D2,Atıştırmalık,8,4,8,D2-M08-K04-S08,Emigro Bisküvi Orta,8690000559077,Paket,7,49,56,98
D2,Atıştırmalık,8,4,9,D2-M08-K04-S09,Anadolu Bisküvi Orta,8690000559084,Paket,7,56,63,98
D2,Atıştırmalık,8,4,10,D2-M08-K04-S10,Bereket Bisküvi Orta,8690000559091,Paket,7,63,70,98
D2,Atıştırmalık,8,4,11,D2-M08-K04-S11,Marmara Bisküvi Orta,8690000559107,Paket,7,70,77,98
D2,Atıştırmalık,8,4,12,D2-M08-K04-S12,Usta Bisküvi Orta,8690000559114,Paket,7,77,84,98
D2,Atıştırmalık,8,4,13,D2-M08-K04-S13,Lezzet Bisküvi Orta,8690000559121,Paket,7,84,91,98
D2,Atıştırmalık,8,4,14,D2-M08-K04-S14,Günlük Bisküvi Orta,8690000559138,Paket,7,91,98,98
D2,Atıştırmalık,8,5,1,D2-M08-K05-S01,Usta Bisküvi Küçük,8690000559145,Paket,6,0,6,96
D2,Atıştırmalık,8,5,2,D2-M08-K05-S02,Lezzet Bisküvi Küçük,8690000559152,Paket,6,6,12,96
D2,Atıştırmalık,8,5,3,D2-M08-K05-S03,Günlük Bisküvi Küçük,8690000559169,Paket,6,12,18,96
D2,Atıştırmalık,8,5,4,D2-M08-K05-S04,Evimiz Bisküvi Küçük,8690000559176,Paket,6,18,24,96
D2,Atıştırmalık,8,5,5,D2-M08-K05-S05,Doğa Bisküvi Küçük,8690000559183,Paket,6,24,30,96
D2,Atıştırmalık,8,5,6,D2-M08-K05-S06,Premium Bisküvi Küçük,8690000559190,Paket,6,30,36,96
D2,Atıştırmalık,8,5,7,D2-M08-K05-S07,Emigro Bisküvi Küçük,8690000559206,Paket,6,36,42,96
D2,Atıştırmalık,8,5,8,D2-M08-K05-S08,Anadolu Bisküvi Küçük,8690000559213,Paket,6,42,48,96
D2,Atıştırmalık,8,5,9,D2-M08-K05-S09,Bereket Bisküvi Küçük,8690000559220,Paket,6,48,54,96
D2,Atıştırmalık,8,5,10,D2-M08-K05-S10,Marmara Bisküvi Küçük,8690000559237,Paket,6,54,60,96
D2,Atıştırmalık,8,5,11,D2-M08-K05-S11,Usta Bisküvi Küçük,8690000559244,Paket,6,60,66,96
D2,Atıştırmalık,8,5,12,D2-M08-K05-S12,Lezzet Bisküvi Küçük,8690000559251,Paket,6,66,72,96
D2,Atıştırmalık,8,5,13,D2-M08-K05-S13,Günlük Bisküvi Küçük,8690000559268,Paket,6,72,78,96
D2,Atıştırmalık,8,5,14,D2-M08-K05-S14,Evimiz Bisküvi Küçük,8690000559275,Paket,6,78,84,96
D2,Atıştırmalık,8,5,15,D2-M08-K05-S15,Doğa Bisküvi Küçük,8690000559282,Paket,6,84,90,96
D2,Atıştırmalık,8,5,16,D2-M08-K05-S16,Premium Bisküvi Küçük,8690000559299,Paket,6,90,96,96
D2,Atıştırmalık,8,6,1,D2-M08-K06-S01,Lezzet Bisküvi Mini,8690000559305,Paket,6,0,6,96
D2,Atıştırmalık,8,6,2,D2-M08-K06-S02,Günlük Bisküvi Mini,8690000559312,Paket,6,6,12,96
D2,Atıştırmalık,8,6,3,D2-M08-K06-S03,Evimiz Bisküvi Mini,8690000559329,Paket,6,12,18,96
D2,Atıştırmalık,8,6,4,D2-M08-K06-S04,Doğa Bisküvi Mini,8690000559336,Paket,6,18,24,96
D2,Atıştırmalık,8,6,5,D2-M08-K06-S05,Premium Bisküvi Mini,8690000559343,Paket,6,24,30,96
D2,Atıştırmalık,8,6,6,D2-M08-K06-S06,Emigro Bisküvi Mini,8690000559350,Paket,6,30,36,96
D2,Atıştırmalık,8,6,7,D2-M08-K06-S07,Anadolu Bisküvi Mini,8690000559367,Paket,6,36,42,96
D2,Atıştırmalık,8,6,8,D2-M08-K06-S08,Bereket Bisküvi Mini,8690000559374,Paket,6,42,48,96
D2,Atıştırmalık,8,6,9,D2-M08-K06-S09,Marmara Bisküvi Mini,8690000559381,Paket,6,48,54,96
D2,Atıştırmalık,8,6,10,D2-M08-K06-S10,Usta Bisküvi Mini,8690000559398,Paket,6,54,60,96
D2,Atıştırmalık,8,6,11,D2-M08-K06-S11,Lezzet Bisküvi Mini,8690000559404,Paket,6,60,66,96
D2,Atıştırmalık,8,6,12,D2-M08-K06-S12,Günlük Bisküvi Mini,8690000559411,Paket,6,66,72,96
D2,Atıştırmalık,8,6,13,D2-M08-K06-S13,Evimiz Bisküvi Mini,8690000559428,Paket,6,72,78,96
D2,Atıştırmalık,8,6,14,D2-M08-K06-S14,Doğa Bisküvi Mini,8690000559435,Paket,6,78,84,96
D2,Atıştırmalık,8,6,15,D2-M08-K06-S15,Premium Bisküvi Mini,8690000559442,Paket,6,84,90,96
D2,Atıştırmalık,8,6,16,D2-M08-K06-S16,Emigro Bisküvi Mini,8690000559459,Paket,6,90,96,96
D2,Atıştırmalık,9,1,1,D2-M09-K01-S01,Anadolu Kuruyemiş Karışımı XL,8690000559466,Paket,11,0,11,99
D2,Atıştırmalık,9,1,2,D2-M09-K01-S02,Bereket Kuruyemiş Karışımı XL,8690000559473,Paket,11,11,22,99
D2,Atıştırmalık,9,1,3,D2-M09-K01-S03,Marmara Kuruyemiş Karışımı XL,8690000559480,Paket,11,22,33,99
D2,Atıştırmalık,9,1,4,D2-M09-K01-S04,Usta Kuruyemiş Karışımı XL,8690000559497,Paket,11,33,44,99
D2,Atıştırmalık,9,1,5,D2-M09-K01-S05,Lezzet Kuruyemiş Karışımı XL,8690000559503,Paket,11,44,55,99
D2,Atıştırmalık,9,1,6,D2-M09-K01-S06,Günlük Kuruyemiş Karışımı XL,8690000559510,Paket,11,55,66,99
D2,Atıştırmalık,9,1,7,D2-M09-K01-S07,Evimiz Kuruyemiş Karışımı XL,8690000559527,Paket,11,66,77,99
D2,Atıştırmalık,9,1,8,D2-M09-K01-S08,Doğa Kuruyemiş Karışımı XL,8690000559534,Paket,11,77,88,99
D2,Atıştırmalık,9,1,9,D2-M09-K01-S09,Premium Kuruyemiş Karışımı XL,8690000559541,Paket,11,88,99,99
D2,Atıştırmalık,9,2,1,D2-M09-K02-S01,Bereket Kuruyemiş Karışımı Büyük,8690000559558,Paket,10,0,10,100
D2,Atıştırmalık,9,2,2,D2-M09-K02-S02,Marmara Kuruyemiş Karışımı Büyük,8690000559565,Paket,10,10,20,100
D2,Atıştırmalık,9,2,3,D2-M09-K02-S03,Usta Kuruyemiş Karışımı Büyük,8690000559572,Paket,10,20,30,100
D2,Atıştırmalık,9,2,4,D2-M09-K02-S04,Lezzet Kuruyemiş Karışımı Büyük,8690000559589,Paket,10,30,40,100
D2,Atıştırmalık,9,2,5,D2-M09-K02-S05,Günlük Kuruyemiş Karışımı Büyük,8690000559596,Paket,10,40,50,100
D2,Atıştırmalık,9,2,6,D2-M09-K02-S06,Evimiz Kuruyemiş Karışımı Büyük,8690000559602,Paket,10,50,60,100
D2,Atıştırmalık,9,2,7,D2-M09-K02-S07,Doğa Kuruyemiş Karışımı Büyük,8690000559619,Paket,10,60,70,100
D2,Atıştırmalık,9,2,8,D2-M09-K02-S08,Premium Kuruyemiş Karışımı Büyük,8690000559626,Paket,10,70,80,100
D2,Atıştırmalık,9,2,9,D2-M09-K02-S09,Emigro Kuruyemiş Karışımı Büyük,8690000559633,Paket,10,80,90,100
D2,Atıştırmalık,9,2,10,D2-M09-K02-S10,Anadolu Kuruyemiş Karışımı Büyük,8690000559640,Paket,10,90,100,100
D2,Atıştırmalık,9,3,1,D2-M09-K03-S01,Marmara Kuruyemiş Karışımı Standart,8690000559657,Paket,9,0,9,99
D2,Atıştırmalık,9,3,2,D2-M09-K03-S02,Usta Kuruyemiş Karışımı Standart,8690000559664,Paket,9,9,18,99
D2,Atıştırmalık,9,3,3,D2-M09-K03-S03,Lezzet Kuruyemiş Karışımı Standart,8690000559671,Paket,9,18,27,99
D2,Atıştırmalık,9,3,4,D2-M09-K03-S04,Günlük Kuruyemiş Karışımı Standart,8690000559688,Paket,9,27,36,99
D2,Atıştırmalık,9,3,5,D2-M09-K03-S05,Evimiz Kuruyemiş Karışımı Standart,8690000559695,Paket,9,36,45,99
D2,Atıştırmalık,9,3,6,D2-M09-K03-S06,Doğa Kuruyemiş Karışımı Standart,8690000559701,Paket,9,45,54,99
D2,Atıştırmalık,9,3,7,D2-M09-K03-S07,Premium Kuruyemiş Karışımı Standart,8690000559718,Paket,9,54,63,99
D2,Atıştırmalık,9,3,8,D2-M09-K03-S08,Emigro Kuruyemiş Karışımı Standart,8690000559725,Paket,9,63,72,99
D2,Atıştırmalık,9,3,9,D2-M09-K03-S09,Anadolu Kuruyemiş Karışımı Standart,8690000559732,Paket,9,72,81,99
D2,Atıştırmalık,9,3,10,D2-M09-K03-S10,Bereket Kuruyemiş Karışımı Standart,8690000559749,Paket,9,81,90,99
D2,Atıştırmalık,9,3,11,D2-M09-K03-S11,Marmara Kuruyemiş Karışımı Standart,8690000559756,Paket,9,90,99,99
D2,Atıştırmalık,9,4,1,D2-M09-K04-S01,Usta Kuruyemiş Karışımı Orta,8690000559763,Paket,8,0,8,96
D2,Atıştırmalık,9,4,2,D2-M09-K04-S02,Lezzet Kuruyemiş Karışımı Orta,8690000559770,Paket,8,8,16,96
D2,Atıştırmalık,9,4,3,D2-M09-K04-S03,Günlük Kuruyemiş Karışımı Orta,8690000559787,Paket,8,16,24,96
D2,Atıştırmalık,9,4,4,D2-M09-K04-S04,Evimiz Kuruyemiş Karışımı Orta,8690000559794,Paket,8,24,32,96
D2,Atıştırmalık,9,4,5,D2-M09-K04-S05,Doğa Kuruyemiş Karışımı Orta,8690000559800,Paket,8,32,40,96
D2,Atıştırmalık,9,4,6,D2-M09-K04-S06,Premium Kuruyemiş Karışımı Orta,8690000559817,Paket,8,40,48,96
D2,Atıştırmalık,9,4,7,D2-M09-K04-S07,Emigro Kuruyemiş Karışımı Orta,8690000559824,Paket,8,48,56,96
D2,Atıştırmalık,9,4,8,D2-M09-K04-S08,Anadolu Kuruyemiş Karışımı Orta,8690000559831,Paket,8,56,64,96
D2,Atıştırmalık,9,4,9,D2-M09-K04-S09,Bereket Kuruyemiş Karışımı Orta,8690000559848,Paket,8,64,72,96
D2,Atıştırmalık,9,4,10,D2-M09-K04-S10,Marmara Kuruyemiş Karışımı Orta,8690000559855,Paket,8,72,80,96
D2,Atıştırmalık,9,4,11,D2-M09-K04-S11,Usta Kuruyemiş Karışımı Orta,8690000559862,Paket,8,80,88,96
D2,Atıştırmalık,9,4,12,D2-M09-K04-S12,Lezzet Kuruyemiş Karışımı Orta,8690000559879,Paket,8,88,96,96
D2,Atıştırmalık,9,5,1,D2-M09-K05-S01,Lezzet Kuruyemiş Karışımı Küçük,8690000559886,Paket,7,0,7,98
D2,Atıştırmalık,9,5,2,D2-M09-K05-S02,Günlük Kuruyemiş Karışımı Küçük,8690000559893,Paket,7,7,14,98
D2,Atıştırmalık,9,5,3,D2-M09-K05-S03,Evimiz Kuruyemiş Karışımı Küçük,8690000559909,Paket,7,14,21,98
D2,Atıştırmalık,9,5,4,D2-M09-K05-S04,Doğa Kuruyemiş Karışımı Küçük,8690000559916,Paket,7,21,28,98
D2,Atıştırmalık,9,5,5,D2-M09-K05-S05,Premium Kuruyemiş Karışımı Küçük,8690000559923,Paket,7,28,35,98
D2,Atıştırmalık,9,5,6,D2-M09-K05-S06,Emigro Kuruyemiş Karışımı Küçük,8690000559930,Paket,7,35,42,98
D2,Atıştırmalık,9,5,7,D2-M09-K05-S07,Anadolu Kuruyemiş Karışımı Küçük,8690000559947,Paket,7,42,49,98
D2,Atıştırmalık,9,5,8,D2-M09-K05-S08,Bereket Kuruyemiş Karışımı Küçük,8690000559954,Paket,7,49,56,98
D2,Atıştırmalık,9,5,9,D2-M09-K05-S09,Marmara Kuruyemiş Karışımı Küçük,8690000559961,Paket,7,56,63,98
D2,Atıştırmalık,9,5,10,D2-M09-K05-S10,Usta Kuruyemiş Karışımı Küçük,8690000559978,Paket,7,63,70,98
D2,Atıştırmalık,9,5,11,D2-M09-K05-S11,Lezzet Kuruyemiş Karışımı Küçük,8690000559985,Paket,7,70,77,98
D2,Atıştırmalık,9,5,12,D2-M09-K05-S12,Günlük Kuruyemiş Karışımı Küçük,8690000559992,Paket,7,77,84,98
D2,Atıştırmalık,9,5,13,D2-M09-K05-S13,Evimiz Kuruyemiş Karışımı Küçük,8690000560004,Paket,7,84,91,98
D2,Atıştırmalık,9,5,14,D2-M09-K05-S14,Doğa Kuruyemiş Karışımı Küçük,8690000560011,Paket,7,91,98,98
D2,Atıştırmalık,9,6,1,D2-M09-K06-S01,Günlük Kuruyemiş Karışımı Mini,8690000560028,Paket,6,0,6,96
D2,Atıştırmalık,9,6,2,D2-M09-K06-S02,Evimiz Kuruyemiş Karışımı Mini,8690000560035,Paket,6,6,12,96
D2,Atıştırmalık,9,6,3,D2-M09-K06-S03,Doğa Kuruyemiş Karışımı Mini,8690000560042,Paket,6,12,18,96
D2,Atıştırmalık,9,6,4,D2-M09-K06-S04,Premium Kuruyemiş Karışımı Mini,8690000560059,Paket,6,18,24,96
D2,Atıştırmalık,9,6,5,D2-M09-K06-S05,Emigro Kuruyemiş Karışımı Mini,8690000560066,Paket,6,24,30,96
D2,Atıştırmalık,9,6,6,D2-M09-K06-S06,Anadolu Kuruyemiş Karışımı Mini,8690000560073,Paket,6,30,36,96
D2,Atıştırmalık,9,6,7,D2-M09-K06-S07,Bereket Kuruyemiş Karışımı Mini,8690000560080,Paket,6,36,42,96
D2,Atıştırmalık,9,6,8,D2-M09-K06-S08,Marmara Kuruyemiş Karışımı Mini,8690000560097,Paket,6,42,48,96
D2,Atıştırmalık,9,6,9,D2-M09-K06-S09,Usta Kuruyemiş Karışımı Mini,8690000560103,Paket,6,48,54,96
D2,Atıştırmalık,9,6,10,D2-M09-K06-S10,Lezzet Kuruyemiş Karışımı Mini,8690000560110,Paket,6,54,60,96
D2,Atıştırmalık,9,6,11,D2-M09-K06-S11,Günlük Kuruyemiş Karışımı Mini,8690000560127,Paket,6,60,66,96
D2,Atıştırmalık,9,6,12,D2-M09-K06-S12,Evimiz Kuruyemiş Karışımı Mini,8690000560134,Paket,6,66,72,96
D2,Atıştırmalık,9,6,13,D2-M09-K06-S13,Doğa Kuruyemiş Karışımı Mini,8690000560141,Paket,6,72,78,96
D2,Atıştırmalık,9,6,14,D2-M09-K06-S14,Premium Kuruyemiş Karışımı Mini,8690000560158,Paket,6,78,84,96
D2,Atıştırmalık,9,6,15,D2-M09-K06-S15,Emigro Kuruyemiş Karışımı Mini,8690000560165,Paket,6,84,90,96
D2,Atıştırmalık,9,6,16,D2-M09-K06-S16,Anadolu Kuruyemiş Karışımı Mini,8690000560172,Paket,6,90,96,96
D2,Atıştırmalık,10,1,1,D2-M10-K01-S01,Bereket Patlamış Mısır XL,8690000560189,Paket,15,0,15,90
D2,Atıştırmalık,10,1,2,D2-M10-K01-S02,Marmara Patlamış Mısır XL,8690000560196,Paket,15,15,30,90
D2,Atıştırmalık,10,1,3,D2-M10-K01-S03,Usta Patlamış Mısır XL,8690000560202,Paket,15,30,45,90
D2,Atıştırmalık,10,1,4,D2-M10-K01-S04,Lezzet Patlamış Mısır XL,8690000560219,Paket,15,45,60,90
D2,Atıştırmalık,10,1,5,D2-M10-K01-S05,Günlük Patlamış Mısır XL,8690000560226,Paket,15,60,75,90
D2,Atıştırmalık,10,1,6,D2-M10-K01-S06,Evimiz Patlamış Mısır XL,8690000560233,Paket,15,75,90,90
D2,Atıştırmalık,10,2,1,D2-M10-K02-S01,Marmara Patlamış Mısır Büyük,8690000560240,Paket,14,0,14,98
D2,Atıştırmalık,10,2,2,D2-M10-K02-S02,Usta Patlamış Mısır Büyük,8690000560257,Paket,14,14,28,98
D2,Atıştırmalık,10,2,3,D2-M10-K02-S03,Lezzet Patlamış Mısır Büyük,8690000560264,Paket,14,28,42,98
D2,Atıştırmalık,10,2,4,D2-M10-K02-S04,Günlük Patlamış Mısır Büyük,8690000560271,Paket,14,42,56,98
D2,Atıştırmalık,10,2,5,D2-M10-K02-S05,Evimiz Patlamış Mısır Büyük,8690000560288,Paket,14,56,70,98
D2,Atıştırmalık,10,2,6,D2-M10-K02-S06,Doğa Patlamış Mısır Büyük,8690000560295,Paket,14,70,84,98
D2,Atıştırmalık,10,2,7,D2-M10-K02-S07,Premium Patlamış Mısır Büyük,8690000560301,Paket,14,84,98,98
D2,Atıştırmalık,10,3,1,D2-M10-K03-S01,Usta Patlamış Mısır Standart,8690000560318,Paket,12,0,12,96
D2,Atıştırmalık,10,3,2,D2-M10-K03-S02,Lezzet Patlamış Mısır Standart,8690000560325,Paket,12,12,24,96
D2,Atıştırmalık,10,3,3,D2-M10-K03-S03,Günlük Patlamış Mısır Standart,8690000560332,Paket,12,24,36,96
D2,Atıştırmalık,10,3,4,D2-M10-K03-S04,Evimiz Patlamış Mısır Standart,8690000560349,Paket,12,36,48,96
D2,Atıştırmalık,10,3,5,D2-M10-K03-S05,Doğa Patlamış Mısır Standart,8690000560356,Paket,12,48,60,96
D2,Atıştırmalık,10,3,6,D2-M10-K03-S06,Premium Patlamış Mısır Standart,8690000560363,Paket,12,60,72,96
D2,Atıştırmalık,10,3,7,D2-M10-K03-S07,Emigro Patlamış Mısır Standart,8690000560370,Paket,12,72,84,96
D2,Atıştırmalık,10,3,8,D2-M10-K03-S08,Anadolu Patlamış Mısır Standart,8690000560387,Paket,12,84,96,96
D2,Atıştırmalık,10,4,1,D2-M10-K04-S01,Lezzet Patlamış Mısır Orta,8690000560394,Paket,11,0,11,99
D2,Atıştırmalık,10,4,2,D2-M10-K04-S02,Günlük Patlamış Mısır Orta,8690000560400,Paket,11,11,22,99
D2,Atıştırmalık,10,4,3,D2-M10-K04-S03,Evimiz Patlamış Mısır Orta,8690000560417,Paket,11,22,33,99
D2,Atıştırmalık,10,4,4,D2-M10-K04-S04,Doğa Patlamış Mısır Orta,8690000560424,Paket,11,33,44,99
D2,Atıştırmalık,10,4,5,D2-M10-K04-S05,Premium Patlamış Mısır Orta,8690000560431,Paket,11,44,55,99
D2,Atıştırmalık,10,4,6,D2-M10-K04-S06,Emigro Patlamış Mısır Orta,8690000560448,Paket,11,55,66,99
D2,Atıştırmalık,10,4,7,D2-M10-K04-S07,Anadolu Patlamış Mısır Orta,8690000560455,Paket,11,66,77,99
D2,Atıştırmalık,10,4,8,D2-M10-K04-S08,Bereket Patlamış Mısır Orta,8690000560462,Paket,11,77,88,99
D2,Atıştırmalık,10,4,9,D2-M10-K04-S09,Marmara Patlamış Mısır Orta,8690000560479,Paket,11,88,99,99
D2,Atıştırmalık,10,5,1,D2-M10-K05-S01,Günlük Patlamış Mısır Küçük,8690000560486,Paket,10,0,10,100
D2,Atıştırmalık,10,5,2,D2-M10-K05-S02,Evimiz Patlamış Mısır Küçük,8690000560493,Paket,10,10,20,100
D2,Atıştırmalık,10,5,3,D2-M10-K05-S03,Doğa Patlamış Mısır Küçük,8690000560509,Paket,10,20,30,100
D2,Atıştırmalık,10,5,4,D2-M10-K05-S04,Premium Patlamış Mısır Küçük,8690000560516,Paket,10,30,40,100
D2,Atıştırmalık,10,5,5,D2-M10-K05-S05,Emigro Patlamış Mısır Küçük,8690000560523,Paket,10,40,50,100
D2,Atıştırmalık,10,5,6,D2-M10-K05-S06,Anadolu Patlamış Mısır Küçük,8690000560530,Paket,10,50,60,100
D2,Atıştırmalık,10,5,7,D2-M10-K05-S07,Bereket Patlamış Mısır Küçük,8690000560547,Paket,10,60,70,100
D2,Atıştırmalık,10,5,8,D2-M10-K05-S08,Marmara Patlamış Mısır Küçük,8690000560554,Paket,10,70,80,100
D2,Atıştırmalık,10,5,9,D2-M10-K05-S09,Usta Patlamış Mısır Küçük,8690000560561,Paket,10,80,90,100
D2,Atıştırmalık,10,5,10,D2-M10-K05-S10,Lezzet Patlamış Mısır Küçük,8690000560578,Paket,10,90,100,100
D2,Atıştırmalık,10,6,1,D2-M10-K06-S01,Evimiz Patlamış Mısır Mini,8690000560585,Paket,8,0,8,96
D2,Atıştırmalık,10,6,2,D2-M10-K06-S02,Doğa Patlamış Mısır Mini,8690000560592,Paket,8,8,16,96
D2,Atıştırmalık,10,6,3,D2-M10-K06-S03,Premium Patlamış Mısır Mini,8690000560608,Paket,8,16,24,96
D2,Atıştırmalık,10,6,4,D2-M10-K06-S04,Emigro Patlamış Mısır Mini,8690000560615,Paket,8,24,32,96
D2,Atıştırmalık,10,6,5,D2-M10-K06-S05,Anadolu Patlamış Mısır Mini,8690000560622,Paket,8,32,40,96
D2,Atıştırmalık,10,6,6,D2-M10-K06-S06,Bereket Patlamış Mısır Mini,8690000560639,Paket,8,40,48,96
D2,Atıştırmalık,10,6,7,D2-M10-K06-S07,Marmara Patlamış Mısır Mini,8690000560646,Paket,8,48,56,96
D2,Atıştırmalık,10,6,8,D2-M10-K06-S08,Usta Patlamış Mısır Mini,8690000560653,Paket,8,56,64,96
D2,Atıştırmalık,10,6,9,D2-M10-K06-S09,Lezzet Patlamış Mısır Mini,8690000560660,Paket,8,64,72,96
D2,Atıştırmalık,10,6,10,D2-M10-K06-S10,Günlük Patlamış Mısır Mini,8690000560677,Paket,8,72,80,96
D2,Atıştırmalık,10,6,11,D2-M10-K06-S11,Evimiz Patlamış Mısır Mini,8690000560684,Paket,8,80,88,96
D2,Atıştırmalık,10,6,12,D2-M10-K06-S12,Doğa Patlamış Mısır Mini,8690000560691,Paket,8,88,96,96
E1,Temizlik,1,1,1,E1-M01-K01-S01,Marmara Çamaşır Deterjanı XL,8690000560707,Paket,30,0,30,90
E1,Temizlik,1,1,2,E1-M01-K01-S02,Usta Çamaşır Deterjanı XL,8690000560714,Paket,30,30,60,90
E1,Temizlik,1,1,3,E1-M01-K01-S03,Lezzet Çamaşır Deterjanı XL,8690000560721,Paket,30,60,90,90
E1,Temizlik,1,2,1,E1-M01-K02-S01,Usta Çamaşır Deterjanı Büyük,8690000560738,Paket,28,0,28,84
E1,Temizlik,1,2,2,E1-M01-K02-S02,Lezzet Çamaşır Deterjanı Büyük,8690000560745,Paket,28,28,56,84
E1,Temizlik,1,2,3,E1-M01-K02-S03,Günlük Çamaşır Deterjanı Büyük,8690000560752,Paket,28,56,84,84
E1,Temizlik,1,3,1,E1-M01-K03-S01,Lezzet Çamaşır Deterjanı Standart,8690000560769,Paket,24,0,24,96
E1,Temizlik,1,3,2,E1-M01-K03-S02,Günlük Çamaşır Deterjanı Standart,8690000560776,Paket,24,24,48,96
E1,Temizlik,1,3,3,E1-M01-K03-S03,Evimiz Çamaşır Deterjanı Standart,8690000560783,Paket,24,48,72,96
E1,Temizlik,1,3,4,E1-M01-K03-S04,Doğa Çamaşır Deterjanı Standart,8690000560790,Paket,24,72,96,96
E1,Temizlik,1,4,1,E1-M01-K04-S01,Günlük Çamaşır Deterjanı Orta,8690000560806,Paket,22,0,22,88
E1,Temizlik,1,4,2,E1-M01-K04-S02,Evimiz Çamaşır Deterjanı Orta,8690000560813,Paket,22,22,44,88
E1,Temizlik,1,4,3,E1-M01-K04-S03,Doğa Çamaşır Deterjanı Orta,8690000560820,Paket,22,44,66,88
E1,Temizlik,1,4,4,E1-M01-K04-S04,Premium Çamaşır Deterjanı Orta,8690000560837,Paket,22,66,88,88
E1,Temizlik,1,5,1,E1-M01-K05-S01,Evimiz Çamaşır Deterjanı Küçük,8690000560844,Paket,19,0,19,95
E1,Temizlik,1,5,2,E1-M01-K05-S02,Doğa Çamaşır Deterjanı Küçük,8690000560851,Paket,19,19,38,95
E1,Temizlik,1,5,3,E1-M01-K05-S03,Premium Çamaşır Deterjanı Küçük,8690000560868,Paket,19,38,57,95
E1,Temizlik,1,5,4,E1-M01-K05-S04,Emigro Çamaşır Deterjanı Küçük,8690000560875,Paket,19,57,76,95
E1,Temizlik,1,5,5,E1-M01-K05-S05,Anadolu Çamaşır Deterjanı Küçük,8690000560882,Paket,19,76,95,95
E1,Temizlik,1,6,1,E1-M01-K06-S01,Doğa Çamaşır Deterjanı Mini,8690000560899,Paket,17,0,17,85
E1,Temizlik,1,6,2,E1-M01-K06-S02,Premium Çamaşır Deterjanı Mini,8690000560905,Paket,17,17,34,85
E1,Temizlik,1,6,3,E1-M01-K06-S03,Emigro Çamaşır Deterjanı Mini,8690000560912,Paket,17,34,51,85
E1,Temizlik,1,6,4,E1-M01-K06-S04,Anadolu Çamaşır Deterjanı Mini,8690000560929,Paket,17,51,68,85
E1,Temizlik,1,6,5,E1-M01-K06-S05,Bereket Çamaşır Deterjanı Mini,8690000560936,Paket,17,68,85,85
E1,Temizlik,2,1,1,E1-M02-K01-S01,Usta Sıvı Çamaşır Deterjanı XL,8690000560943,Şişe,20,0,20,100
E1,Temizlik,2,1,2,E1-M02-K01-S02,Lezzet Sıvı Çamaşır Deterjanı XL,8690000560950,Şişe,20,20,40,100
E1,Temizlik,2,1,3,E1-M02-K01-S03,Günlük Sıvı Çamaşır Deterjanı XL,8690000560967,Şişe,20,40,60,100
E1,Temizlik,2,1,4,E1-M02-K01-S04,Evimiz Sıvı Çamaşır Deterjanı XL,8690000560974,Şişe,20,60,80,100
E1,Temizlik,2,1,5,E1-M02-K01-S05,Doğa Sıvı Çamaşır Deterjanı XL,8690000560981,Şişe,20,80,100,100
E1,Temizlik,2,2,1,E1-M02-K02-S01,Lezzet Sıvı Çamaşır Deterjanı Büyük,8690000560998,Şişe,18,0,18,90
E1,Temizlik,2,2,2,E1-M02-K02-S02,Günlük Sıvı Çamaşır Deterjanı Büyük,8690000561001,Şişe,18,18,36,90
E1,Temizlik,2,2,3,E1-M02-K02-S03,Evimiz Sıvı Çamaşır Deterjanı Büyük,8690000561018,Şişe,18,36,54,90
E1,Temizlik,2,2,4,E1-M02-K02-S04,Doğa Sıvı Çamaşır Deterjanı Büyük,8690000561025,Şişe,18,54,72,90
E1,Temizlik,2,2,5,E1-M02-K02-S05,Premium Sıvı Çamaşır Deterjanı Büyük,8690000561032,Şişe,18,72,90,90
E1,Temizlik,2,3,1,E1-M02-K03-S01,Günlük Sıvı Çamaşır Deterjanı Standart,8690000561049,Şişe,16,0,16,96
E1,Temizlik,2,3,2,E1-M02-K03-S02,Evimiz Sıvı Çamaşır Deterjanı Standart,8690000561056,Şişe,16,16,32,96
E1,Temizlik,2,3,3,E1-M02-K03-S03,Doğa Sıvı Çamaşır Deterjanı Standart,8690000561063,Şişe,16,32,48,96
E1,Temizlik,2,3,4,E1-M02-K03-S04,Premium Sıvı Çamaşır Deterjanı Standart,8690000561070,Şişe,16,48,64,96
E1,Temizlik,2,3,5,E1-M02-K03-S05,Emigro Sıvı Çamaşır Deterjanı Standart,8690000561087,Şişe,16,64,80,96
E1,Temizlik,2,3,6,E1-M02-K03-S06,Anadolu Sıvı Çamaşır Deterjanı Standart,8690000561094,Şişe,16,80,96,96
E1,Temizlik,2,4,1,E1-M02-K04-S01,Evimiz Sıvı Çamaşır Deterjanı Orta,8690000561100,Şişe,14,0,14,98
E1,Temizlik,2,4,2,E1-M02-K04-S02,Doğa Sıvı Çamaşır Deterjanı Orta,8690000561117,Şişe,14,14,28,98
E1,Temizlik,2,4,3,E1-M02-K04-S03,Premium Sıvı Çamaşır Deterjanı Orta,8690000561124,Şişe,14,28,42,98
E1,Temizlik,2,4,4,E1-M02-K04-S04,Emigro Sıvı Çamaşır Deterjanı Orta,8690000561131,Şişe,14,42,56,98
E1,Temizlik,2,4,5,E1-M02-K04-S05,Anadolu Sıvı Çamaşır Deterjanı Orta,8690000561148,Şişe,14,56,70,98
E1,Temizlik,2,4,6,E1-M02-K04-S06,Bereket Sıvı Çamaşır Deterjanı Orta,8690000561155,Şişe,14,70,84,98
E1,Temizlik,2,4,7,E1-M02-K04-S07,Marmara Sıvı Çamaşır Deterjanı Orta,8690000561162,Şişe,14,84,98,98
E1,Temizlik,2,5,1,E1-M02-K05-S01,Doğa Sıvı Çamaşır Deterjanı Küçük,8690000561179,Şişe,13,0,13,91
E1,Temizlik,2,5,2,E1-M02-K05-S02,Premium Sıvı Çamaşır Deterjanı Küçük,8690000561186,Şişe,13,13,26,91
E1,Temizlik,2,5,3,E1-M02-K05-S03,Emigro Sıvı Çamaşır Deterjanı Küçük,8690000561193,Şişe,13,26,39,91
E1,Temizlik,2,5,4,E1-M02-K05-S04,Anadolu Sıvı Çamaşır Deterjanı Küçük,8690000561209,Şişe,13,39,52,91
E1,Temizlik,2,5,5,E1-M02-K05-S05,Bereket Sıvı Çamaşır Deterjanı Küçük,8690000561216,Şişe,13,52,65,91
E1,Temizlik,2,5,6,E1-M02-K05-S06,Marmara Sıvı Çamaşır Deterjanı Küçük,8690000561223,Şişe,13,65,78,91
E1,Temizlik,2,5,7,E1-M02-K05-S07,Usta Sıvı Çamaşır Deterjanı Küçük,8690000561230,Şişe,13,78,91,91
E1,Temizlik,2,6,1,E1-M02-K06-S01,Premium Sıvı Çamaşır Deterjanı Mini,8690000561247,Şişe,11,0,11,99
E1,Temizlik,2,6,2,E1-M02-K06-S02,Emigro Sıvı Çamaşır Deterjanı Mini,8690000561254,Şişe,11,11,22,99
E1,Temizlik,2,6,3,E1-M02-K06-S03,Anadolu Sıvı Çamaşır Deterjanı Mini,8690000561261,Şişe,11,22,33,99
E1,Temizlik,2,6,4,E1-M02-K06-S04,Bereket Sıvı Çamaşır Deterjanı Mini,8690000561278,Şişe,11,33,44,99
E1,Temizlik,2,6,5,E1-M02-K06-S05,Marmara Sıvı Çamaşır Deterjanı Mini,8690000561285,Şişe,11,44,55,99
E1,Temizlik,2,6,6,E1-M02-K06-S06,Usta Sıvı Çamaşır Deterjanı Mini,8690000561292,Şişe,11,55,66,99
E1,Temizlik,2,6,7,E1-M02-K06-S07,Lezzet Sıvı Çamaşır Deterjanı Mini,8690000561308,Şişe,11,66,77,99
E1,Temizlik,2,6,8,E1-M02-K06-S08,Günlük Sıvı Çamaşır Deterjanı Mini,8690000561315,Şişe,11,77,88,99
E1,Temizlik,2,6,9,E1-M02-K06-S09,Evimiz Sıvı Çamaşır Deterjanı Mini,8690000561322,Şişe,11,88,99,99
E1,Temizlik,3,1,1,E1-M03-K01-S01,Lezzet Yumuşatıcı XL,8690000561339,Şişe,16,0,16,96
E1,Temizlik,3,1,2,E1-M03-K01-S02,Günlük Yumuşatıcı XL,8690000561346,Şişe,16,16,32,96
E1,Temizlik,3,1,3,E1-M03-K01-S03,Evimiz Yumuşatıcı XL,8690000561353,Şişe,16,32,48,96
E1,Temizlik,3,1,4,E1-M03-K01-S04,Doğa Yumuşatıcı XL,8690000561360,Şişe,16,48,64,96
E1,Temizlik,3,1,5,E1-M03-K01-S05,Premium Yumuşatıcı XL,8690000561377,Şişe,16,64,80,96
E1,Temizlik,3,1,6,E1-M03-K01-S06,Emigro Yumuşatıcı XL,8690000561384,Şişe,16,80,96,96
E1,Temizlik,3,2,1,E1-M03-K02-S01,Günlük Yumuşatıcı Büyük,8690000561391,Şişe,15,0,15,90
E1,Temizlik,3,2,2,E1-M03-K02-S02,Evimiz Yumuşatıcı Büyük,8690000561407,Şişe,15,15,30,90
E1,Temizlik,3,2,3,E1-M03-K02-S03,Doğa Yumuşatıcı Büyük,8690000561414,Şişe,15,30,45,90
E1,Temizlik,3,2,4,E1-M03-K02-S04,Premium Yumuşatıcı Büyük,8690000561421,Şişe,15,45,60,90
E1,Temizlik,3,2,5,E1-M03-K02-S05,Emigro Yumuşatıcı Büyük,8690000561438,Şişe,15,60,75,90
E1,Temizlik,3,2,6,E1-M03-K02-S06,Anadolu Yumuşatıcı Büyük,8690000561445,Şişe,15,75,90,90
E1,Temizlik,3,3,1,E1-M03-K03-S01,Evimiz Yumuşatıcı Standart,8690000561452,Şişe,13,0,13,91
E1,Temizlik,3,3,2,E1-M03-K03-S02,Doğa Yumuşatıcı Standart,8690000561469,Şişe,13,13,26,91
E1,Temizlik,3,3,3,E1-M03-K03-S03,Premium Yumuşatıcı Standart,8690000561476,Şişe,13,26,39,91
E1,Temizlik,3,3,4,E1-M03-K03-S04,Emigro Yumuşatıcı Standart,8690000561483,Şişe,13,39,52,91
E1,Temizlik,3,3,5,E1-M03-K03-S05,Anadolu Yumuşatıcı Standart,8690000561490,Şişe,13,52,65,91
E1,Temizlik,3,3,6,E1-M03-K03-S06,Bereket Yumuşatıcı Standart,8690000561506,Şişe,13,65,78,91
E1,Temizlik,3,3,7,E1-M03-K03-S07,Marmara Yumuşatıcı Standart,8690000561513,Şişe,13,78,91,91
E1,Temizlik,3,4,1,E1-M03-K04-S01,Doğa Yumuşatıcı Orta,8690000561520,Şişe,12,0,12,96
E1,Temizlik,3,4,2,E1-M03-K04-S02,Premium Yumuşatıcı Orta,8690000561537,Şişe,12,12,24,96
E1,Temizlik,3,4,3,E1-M03-K04-S03,Emigro Yumuşatıcı Orta,8690000561544,Şişe,12,24,36,96
E1,Temizlik,3,4,4,E1-M03-K04-S04,Anadolu Yumuşatıcı Orta,8690000561551,Şişe,12,36,48,96
E1,Temizlik,3,4,5,E1-M03-K04-S05,Bereket Yumuşatıcı Orta,8690000561568,Şişe,12,48,60,96
E1,Temizlik,3,4,6,E1-M03-K04-S06,Marmara Yumuşatıcı Orta,8690000561575,Şişe,12,60,72,96
E1,Temizlik,3,4,7,E1-M03-K04-S07,Usta Yumuşatıcı Orta,8690000561582,Şişe,12,72,84,96
E1,Temizlik,3,4,8,E1-M03-K04-S08,Lezzet Yumuşatıcı Orta,8690000561599,Şişe,12,84,96,96
E1,Temizlik,3,5,1,E1-M03-K05-S01,Premium Yumuşatıcı Küçük,8690000561605,Şişe,10,0,10,100
E1,Temizlik,3,5,2,E1-M03-K05-S02,Emigro Yumuşatıcı Küçük,8690000561612,Şişe,10,10,20,100
E1,Temizlik,3,5,3,E1-M03-K05-S03,Anadolu Yumuşatıcı Küçük,8690000561629,Şişe,10,20,30,100
E1,Temizlik,3,5,4,E1-M03-K05-S04,Bereket Yumuşatıcı Küçük,8690000561636,Şişe,10,30,40,100
E1,Temizlik,3,5,5,E1-M03-K05-S05,Marmara Yumuşatıcı Küçük,8690000561643,Şişe,10,40,50,100
E1,Temizlik,3,5,6,E1-M03-K05-S06,Usta Yumuşatıcı Küçük,8690000561650,Şişe,10,50,60,100
E1,Temizlik,3,5,7,E1-M03-K05-S07,Lezzet Yumuşatıcı Küçük,8690000561667,Şişe,10,60,70,100
E1,Temizlik,3,5,8,E1-M03-K05-S08,Günlük Yumuşatıcı Küçük,8690000561674,Şişe,10,70,80,100
E1,Temizlik,3,5,9,E1-M03-K05-S09,Evimiz Yumuşatıcı Küçük,8690000561681,Şişe,10,80,90,100
E1,Temizlik,3,5,10,E1-M03-K05-S10,Doğa Yumuşatıcı Küçük,8690000561698,Şişe,10,90,100,100
E1,Temizlik,3,6,1,E1-M03-K06-S01,Emigro Yumuşatıcı Mini,8690000561704,Şişe,9,0,9,99
E1,Temizlik,3,6,2,E1-M03-K06-S02,Anadolu Yumuşatıcı Mini,8690000561711,Şişe,9,9,18,99
E1,Temizlik,3,6,3,E1-M03-K06-S03,Bereket Yumuşatıcı Mini,8690000561728,Şişe,9,18,27,99
E1,Temizlik,3,6,4,E1-M03-K06-S04,Marmara Yumuşatıcı Mini,8690000561735,Şişe,9,27,36,99
E1,Temizlik,3,6,5,E1-M03-K06-S05,Usta Yumuşatıcı Mini,8690000561742,Şişe,9,36,45,99
E1,Temizlik,3,6,6,E1-M03-K06-S06,Lezzet Yumuşatıcı Mini,8690000561759,Şişe,9,45,54,99
E1,Temizlik,3,6,7,E1-M03-K06-S07,Günlük Yumuşatıcı Mini,8690000561766,Şişe,9,54,63,99
E1,Temizlik,3,6,8,E1-M03-K06-S08,Evimiz Yumuşatıcı Mini,8690000561773,Şişe,9,63,72,99
E1,Temizlik,3,6,9,E1-M03-K06-S09,Doğa Yumuşatıcı Mini,8690000561780,Şişe,9,72,81,99
E1,Temizlik,3,6,10,E1-M03-K06-S10,Premium Yumuşatıcı Mini,8690000561797,Şişe,9,81,90,99
E1,Temizlik,3,6,11,E1-M03-K06-S11,Emigro Yumuşatıcı Mini,8690000561803,Şişe,9,90,99,99
E1,Temizlik,4,1,1,E1-M04-K01-S01,Günlük Bulaşık Deterjanı XL,8690000561810,Şişe,10,0,10,100
E1,Temizlik,4,1,2,E1-M04-K01-S02,Evimiz Bulaşık Deterjanı XL,8690000561827,Şişe,10,10,20,100
E1,Temizlik,4,1,3,E1-M04-K01-S03,Doğa Bulaşık Deterjanı XL,8690000561834,Şişe,10,20,30,100
E1,Temizlik,4,1,4,E1-M04-K01-S04,Premium Bulaşık Deterjanı XL,8690000561841,Şişe,10,30,40,100
E1,Temizlik,4,1,5,E1-M04-K01-S05,Emigro Bulaşık Deterjanı XL,8690000561858,Şişe,10,40,50,100
E1,Temizlik,4,1,6,E1-M04-K01-S06,Anadolu Bulaşık Deterjanı XL,8690000561865,Şişe,10,50,60,100
E1,Temizlik,4,1,7,E1-M04-K01-S07,Bereket Bulaşık Deterjanı XL,8690000561872,Şişe,10,60,70,100
E1,Temizlik,4,1,8,E1-M04-K01-S08,Marmara Bulaşık Deterjanı XL,8690000561889,Şişe,10,70,80,100
E1,Temizlik,4,1,9,E1-M04-K01-S09,Usta Bulaşık Deterjanı XL,8690000561896,Şişe,10,80,90,100
E1,Temizlik,4,1,10,E1-M04-K01-S10,Lezzet Bulaşık Deterjanı XL,8690000561902,Şişe,10,90,100,100
E1,Temizlik,4,2,1,E1-M04-K02-S01,Evimiz Bulaşık Deterjanı Büyük,8690000561919,Şişe,9,0,9,99
E1,Temizlik,4,2,2,E1-M04-K02-S02,Doğa Bulaşık Deterjanı Büyük,8690000561926,Şişe,9,9,18,99
E1,Temizlik,4,2,3,E1-M04-K02-S03,Premium Bulaşık Deterjanı Büyük,8690000561933,Şişe,9,18,27,99
E1,Temizlik,4,2,4,E1-M04-K02-S04,Emigro Bulaşık Deterjanı Büyük,8690000561940,Şişe,9,27,36,99
E1,Temizlik,4,2,5,E1-M04-K02-S05,Anadolu Bulaşık Deterjanı Büyük,8690000561957,Şişe,9,36,45,99
E1,Temizlik,4,2,6,E1-M04-K02-S06,Bereket Bulaşık Deterjanı Büyük,8690000561964,Şişe,9,45,54,99
E1,Temizlik,4,2,7,E1-M04-K02-S07,Marmara Bulaşık Deterjanı Büyük,8690000561971,Şişe,9,54,63,99
E1,Temizlik,4,2,8,E1-M04-K02-S08,Usta Bulaşık Deterjanı Büyük,8690000561988,Şişe,9,63,72,99
E1,Temizlik,4,2,9,E1-M04-K02-S09,Lezzet Bulaşık Deterjanı Büyük,8690000561995,Şişe,9,72,81,99
E1,Temizlik,4,2,10,E1-M04-K02-S10,Günlük Bulaşık Deterjanı Büyük,8690000562008,Şişe,9,81,90,99
E1,Temizlik,4,2,11,E1-M04-K02-S11,Evimiz Bulaşık Deterjanı Büyük,8690000562015,Şişe,9,90,99,99
E1,Temizlik,4,3,1,E1-M04-K03-S01,Doğa Bulaşık Deterjanı Standart,8690000562022,Şişe,8,0,8,96
E1,Temizlik,4,3,2,E1-M04-K03-S02,Premium Bulaşık Deterjanı Standart,8690000562039,Şişe,8,8,16,96
E1,Temizlik,4,3,3,E1-M04-K03-S03,Emigro Bulaşık Deterjanı Standart,8690000562046,Şişe,8,16,24,96
E1,Temizlik,4,3,4,E1-M04-K03-S04,Anadolu Bulaşık Deterjanı Standart,8690000562053,Şişe,8,24,32,96
E1,Temizlik,4,3,5,E1-M04-K03-S05,Bereket Bulaşık Deterjanı Standart,8690000562060,Şişe,8,32,40,96
E1,Temizlik,4,3,6,E1-M04-K03-S06,Marmara Bulaşık Deterjanı Standart,8690000562077,Şişe,8,40,48,96
E1,Temizlik,4,3,7,E1-M04-K03-S07,Usta Bulaşık Deterjanı Standart,8690000562084,Şişe,8,48,56,96
E1,Temizlik,4,3,8,E1-M04-K03-S08,Lezzet Bulaşık Deterjanı Standart,8690000562091,Şişe,8,56,64,96
E1,Temizlik,4,3,9,E1-M04-K03-S09,Günlük Bulaşık Deterjanı Standart,8690000562107,Şişe,8,64,72,96
E1,Temizlik,4,3,10,E1-M04-K03-S10,Evimiz Bulaşık Deterjanı Standart,8690000562114,Şişe,8,72,80,96
E1,Temizlik,4,3,11,E1-M04-K03-S11,Doğa Bulaşık Deterjanı Standart,8690000562121,Şişe,8,80,88,96
E1,Temizlik,4,3,12,E1-M04-K03-S12,Premium Bulaşık Deterjanı Standart,8690000562138,Şişe,8,88,96,96
E1,Temizlik,4,4,1,E1-M04-K04-S01,Premium Bulaşık Deterjanı Orta,8690000562145,Şişe,7,0,7,98
E1,Temizlik,4,4,2,E1-M04-K04-S02,Emigro Bulaşık Deterjanı Orta,8690000562152,Şişe,7,7,14,98
E1,Temizlik,4,4,3,E1-M04-K04-S03,Anadolu Bulaşık Deterjanı Orta,8690000562169,Şişe,7,14,21,98
E1,Temizlik,4,4,4,E1-M04-K04-S04,Bereket Bulaşık Deterjanı Orta,8690000562176,Şişe,7,21,28,98
E1,Temizlik,4,4,5,E1-M04-K04-S05,Marmara Bulaşık Deterjanı Orta,8690000562183,Şişe,7,28,35,98
E1,Temizlik,4,4,6,E1-M04-K04-S06,Usta Bulaşık Deterjanı Orta,8690000562190,Şişe,7,35,42,98
E1,Temizlik,4,4,7,E1-M04-K04-S07,Lezzet Bulaşık Deterjanı Orta,8690000562206,Şişe,7,42,49,98
E1,Temizlik,4,4,8,E1-M04-K04-S08,Günlük Bulaşık Deterjanı Orta,8690000562213,Şişe,7,49,56,98
E1,Temizlik,4,4,9,E1-M04-K04-S09,Evimiz Bulaşık Deterjanı Orta,8690000562220,Şişe,7,56,63,98
E1,Temizlik,4,4,10,E1-M04-K04-S10,Doğa Bulaşık Deterjanı Orta,8690000562237,Şişe,7,63,70,98
E1,Temizlik,4,4,11,E1-M04-K04-S11,Premium Bulaşık Deterjanı Orta,8690000562244,Şişe,7,70,77,98
E1,Temizlik,4,4,12,E1-M04-K04-S12,Emigro Bulaşık Deterjanı Orta,8690000562251,Şişe,7,77,84,98
E1,Temizlik,4,4,13,E1-M04-K04-S13,Anadolu Bulaşık Deterjanı Orta,8690000562268,Şişe,7,84,91,98
E1,Temizlik,4,4,14,E1-M04-K04-S14,Bereket Bulaşık Deterjanı Orta,8690000562275,Şişe,7,91,98,98
E1,Temizlik,4,5,1,E1-M04-K05-S01,Emigro Bulaşık Deterjanı Küçük,8690000562282,Şişe,6,0,6,96
E1,Temizlik,4,5,2,E1-M04-K05-S02,Anadolu Bulaşık Deterjanı Küçük,8690000562299,Şişe,6,6,12,96
E1,Temizlik,4,5,3,E1-M04-K05-S03,Bereket Bulaşık Deterjanı Küçük,8690000562305,Şişe,6,12,18,96
E1,Temizlik,4,5,4,E1-M04-K05-S04,Marmara Bulaşık Deterjanı Küçük,8690000562312,Şişe,6,18,24,96
E1,Temizlik,4,5,5,E1-M04-K05-S05,Usta Bulaşık Deterjanı Küçük,8690000562329,Şişe,6,24,30,96
E1,Temizlik,4,5,6,E1-M04-K05-S06,Lezzet Bulaşık Deterjanı Küçük,8690000562336,Şişe,6,30,36,96
E1,Temizlik,4,5,7,E1-M04-K05-S07,Günlük Bulaşık Deterjanı Küçük,8690000562343,Şişe,6,36,42,96
E1,Temizlik,4,5,8,E1-M04-K05-S08,Evimiz Bulaşık Deterjanı Küçük,8690000562350,Şişe,6,42,48,96
E1,Temizlik,4,5,9,E1-M04-K05-S09,Doğa Bulaşık Deterjanı Küçük,8690000562367,Şişe,6,48,54,96
E1,Temizlik,4,5,10,E1-M04-K05-S10,Premium Bulaşık Deterjanı Küçük,8690000562374,Şişe,6,54,60,96
E1,Temizlik,4,5,11,E1-M04-K05-S11,Emigro Bulaşık Deterjanı Küçük,8690000562381,Şişe,6,60,66,96
E1,Temizlik,4,5,12,E1-M04-K05-S12,Anadolu Bulaşık Deterjanı Küçük,8690000562398,Şişe,6,66,72,96
E1,Temizlik,4,5,13,E1-M04-K05-S13,Bereket Bulaşık Deterjanı Küçük,8690000562404,Şişe,6,72,78,96
E1,Temizlik,4,5,14,E1-M04-K05-S14,Marmara Bulaşık Deterjanı Küçük,8690000562411,Şişe,6,78,84,96
E1,Temizlik,4,5,15,E1-M04-K05-S15,Usta Bulaşık Deterjanı Küçük,8690000562428,Şişe,6,84,90,96
E1,Temizlik,4,5,16,E1-M04-K05-S16,Lezzet Bulaşık Deterjanı Küçük,8690000562435,Şişe,6,90,96,96
E1,Temizlik,4,6,1,E1-M04-K06-S01,Anadolu Bulaşık Deterjanı Mini,8690000562442,Şişe,6,0,6,96
E1,Temizlik,4,6,2,E1-M04-K06-S02,Bereket Bulaşık Deterjanı Mini,8690000562459,Şişe,6,6,12,96
E1,Temizlik,4,6,3,E1-M04-K06-S03,Marmara Bulaşık Deterjanı Mini,8690000562466,Şişe,6,12,18,96
E1,Temizlik,4,6,4,E1-M04-K06-S04,Usta Bulaşık Deterjanı Mini,8690000562473,Şişe,6,18,24,96
E1,Temizlik,4,6,5,E1-M04-K06-S05,Lezzet Bulaşık Deterjanı Mini,8690000562480,Şişe,6,24,30,96
E1,Temizlik,4,6,6,E1-M04-K06-S06,Günlük Bulaşık Deterjanı Mini,8690000562497,Şişe,6,30,36,96
E1,Temizlik,4,6,7,E1-M04-K06-S07,Evimiz Bulaşık Deterjanı Mini,8690000562503,Şişe,6,36,42,96
E1,Temizlik,4,6,8,E1-M04-K06-S08,Doğa Bulaşık Deterjanı Mini,8690000562510,Şişe,6,42,48,96
E1,Temizlik,4,6,9,E1-M04-K06-S09,Premium Bulaşık Deterjanı Mini,8690000562527,Şişe,6,48,54,96
E1,Temizlik,4,6,10,E1-M04-K06-S10,Emigro Bulaşık Deterjanı Mini,8690000562534,Şişe,6,54,60,96
E1,Temizlik,4,6,11,E1-M04-K06-S11,Anadolu Bulaşık Deterjanı Mini,8690000562541,Şişe,6,60,66,96
E1,Temizlik,4,6,12,E1-M04-K06-S12,Bereket Bulaşık Deterjanı Mini,8690000562558,Şişe,6,66,72,96
E1,Temizlik,4,6,13,E1-M04-K06-S13,Marmara Bulaşık Deterjanı Mini,8690000562565,Şişe,6,72,78,96
E1,Temizlik,4,6,14,E1-M04-K06-S14,Usta Bulaşık Deterjanı Mini,8690000562572,Şişe,6,78,84,96
E1,Temizlik,4,6,15,E1-M04-K06-S15,Lezzet Bulaşık Deterjanı Mini,8690000562589,Şişe,6,84,90,96
E1,Temizlik,4,6,16,E1-M04-K06-S16,Günlük Bulaşık Deterjanı Mini,8690000562596,Şişe,6,90,96,96
E1,Temizlik,5,1,1,E1-M05-K01-S01,Evimiz Bulaşık Makinesi Tableti XL,8690000562602,Kutu,19,0,19,95
E1,Temizlik,5,1,2,E1-M05-K01-S02,Doğa Bulaşık Makinesi Tableti XL,8690000562619,Kutu,19,19,38,95
E1,Temizlik,5,1,3,E1-M05-K01-S03,Premium Bulaşık Makinesi Tableti XL,8690000562626,Kutu,19,38,57,95
E1,Temizlik,5,1,4,E1-M05-K01-S04,Emigro Bulaşık Makinesi Tableti XL,8690000562633,Kutu,19,57,76,95
E1,Temizlik,5,1,5,E1-M05-K01-S05,Anadolu Bulaşık Makinesi Tableti XL,8690000562640,Kutu,19,76,95,95
E1,Temizlik,5,2,1,E1-M05-K02-S01,Doğa Bulaşık Makinesi Tableti Büyük,8690000562657,Kutu,17,0,17,85
E1,Temizlik,5,2,2,E1-M05-K02-S02,Premium Bulaşık Makinesi Tableti Büyük,8690000562664,Kutu,17,17,34,85
E1,Temizlik,5,2,3,E1-M05-K02-S03,Emigro Bulaşık Makinesi Tableti Büyük,8690000562671,Kutu,17,34,51,85
E1,Temizlik,5,2,4,E1-M05-K02-S04,Anadolu Bulaşık Makinesi Tableti Büyük,8690000562688,Kutu,17,51,68,85
E1,Temizlik,5,2,5,E1-M05-K02-S05,Bereket Bulaşık Makinesi Tableti Büyük,8690000562695,Kutu,17,68,85,85
E1,Temizlik,5,3,1,E1-M05-K03-S01,Premium Bulaşık Makinesi Tableti Standart,8690000562701,Kutu,15,0,15,90
E1,Temizlik,5,3,2,E1-M05-K03-S02,Emigro Bulaşık Makinesi Tableti Standart,8690000562718,Kutu,15,15,30,90
E1,Temizlik,5,3,3,E1-M05-K03-S03,Anadolu Bulaşık Makinesi Tableti Standart,8690000562725,Kutu,15,30,45,90
E1,Temizlik,5,3,4,E1-M05-K03-S04,Bereket Bulaşık Makinesi Tableti Standart,8690000562732,Kutu,15,45,60,90
E1,Temizlik,5,3,5,E1-M05-K03-S05,Marmara Bulaşık Makinesi Tableti Standart,8690000562749,Kutu,15,60,75,90
E1,Temizlik,5,3,6,E1-M05-K03-S06,Usta Bulaşık Makinesi Tableti Standart,8690000562756,Kutu,15,75,90,90
E1,Temizlik,5,4,1,E1-M05-K04-S01,Emigro Bulaşık Makinesi Tableti Orta,8690000562763,Kutu,14,0,14,98
E1,Temizlik,5,4,2,E1-M05-K04-S02,Anadolu Bulaşık Makinesi Tableti Orta,8690000562770,Kutu,14,14,28,98
E1,Temizlik,5,4,3,E1-M05-K04-S03,Bereket Bulaşık Makinesi Tableti Orta,8690000562787,Kutu,14,28,42,98
E1,Temizlik,5,4,4,E1-M05-K04-S04,Marmara Bulaşık Makinesi Tableti Orta,8690000562794,Kutu,14,42,56,98
E1,Temizlik,5,4,5,E1-M05-K04-S05,Usta Bulaşık Makinesi Tableti Orta,8690000562800,Kutu,14,56,70,98
E1,Temizlik,5,4,6,E1-M05-K04-S06,Lezzet Bulaşık Makinesi Tableti Orta,8690000562817,Kutu,14,70,84,98
E1,Temizlik,5,4,7,E1-M05-K04-S07,Günlük Bulaşık Makinesi Tableti Orta,8690000562824,Kutu,14,84,98,98
E1,Temizlik,5,5,1,E1-M05-K05-S01,Anadolu Bulaşık Makinesi Tableti Küçük,8690000562831,Kutu,12,0,12,96
E1,Temizlik,5,5,2,E1-M05-K05-S02,Bereket Bulaşık Makinesi Tableti Küçük,8690000562848,Kutu,12,12,24,96
E1,Temizlik,5,5,3,E1-M05-K05-S03,Marmara Bulaşık Makinesi Tableti Küçük,8690000562855,Kutu,12,24,36,96
E1,Temizlik,5,5,4,E1-M05-K05-S04,Usta Bulaşık Makinesi Tableti Küçük,8690000562862,Kutu,12,36,48,96
E1,Temizlik,5,5,5,E1-M05-K05-S05,Lezzet Bulaşık Makinesi Tableti Küçük,8690000562879,Kutu,12,48,60,96
E1,Temizlik,5,5,6,E1-M05-K05-S06,Günlük Bulaşık Makinesi Tableti Küçük,8690000562886,Kutu,12,60,72,96
E1,Temizlik,5,5,7,E1-M05-K05-S07,Evimiz Bulaşık Makinesi Tableti Küçük,8690000562893,Kutu,12,72,84,96
E1,Temizlik,5,5,8,E1-M05-K05-S08,Doğa Bulaşık Makinesi Tableti Küçük,8690000562909,Kutu,12,84,96,96
E1,Temizlik,5,6,1,E1-M05-K06-S01,Bereket Bulaşık Makinesi Tableti Mini,8690000562916,Kutu,10,0,10,100
E1,Temizlik,5,6,2,E1-M05-K06-S02,Marmara Bulaşık Makinesi Tableti Mini,8690000562923,Kutu,10,10,20,100
E1,Temizlik,5,6,3,E1-M05-K06-S03,Usta Bulaşık Makinesi Tableti Mini,8690000562930,Kutu,10,20,30,100
E1,Temizlik,5,6,4,E1-M05-K06-S04,Lezzet Bulaşık Makinesi Tableti Mini,8690000562947,Kutu,10,30,40,100
E1,Temizlik,5,6,5,E1-M05-K06-S05,Günlük Bulaşık Makinesi Tableti Mini,8690000562954,Kutu,10,40,50,100
E1,Temizlik,5,6,6,E1-M05-K06-S06,Evimiz Bulaşık Makinesi Tableti Mini,8690000562961,Kutu,10,50,60,100
E1,Temizlik,5,6,7,E1-M05-K06-S07,Doğa Bulaşık Makinesi Tableti Mini,8690000562978,Kutu,10,60,70,100
E1,Temizlik,5,6,8,E1-M05-K06-S08,Premium Bulaşık Makinesi Tableti Mini,8690000562985,Kutu,10,70,80,100
E1,Temizlik,5,6,9,E1-M05-K06-S09,Emigro Bulaşık Makinesi Tableti Mini,8690000562992,Kutu,10,80,90,100
E1,Temizlik,5,6,10,E1-M05-K06-S10,Anadolu Bulaşık Makinesi Tableti Mini,8690000563005,Kutu,10,90,100,100
E1,Temizlik,6,1,1,E1-M06-K01-S01,Doğa Yüzey Temizleyici XL,8690000563012,Şişe,12,0,12,96
E1,Temizlik,6,1,2,E1-M06-K01-S02,Premium Yüzey Temizleyici XL,8690000563029,Şişe,12,12,24,96
E1,Temizlik,6,1,3,E1-M06-K01-S03,Emigro Yüzey Temizleyici XL,8690000563036,Şişe,12,24,36,96
E1,Temizlik,6,1,4,E1-M06-K01-S04,Anadolu Yüzey Temizleyici XL,8690000563043,Şişe,12,36,48,96
E1,Temizlik,6,1,5,E1-M06-K01-S05,Bereket Yüzey Temizleyici XL,8690000563050,Şişe,12,48,60,96
E1,Temizlik,6,1,6,E1-M06-K01-S06,Marmara Yüzey Temizleyici XL,8690000563067,Şişe,12,60,72,96
E1,Temizlik,6,1,7,E1-M06-K01-S07,Usta Yüzey Temizleyici XL,8690000563074,Şişe,12,72,84,96
E1,Temizlik,6,1,8,E1-M06-K01-S08,Lezzet Yüzey Temizleyici XL,8690000563081,Şişe,12,84,96,96
E1,Temizlik,6,2,1,E1-M06-K02-S01,Premium Yüzey Temizleyici Büyük,8690000563098,Şişe,12,0,12,96
E1,Temizlik,6,2,2,E1-M06-K02-S02,Emigro Yüzey Temizleyici Büyük,8690000563104,Şişe,12,12,24,96
E1,Temizlik,6,2,3,E1-M06-K02-S03,Anadolu Yüzey Temizleyici Büyük,8690000563111,Şişe,12,24,36,96
E1,Temizlik,6,2,4,E1-M06-K02-S04,Bereket Yüzey Temizleyici Büyük,8690000563128,Şişe,12,36,48,96
E1,Temizlik,6,2,5,E1-M06-K02-S05,Marmara Yüzey Temizleyici Büyük,8690000563135,Şişe,12,48,60,96
E1,Temizlik,6,2,6,E1-M06-K02-S06,Usta Yüzey Temizleyici Büyük,8690000563142,Şişe,12,60,72,96
E1,Temizlik,6,2,7,E1-M06-K02-S07,Lezzet Yüzey Temizleyici Büyük,8690000563159,Şişe,12,72,84,96
E1,Temizlik,6,2,8,E1-M06-K02-S08,Günlük Yüzey Temizleyici Büyük,8690000563166,Şişe,12,84,96,96
E1,Temizlik,6,3,1,E1-M06-K03-S01,Emigro Yüzey Temizleyici Standart,8690000563173,Şişe,10,0,10,100
E1,Temizlik,6,3,2,E1-M06-K03-S02,Anadolu Yüzey Temizleyici Standart,8690000563180,Şişe,10,10,20,100
E1,Temizlik,6,3,3,E1-M06-K03-S03,Bereket Yüzey Temizleyici Standart,8690000563197,Şişe,10,20,30,100
E1,Temizlik,6,3,4,E1-M06-K03-S04,Marmara Yüzey Temizleyici Standart,8690000563203,Şişe,10,30,40,100
E1,Temizlik,6,3,5,E1-M06-K03-S05,Usta Yüzey Temizleyici Standart,8690000563210,Şişe,10,40,50,100
E1,Temizlik,6,3,6,E1-M06-K03-S06,Lezzet Yüzey Temizleyici Standart,8690000563227,Şişe,10,50,60,100
E1,Temizlik,6,3,7,E1-M06-K03-S07,Günlük Yüzey Temizleyici Standart,8690000563234,Şişe,10,60,70,100
E1,Temizlik,6,3,8,E1-M06-K03-S08,Evimiz Yüzey Temizleyici Standart,8690000563241,Şişe,10,70,80,100
E1,Temizlik,6,3,9,E1-M06-K03-S09,Doğa Yüzey Temizleyici Standart,8690000563258,Şişe,10,80,90,100
E1,Temizlik,6,3,10,E1-M06-K03-S10,Premium Yüzey Temizleyici Standart,8690000563265,Şişe,10,90,100,100
E1,Temizlik,6,4,1,E1-M06-K04-S01,Anadolu Yüzey Temizleyici Orta,8690000563272,Şişe,9,0,9,99
E1,Temizlik,6,4,2,E1-M06-K04-S02,Bereket Yüzey Temizleyici Orta,8690000563289,Şişe,9,9,18,99
E1,Temizlik,6,4,3,E1-M06-K04-S03,Marmara Yüzey Temizleyici Orta,8690000563296,Şişe,9,18,27,99
E1,Temizlik,6,4,4,E1-M06-K04-S04,Usta Yüzey Temizleyici Orta,8690000563302,Şişe,9,27,36,99
E1,Temizlik,6,4,5,E1-M06-K04-S05,Lezzet Yüzey Temizleyici Orta,8690000563319,Şişe,9,36,45,99
E1,Temizlik,6,4,6,E1-M06-K04-S06,Günlük Yüzey Temizleyici Orta,8690000563326,Şişe,9,45,54,99
E1,Temizlik,6,4,7,E1-M06-K04-S07,Evimiz Yüzey Temizleyici Orta,8690000563333,Şişe,9,54,63,99
E1,Temizlik,6,4,8,E1-M06-K04-S08,Doğa Yüzey Temizleyici Orta,8690000563340,Şişe,9,63,72,99
E1,Temizlik,6,4,9,E1-M06-K04-S09,Premium Yüzey Temizleyici Orta,8690000563357,Şişe,9,72,81,99
E1,Temizlik,6,4,10,E1-M06-K04-S10,Emigro Yüzey Temizleyici Orta,8690000563364,Şişe,9,81,90,99
E1,Temizlik,6,4,11,E1-M06-K04-S11,Anadolu Yüzey Temizleyici Orta,8690000563371,Şişe,9,90,99,99
E1,Temizlik,6,5,1,E1-M06-K05-S01,Bereket Yüzey Temizleyici Küçük,8690000563388,Şişe,8,0,8,96
E1,Temizlik,6,5,2,E1-M06-K05-S02,Marmara Yüzey Temizleyici Küçük,8690000563395,Şişe,8,8,16,96
E1,Temizlik,6,5,3,E1-M06-K05-S03,Usta Yüzey Temizleyici Küçük,8690000563401,Şişe,8,16,24,96
E1,Temizlik,6,5,4,E1-M06-K05-S04,Lezzet Yüzey Temizleyici Küçük,8690000563418,Şişe,8,24,32,96
E1,Temizlik,6,5,5,E1-M06-K05-S05,Günlük Yüzey Temizleyici Küçük,8690000563425,Şişe,8,32,40,96
E1,Temizlik,6,5,6,E1-M06-K05-S06,Evimiz Yüzey Temizleyici Küçük,8690000563432,Şişe,8,40,48,96
E1,Temizlik,6,5,7,E1-M06-K05-S07,Doğa Yüzey Temizleyici Küçük,8690000563449,Şişe,8,48,56,96
E1,Temizlik,6,5,8,E1-M06-K05-S08,Premium Yüzey Temizleyici Küçük,8690000563456,Şişe,8,56,64,96
E1,Temizlik,6,5,9,E1-M06-K05-S09,Emigro Yüzey Temizleyici Küçük,8690000563463,Şişe,8,64,72,96
E1,Temizlik,6,5,10,E1-M06-K05-S10,Anadolu Yüzey Temizleyici Küçük,8690000563470,Şişe,8,72,80,96
E1,Temizlik,6,5,11,E1-M06-K05-S11,Bereket Yüzey Temizleyici Küçük,8690000563487,Şişe,8,80,88,96
E1,Temizlik,6,5,12,E1-M06-K05-S12,Marmara Yüzey Temizleyici Küçük,8690000563494,Şişe,8,88,96,96
E1,Temizlik,6,6,1,E1-M06-K06-S01,Marmara Yüzey Temizleyici Mini,8690000563500,Şişe,7,0,7,98
E1,Temizlik,6,6,2,E1-M06-K06-S02,Usta Yüzey Temizleyici Mini,8690000563517,Şişe,7,7,14,98
E1,Temizlik,6,6,3,E1-M06-K06-S03,Lezzet Yüzey Temizleyici Mini,8690000563524,Şişe,7,14,21,98
E1,Temizlik,6,6,4,E1-M06-K06-S04,Günlük Yüzey Temizleyici Mini,8690000563531,Şişe,7,21,28,98
E1,Temizlik,6,6,5,E1-M06-K06-S05,Evimiz Yüzey Temizleyici Mini,8690000563548,Şişe,7,28,35,98
E1,Temizlik,6,6,6,E1-M06-K06-S06,Doğa Yüzey Temizleyici Mini,8690000563555,Şişe,7,35,42,98
E1,Temizlik,6,6,7,E1-M06-K06-S07,Premium Yüzey Temizleyici Mini,8690000563562,Şişe,7,42,49,98
E1,Temizlik,6,6,8,E1-M06-K06-S08,Emigro Yüzey Temizleyici Mini,8690000563579,Şişe,7,49,56,98
E1,Temizlik,6,6,9,E1-M06-K06-S09,Anadolu Yüzey Temizleyici Mini,8690000563586,Şişe,7,56,63,98
E1,Temizlik,6,6,10,E1-M06-K06-S10,Bereket Yüzey Temizleyici Mini,8690000563593,Şişe,7,63,70,98
E1,Temizlik,6,6,11,E1-M06-K06-S11,Marmara Yüzey Temizleyici Mini,8690000563609,Şişe,7,70,77,98
E1,Temizlik,6,6,12,E1-M06-K06-S12,Usta Yüzey Temizleyici Mini,8690000563616,Şişe,7,77,84,98
E1,Temizlik,6,6,13,E1-M06-K06-S13,Lezzet Yüzey Temizleyici Mini,8690000563623,Şişe,7,84,91,98
E1,Temizlik,6,6,14,E1-M06-K06-S14,Günlük Yüzey Temizleyici Mini,8690000563630,Şişe,7,91,98,98
E1,Temizlik,7,1,1,E1-M07-K01-S01,Premium Cam Temizleyici XL,8690000563647,Şişe,11,0,11,99
E1,Temizlik,7,1,2,E1-M07-K01-S02,Emigro Cam Temizleyici XL,8690000563654,Şişe,11,11,22,99
E1,Temizlik,7,1,3,E1-M07-K01-S03,Anadolu Cam Temizleyici XL,8690000563661,Şişe,11,22,33,99
E1,Temizlik,7,1,4,E1-M07-K01-S04,Bereket Cam Temizleyici XL,8690000563678,Şişe,11,33,44,99
E1,Temizlik,7,1,5,E1-M07-K01-S05,Marmara Cam Temizleyici XL,8690000563685,Şişe,11,44,55,99
E1,Temizlik,7,1,6,E1-M07-K01-S06,Usta Cam Temizleyici XL,8690000563692,Şişe,11,55,66,99
E1,Temizlik,7,1,7,E1-M07-K01-S07,Lezzet Cam Temizleyici XL,8690000563708,Şişe,11,66,77,99
E1,Temizlik,7,1,8,E1-M07-K01-S08,Günlük Cam Temizleyici XL,8690000563715,Şişe,11,77,88,99
E1,Temizlik,7,1,9,E1-M07-K01-S09,Evimiz Cam Temizleyici XL,8690000563722,Şişe,11,88,99,99
E1,Temizlik,7,2,1,E1-M07-K02-S01,Emigro Cam Temizleyici Büyük,8690000563739,Şişe,10,0,10,100
E1,Temizlik,7,2,2,E1-M07-K02-S02,Anadolu Cam Temizleyici Büyük,8690000563746,Şişe,10,10,20,100
E1,Temizlik,7,2,3,E1-M07-K02-S03,Bereket Cam Temizleyici Büyük,8690000563753,Şişe,10,20,30,100
E1,Temizlik,7,2,4,E1-M07-K02-S04,Marmara Cam Temizleyici Büyük,8690000563760,Şişe,10,30,40,100
E1,Temizlik,7,2,5,E1-M07-K02-S05,Usta Cam Temizleyici Büyük,8690000563777,Şişe,10,40,50,100
E1,Temizlik,7,2,6,E1-M07-K02-S06,Lezzet Cam Temizleyici Büyük,8690000563784,Şişe,10,50,60,100
E1,Temizlik,7,2,7,E1-M07-K02-S07,Günlük Cam Temizleyici Büyük,8690000563791,Şişe,10,60,70,100
E1,Temizlik,7,2,8,E1-M07-K02-S08,Evimiz Cam Temizleyici Büyük,8690000563807,Şişe,10,70,80,100
E1,Temizlik,7,2,9,E1-M07-K02-S09,Doğa Cam Temizleyici Büyük,8690000563814,Şişe,10,80,90,100
E1,Temizlik,7,2,10,E1-M07-K02-S10,Premium Cam Temizleyici Büyük,8690000563821,Şişe,10,90,100,100
E1,Temizlik,7,3,1,E1-M07-K03-S01,Anadolu Cam Temizleyici Standart,8690000563838,Şişe,9,0,9,99
E1,Temizlik,7,3,2,E1-M07-K03-S02,Bereket Cam Temizleyici Standart,8690000563845,Şişe,9,9,18,99
E1,Temizlik,7,3,3,E1-M07-K03-S03,Marmara Cam Temizleyici Standart,8690000563852,Şişe,9,18,27,99
E1,Temizlik,7,3,4,E1-M07-K03-S04,Usta Cam Temizleyici Standart,8690000563869,Şişe,9,27,36,99
E1,Temizlik,7,3,5,E1-M07-K03-S05,Lezzet Cam Temizleyici Standart,8690000563876,Şişe,9,36,45,99
E1,Temizlik,7,3,6,E1-M07-K03-S06,Günlük Cam Temizleyici Standart,8690000563883,Şişe,9,45,54,99
E1,Temizlik,7,3,7,E1-M07-K03-S07,Evimiz Cam Temizleyici Standart,8690000563890,Şişe,9,54,63,99
E1,Temizlik,7,3,8,E1-M07-K03-S08,Doğa Cam Temizleyici Standart,8690000563906,Şişe,9,63,72,99
E1,Temizlik,7,3,9,E1-M07-K03-S09,Premium Cam Temizleyici Standart,8690000563913,Şişe,9,72,81,99
E1,Temizlik,7,3,10,E1-M07-K03-S10,Emigro Cam Temizleyici Standart,8690000563920,Şişe,9,81,90,99
E1,Temizlik,7,3,11,E1-M07-K03-S11,Anadolu Cam Temizleyici Standart,8690000563937,Şişe,9,90,99,99
E1,Temizlik,7,4,1,E1-M07-K04-S01,Bereket Cam Temizleyici Orta,8690000563944,Şişe,8,0,8,96
E1,Temizlik,7,4,2,E1-M07-K04-S02,Marmara Cam Temizleyici Orta,8690000563951,Şişe,8,8,16,96
E1,Temizlik,7,4,3,E1-M07-K04-S03,Usta Cam Temizleyici Orta,8690000563968,Şişe,8,16,24,96
E1,Temizlik,7,4,4,E1-M07-K04-S04,Lezzet Cam Temizleyici Orta,8690000563975,Şişe,8,24,32,96
E1,Temizlik,7,4,5,E1-M07-K04-S05,Günlük Cam Temizleyici Orta,8690000563982,Şişe,8,32,40,96
E1,Temizlik,7,4,6,E1-M07-K04-S06,Evimiz Cam Temizleyici Orta,8690000563999,Şişe,8,40,48,96
E1,Temizlik,7,4,7,E1-M07-K04-S07,Doğa Cam Temizleyici Orta,8690000564002,Şişe,8,48,56,96
E1,Temizlik,7,4,8,E1-M07-K04-S08,Premium Cam Temizleyici Orta,8690000564019,Şişe,8,56,64,96
E1,Temizlik,7,4,9,E1-M07-K04-S09,Emigro Cam Temizleyici Orta,8690000564026,Şişe,8,64,72,96
E1,Temizlik,7,4,10,E1-M07-K04-S10,Anadolu Cam Temizleyici Orta,8690000564033,Şişe,8,72,80,96
E1,Temizlik,7,4,11,E1-M07-K04-S11,Bereket Cam Temizleyici Orta,8690000564040,Şişe,8,80,88,96
E1,Temizlik,7,4,12,E1-M07-K04-S12,Marmara Cam Temizleyici Orta,8690000564057,Şişe,8,88,96,96
E1,Temizlik,7,5,1,E1-M07-K05-S01,Marmara Cam Temizleyici Küçük,8690000564064,Şişe,7,0,7,98
E1,Temizlik,7,5,2,E1-M07-K05-S02,Usta Cam Temizleyici Küçük,8690000564071,Şişe,7,7,14,98
E1,Temizlik,7,5,3,E1-M07-K05-S03,Lezzet Cam Temizleyici Küçük,8690000564088,Şişe,7,14,21,98
E1,Temizlik,7,5,4,E1-M07-K05-S04,Günlük Cam Temizleyici Küçük,8690000564095,Şişe,7,21,28,98
E1,Temizlik,7,5,5,E1-M07-K05-S05,Evimiz Cam Temizleyici Küçük,8690000564101,Şişe,7,28,35,98
E1,Temizlik,7,5,6,E1-M07-K05-S06,Doğa Cam Temizleyici Küçük,8690000564118,Şişe,7,35,42,98
E1,Temizlik,7,5,7,E1-M07-K05-S07,Premium Cam Temizleyici Küçük,8690000564125,Şişe,7,42,49,98
E1,Temizlik,7,5,8,E1-M07-K05-S08,Emigro Cam Temizleyici Küçük,8690000564132,Şişe,7,49,56,98
E1,Temizlik,7,5,9,E1-M07-K05-S09,Anadolu Cam Temizleyici Küçük,8690000564149,Şişe,7,56,63,98
E1,Temizlik,7,5,10,E1-M07-K05-S10,Bereket Cam Temizleyici Küçük,8690000564156,Şişe,7,63,70,98
E1,Temizlik,7,5,11,E1-M07-K05-S11,Marmara Cam Temizleyici Küçük,8690000564163,Şişe,7,70,77,98
E1,Temizlik,7,5,12,E1-M07-K05-S12,Usta Cam Temizleyici Küçük,8690000564170,Şişe,7,77,84,98
E1,Temizlik,7,5,13,E1-M07-K05-S13,Lezzet Cam Temizleyici Küçük,8690000564187,Şişe,7,84,91,98
E1,Temizlik,7,5,14,E1-M07-K05-S14,Günlük Cam Temizleyici Küçük,8690000564194,Şişe,7,91,98,98
E1,Temizlik,7,6,1,E1-M07-K06-S01,Usta Cam Temizleyici Mini,8690000564200,Şişe,6,0,6,96
E1,Temizlik,7,6,2,E1-M07-K06-S02,Lezzet Cam Temizleyici Mini,8690000564217,Şişe,6,6,12,96
E1,Temizlik,7,6,3,E1-M07-K06-S03,Günlük Cam Temizleyici Mini,8690000564224,Şişe,6,12,18,96
E1,Temizlik,7,6,4,E1-M07-K06-S04,Evimiz Cam Temizleyici Mini,8690000564231,Şişe,6,18,24,96
E1,Temizlik,7,6,5,E1-M07-K06-S05,Doğa Cam Temizleyici Mini,8690000564248,Şişe,6,24,30,96
E1,Temizlik,7,6,6,E1-M07-K06-S06,Premium Cam Temizleyici Mini,8690000564255,Şişe,6,30,36,96
E1,Temizlik,7,6,7,E1-M07-K06-S07,Emigro Cam Temizleyici Mini,8690000564262,Şişe,6,36,42,96
E1,Temizlik,7,6,8,E1-M07-K06-S08,Anadolu Cam Temizleyici Mini,8690000564279,Şişe,6,42,48,96
E1,Temizlik,7,6,9,E1-M07-K06-S09,Bereket Cam Temizleyici Mini,8690000564286,Şişe,6,48,54,96
E1,Temizlik,7,6,10,E1-M07-K06-S10,Marmara Cam Temizleyici Mini,8690000564293,Şişe,6,54,60,96
E1,Temizlik,7,6,11,E1-M07-K06-S11,Usta Cam Temizleyici Mini,8690000564309,Şişe,6,60,66,96
E1,Temizlik,7,6,12,E1-M07-K06-S12,Lezzet Cam Temizleyici Mini,8690000564316,Şişe,6,66,72,96
E1,Temizlik,7,6,13,E1-M07-K06-S13,Günlük Cam Temizleyici Mini,8690000564323,Şişe,6,72,78,96
E1,Temizlik,7,6,14,E1-M07-K06-S14,Evimiz Cam Temizleyici Mini,8690000564330,Şişe,6,78,84,96
E1,Temizlik,7,6,15,E1-M07-K06-S15,Doğa Cam Temizleyici Mini,8690000564347,Şişe,6,84,90,96
E1,Temizlik,7,6,16,E1-M07-K06-S16,Premium Cam Temizleyici Mini,8690000564354,Şişe,6,90,96,96
E1,Temizlik,8,1,1,E1-M08-K01-S01,Emigro Çamaşır Suyu XL,8690000564361,Şişe,12,0,12,96
E1,Temizlik,8,1,2,E1-M08-K01-S02,Anadolu Çamaşır Suyu XL,8690000564378,Şişe,12,12,24,96
E1,Temizlik,8,1,3,E1-M08-K01-S03,Bereket Çamaşır Suyu XL,8690000564385,Şişe,12,24,36,96
E1,Temizlik,8,1,4,E1-M08-K01-S04,Marmara Çamaşır Suyu XL,8690000564392,Şişe,12,36,48,96
E1,Temizlik,8,1,5,E1-M08-K01-S05,Usta Çamaşır Suyu XL,8690000564408,Şişe,12,48,60,96
E1,Temizlik,8,1,6,E1-M08-K01-S06,Lezzet Çamaşır Suyu XL,8690000564415,Şişe,12,60,72,96
E1,Temizlik,8,1,7,E1-M08-K01-S07,Günlük Çamaşır Suyu XL,8690000564422,Şişe,12,72,84,96
E1,Temizlik,8,1,8,E1-M08-K01-S08,Evimiz Çamaşır Suyu XL,8690000564439,Şişe,12,84,96,96
E1,Temizlik,8,2,1,E1-M08-K02-S01,Anadolu Çamaşır Suyu Büyük,8690000564446,Şişe,12,0,12,96
E1,Temizlik,8,2,2,E1-M08-K02-S02,Bereket Çamaşır Suyu Büyük,8690000564453,Şişe,12,12,24,96
E1,Temizlik,8,2,3,E1-M08-K02-S03,Marmara Çamaşır Suyu Büyük,8690000564460,Şişe,12,24,36,96
E1,Temizlik,8,2,4,E1-M08-K02-S04,Usta Çamaşır Suyu Büyük,8690000564477,Şişe,12,36,48,96
E1,Temizlik,8,2,5,E1-M08-K02-S05,Lezzet Çamaşır Suyu Büyük,8690000564484,Şişe,12,48,60,96
E1,Temizlik,8,2,6,E1-M08-K02-S06,Günlük Çamaşır Suyu Büyük,8690000564491,Şişe,12,60,72,96
E1,Temizlik,8,2,7,E1-M08-K02-S07,Evimiz Çamaşır Suyu Büyük,8690000564507,Şişe,12,72,84,96
E1,Temizlik,8,2,8,E1-M08-K02-S08,Doğa Çamaşır Suyu Büyük,8690000564514,Şişe,12,84,96,96
E1,Temizlik,8,3,1,E1-M08-K03-S01,Bereket Çamaşır Suyu Standart,8690000564521,Şişe,10,0,10,100
E1,Temizlik,8,3,2,E1-M08-K03-S02,Marmara Çamaşır Suyu Standart,8690000564538,Şişe,10,10,20,100
E1,Temizlik,8,3,3,E1-M08-K03-S03,Usta Çamaşır Suyu Standart,8690000564545,Şişe,10,20,30,100
E1,Temizlik,8,3,4,E1-M08-K03-S04,Lezzet Çamaşır Suyu Standart,8690000564552,Şişe,10,30,40,100
E1,Temizlik,8,3,5,E1-M08-K03-S05,Günlük Çamaşır Suyu Standart,8690000564569,Şişe,10,40,50,100
E1,Temizlik,8,3,6,E1-M08-K03-S06,Evimiz Çamaşır Suyu Standart,8690000564576,Şişe,10,50,60,100
E1,Temizlik,8,3,7,E1-M08-K03-S07,Doğa Çamaşır Suyu Standart,8690000564583,Şişe,10,60,70,100
E1,Temizlik,8,3,8,E1-M08-K03-S08,Premium Çamaşır Suyu Standart,8690000564590,Şişe,10,70,80,100
E1,Temizlik,8,3,9,E1-M08-K03-S09,Emigro Çamaşır Suyu Standart,8690000564606,Şişe,10,80,90,100
E1,Temizlik,8,3,10,E1-M08-K03-S10,Anadolu Çamaşır Suyu Standart,8690000564613,Şişe,10,90,100,100
E1,Temizlik,8,4,1,E1-M08-K04-S01,Marmara Çamaşır Suyu Orta,8690000564620,Şişe,9,0,9,99
E1,Temizlik,8,4,2,E1-M08-K04-S02,Usta Çamaşır Suyu Orta,8690000564637,Şişe,9,9,18,99
E1,Temizlik,8,4,3,E1-M08-K04-S03,Lezzet Çamaşır Suyu Orta,8690000564644,Şişe,9,18,27,99
E1,Temizlik,8,4,4,E1-M08-K04-S04,Günlük Çamaşır Suyu Orta,8690000564651,Şişe,9,27,36,99
E1,Temizlik,8,4,5,E1-M08-K04-S05,Evimiz Çamaşır Suyu Orta,8690000564668,Şişe,9,36,45,99
E1,Temizlik,8,4,6,E1-M08-K04-S06,Doğa Çamaşır Suyu Orta,8690000564675,Şişe,9,45,54,99
E1,Temizlik,8,4,7,E1-M08-K04-S07,Premium Çamaşır Suyu Orta,8690000564682,Şişe,9,54,63,99
E1,Temizlik,8,4,8,E1-M08-K04-S08,Emigro Çamaşır Suyu Orta,8690000564699,Şişe,9,63,72,99
E1,Temizlik,8,4,9,E1-M08-K04-S09,Anadolu Çamaşır Suyu Orta,8690000564705,Şişe,9,72,81,99
E1,Temizlik,8,4,10,E1-M08-K04-S10,Bereket Çamaşır Suyu Orta,8690000564712,Şişe,9,81,90,99
E1,Temizlik,8,4,11,E1-M08-K04-S11,Marmara Çamaşır Suyu Orta,8690000564729,Şişe,9,90,99,99
E1,Temizlik,8,5,1,E1-M08-K05-S01,Usta Çamaşır Suyu Küçük,8690000564736,Şişe,8,0,8,96
E1,Temizlik,8,5,2,E1-M08-K05-S02,Lezzet Çamaşır Suyu Küçük,8690000564743,Şişe,8,8,16,96
E1,Temizlik,8,5,3,E1-M08-K05-S03,Günlük Çamaşır Suyu Küçük,8690000564750,Şişe,8,16,24,96
E1,Temizlik,8,5,4,E1-M08-K05-S04,Evimiz Çamaşır Suyu Küçük,8690000564767,Şişe,8,24,32,96
E1,Temizlik,8,5,5,E1-M08-K05-S05,Doğa Çamaşır Suyu Küçük,8690000564774,Şişe,8,32,40,96
E1,Temizlik,8,5,6,E1-M08-K05-S06,Premium Çamaşır Suyu Küçük,8690000564781,Şişe,8,40,48,96
E1,Temizlik,8,5,7,E1-M08-K05-S07,Emigro Çamaşır Suyu Küçük,8690000564798,Şişe,8,48,56,96
E1,Temizlik,8,5,8,E1-M08-K05-S08,Anadolu Çamaşır Suyu Küçük,8690000564804,Şişe,8,56,64,96
E1,Temizlik,8,5,9,E1-M08-K05-S09,Bereket Çamaşır Suyu Küçük,8690000564811,Şişe,8,64,72,96
E1,Temizlik,8,5,10,E1-M08-K05-S10,Marmara Çamaşır Suyu Küçük,8690000564828,Şişe,8,72,80,96
E1,Temizlik,8,5,11,E1-M08-K05-S11,Usta Çamaşır Suyu Küçük,8690000564835,Şişe,8,80,88,96
E1,Temizlik,8,5,12,E1-M08-K05-S12,Lezzet Çamaşır Suyu Küçük,8690000564842,Şişe,8,88,96,96
E1,Temizlik,8,6,1,E1-M08-K06-S01,Lezzet Çamaşır Suyu Mini,8690000564859,Şişe,7,0,7,98
E1,Temizlik,8,6,2,E1-M08-K06-S02,Günlük Çamaşır Suyu Mini,8690000564866,Şişe,7,7,14,98
E1,Temizlik,8,6,3,E1-M08-K06-S03,Evimiz Çamaşır Suyu Mini,8690000564873,Şişe,7,14,21,98
E1,Temizlik,8,6,4,E1-M08-K06-S04,Doğa Çamaşır Suyu Mini,8690000564880,Şişe,7,21,28,98
E1,Temizlik,8,6,5,E1-M08-K06-S05,Premium Çamaşır Suyu Mini,8690000564897,Şişe,7,28,35,98
E1,Temizlik,8,6,6,E1-M08-K06-S06,Emigro Çamaşır Suyu Mini,8690000564903,Şişe,7,35,42,98
E1,Temizlik,8,6,7,E1-M08-K06-S07,Anadolu Çamaşır Suyu Mini,8690000564910,Şişe,7,42,49,98
E1,Temizlik,8,6,8,E1-M08-K06-S08,Bereket Çamaşır Suyu Mini,8690000564927,Şişe,7,49,56,98
E1,Temizlik,8,6,9,E1-M08-K06-S09,Marmara Çamaşır Suyu Mini,8690000564934,Şişe,7,56,63,98
E1,Temizlik,8,6,10,E1-M08-K06-S10,Usta Çamaşır Suyu Mini,8690000564941,Şişe,7,63,70,98
E1,Temizlik,8,6,11,E1-M08-K06-S11,Lezzet Çamaşır Suyu Mini,8690000564958,Şişe,7,70,77,98
E1,Temizlik,8,6,12,E1-M08-K06-S12,Günlük Çamaşır Suyu Mini,8690000564965,Şişe,7,77,84,98
E1,Temizlik,8,6,13,E1-M08-K06-S13,Evimiz Çamaşır Suyu Mini,8690000564972,Şişe,7,84,91,98
E1,Temizlik,8,6,14,E1-M08-K06-S14,Doğa Çamaşır Suyu Mini,8690000564989,Şişe,7,91,98,98
E1,Temizlik,9,1,1,E1-M09-K01-S01,Anadolu Yağ Çözücü XL,8690000564996,Şişe,11,0,11,99
E1,Temizlik,9,1,2,E1-M09-K01-S02,Bereket Yağ Çözücü XL,8690000565009,Şişe,11,11,22,99
E1,Temizlik,9,1,3,E1-M09-K01-S03,Marmara Yağ Çözücü XL,8690000565016,Şişe,11,22,33,99
E1,Temizlik,9,1,4,E1-M09-K01-S04,Usta Yağ Çözücü XL,8690000565023,Şişe,11,33,44,99
E1,Temizlik,9,1,5,E1-M09-K01-S05,Lezzet Yağ Çözücü XL,8690000565030,Şişe,11,44,55,99
E1,Temizlik,9,1,6,E1-M09-K01-S06,Günlük Yağ Çözücü XL,8690000565047,Şişe,11,55,66,99
E1,Temizlik,9,1,7,E1-M09-K01-S07,Evimiz Yağ Çözücü XL,8690000565054,Şişe,11,66,77,99
E1,Temizlik,9,1,8,E1-M09-K01-S08,Doğa Yağ Çözücü XL,8690000565061,Şişe,11,77,88,99
E1,Temizlik,9,1,9,E1-M09-K01-S09,Premium Yağ Çözücü XL,8690000565078,Şişe,11,88,99,99
E1,Temizlik,9,2,1,E1-M09-K02-S01,Bereket Yağ Çözücü Büyük,8690000565085,Şişe,10,0,10,100
E1,Temizlik,9,2,2,E1-M09-K02-S02,Marmara Yağ Çözücü Büyük,8690000565092,Şişe,10,10,20,100
E1,Temizlik,9,2,3,E1-M09-K02-S03,Usta Yağ Çözücü Büyük,8690000565108,Şişe,10,20,30,100
E1,Temizlik,9,2,4,E1-M09-K02-S04,Lezzet Yağ Çözücü Büyük,8690000565115,Şişe,10,30,40,100
E1,Temizlik,9,2,5,E1-M09-K02-S05,Günlük Yağ Çözücü Büyük,8690000565122,Şişe,10,40,50,100
E1,Temizlik,9,2,6,E1-M09-K02-S06,Evimiz Yağ Çözücü Büyük,8690000565139,Şişe,10,50,60,100
E1,Temizlik,9,2,7,E1-M09-K02-S07,Doğa Yağ Çözücü Büyük,8690000565146,Şişe,10,60,70,100
E1,Temizlik,9,2,8,E1-M09-K02-S08,Premium Yağ Çözücü Büyük,8690000565153,Şişe,10,70,80,100
E1,Temizlik,9,2,9,E1-M09-K02-S09,Emigro Yağ Çözücü Büyük,8690000565160,Şişe,10,80,90,100
E1,Temizlik,9,2,10,E1-M09-K02-S10,Anadolu Yağ Çözücü Büyük,8690000565177,Şişe,10,90,100,100
E1,Temizlik,9,3,1,E1-M09-K03-S01,Marmara Yağ Çözücü Standart,8690000565184,Şişe,9,0,9,99
E1,Temizlik,9,3,2,E1-M09-K03-S02,Usta Yağ Çözücü Standart,8690000565191,Şişe,9,9,18,99
E1,Temizlik,9,3,3,E1-M09-K03-S03,Lezzet Yağ Çözücü Standart,8690000565207,Şişe,9,18,27,99
E1,Temizlik,9,3,4,E1-M09-K03-S04,Günlük Yağ Çözücü Standart,8690000565214,Şişe,9,27,36,99
E1,Temizlik,9,3,5,E1-M09-K03-S05,Evimiz Yağ Çözücü Standart,8690000565221,Şişe,9,36,45,99
E1,Temizlik,9,3,6,E1-M09-K03-S06,Doğa Yağ Çözücü Standart,8690000565238,Şişe,9,45,54,99
E1,Temizlik,9,3,7,E1-M09-K03-S07,Premium Yağ Çözücü Standart,8690000565245,Şişe,9,54,63,99
E1,Temizlik,9,3,8,E1-M09-K03-S08,Emigro Yağ Çözücü Standart,8690000565252,Şişe,9,63,72,99
E1,Temizlik,9,3,9,E1-M09-K03-S09,Anadolu Yağ Çözücü Standart,8690000565269,Şişe,9,72,81,99
E1,Temizlik,9,3,10,E1-M09-K03-S10,Bereket Yağ Çözücü Standart,8690000565276,Şişe,9,81,90,99
E1,Temizlik,9,3,11,E1-M09-K03-S11,Marmara Yağ Çözücü Standart,8690000565283,Şişe,9,90,99,99
E1,Temizlik,9,4,1,E1-M09-K04-S01,Usta Yağ Çözücü Orta,8690000565290,Şişe,8,0,8,96
E1,Temizlik,9,4,2,E1-M09-K04-S02,Lezzet Yağ Çözücü Orta,8690000565306,Şişe,8,8,16,96
E1,Temizlik,9,4,3,E1-M09-K04-S03,Günlük Yağ Çözücü Orta,8690000565313,Şişe,8,16,24,96
E1,Temizlik,9,4,4,E1-M09-K04-S04,Evimiz Yağ Çözücü Orta,8690000565320,Şişe,8,24,32,96
E1,Temizlik,9,4,5,E1-M09-K04-S05,Doğa Yağ Çözücü Orta,8690000565337,Şişe,8,32,40,96
E1,Temizlik,9,4,6,E1-M09-K04-S06,Premium Yağ Çözücü Orta,8690000565344,Şişe,8,40,48,96
E1,Temizlik,9,4,7,E1-M09-K04-S07,Emigro Yağ Çözücü Orta,8690000565351,Şişe,8,48,56,96
E1,Temizlik,9,4,8,E1-M09-K04-S08,Anadolu Yağ Çözücü Orta,8690000565368,Şişe,8,56,64,96
E1,Temizlik,9,4,9,E1-M09-K04-S09,Bereket Yağ Çözücü Orta,8690000565375,Şişe,8,64,72,96
E1,Temizlik,9,4,10,E1-M09-K04-S10,Marmara Yağ Çözücü Orta,8690000565382,Şişe,8,72,80,96
E1,Temizlik,9,4,11,E1-M09-K04-S11,Usta Yağ Çözücü Orta,8690000565399,Şişe,8,80,88,96
E1,Temizlik,9,4,12,E1-M09-K04-S12,Lezzet Yağ Çözücü Orta,8690000565405,Şişe,8,88,96,96
E1,Temizlik,9,5,1,E1-M09-K05-S01,Lezzet Yağ Çözücü Küçük,8690000565412,Şişe,7,0,7,98
E1,Temizlik,9,5,2,E1-M09-K05-S02,Günlük Yağ Çözücü Küçük,8690000565429,Şişe,7,7,14,98
E1,Temizlik,9,5,3,E1-M09-K05-S03,Evimiz Yağ Çözücü Küçük,8690000565436,Şişe,7,14,21,98
E1,Temizlik,9,5,4,E1-M09-K05-S04,Doğa Yağ Çözücü Küçük,8690000565443,Şişe,7,21,28,98
E1,Temizlik,9,5,5,E1-M09-K05-S05,Premium Yağ Çözücü Küçük,8690000565450,Şişe,7,28,35,98
E1,Temizlik,9,5,6,E1-M09-K05-S06,Emigro Yağ Çözücü Küçük,8690000565467,Şişe,7,35,42,98
E1,Temizlik,9,5,7,E1-M09-K05-S07,Anadolu Yağ Çözücü Küçük,8690000565474,Şişe,7,42,49,98
E1,Temizlik,9,5,8,E1-M09-K05-S08,Bereket Yağ Çözücü Küçük,8690000565481,Şişe,7,49,56,98
E1,Temizlik,9,5,9,E1-M09-K05-S09,Marmara Yağ Çözücü Küçük,8690000565498,Şişe,7,56,63,98
E1,Temizlik,9,5,10,E1-M09-K05-S10,Usta Yağ Çözücü Küçük,8690000565504,Şişe,7,63,70,98
E1,Temizlik,9,5,11,E1-M09-K05-S11,Lezzet Yağ Çözücü Küçük,8690000565511,Şişe,7,70,77,98
E1,Temizlik,9,5,12,E1-M09-K05-S12,Günlük Yağ Çözücü Küçük,8690000565528,Şişe,7,77,84,98
E1,Temizlik,9,5,13,E1-M09-K05-S13,Evimiz Yağ Çözücü Küçük,8690000565535,Şişe,7,84,91,98
E1,Temizlik,9,5,14,E1-M09-K05-S14,Doğa Yağ Çözücü Küçük,8690000565542,Şişe,7,91,98,98
E1,Temizlik,9,6,1,E1-M09-K06-S01,Günlük Yağ Çözücü Mini,8690000565559,Şişe,6,0,6,96
E1,Temizlik,9,6,2,E1-M09-K06-S02,Evimiz Yağ Çözücü Mini,8690000565566,Şişe,6,6,12,96
E1,Temizlik,9,6,3,E1-M09-K06-S03,Doğa Yağ Çözücü Mini,8690000565573,Şişe,6,12,18,96
E1,Temizlik,9,6,4,E1-M09-K06-S04,Premium Yağ Çözücü Mini,8690000565580,Şişe,6,18,24,96
E1,Temizlik,9,6,5,E1-M09-K06-S05,Emigro Yağ Çözücü Mini,8690000565597,Şişe,6,24,30,96
E1,Temizlik,9,6,6,E1-M09-K06-S06,Anadolu Yağ Çözücü Mini,8690000565603,Şişe,6,30,36,96
E1,Temizlik,9,6,7,E1-M09-K06-S07,Bereket Yağ Çözücü Mini,8690000565610,Şişe,6,36,42,96
E1,Temizlik,9,6,8,E1-M09-K06-S08,Marmara Yağ Çözücü Mini,8690000565627,Şişe,6,42,48,96
E1,Temizlik,9,6,9,E1-M09-K06-S09,Usta Yağ Çözücü Mini,8690000565634,Şişe,6,48,54,96
E1,Temizlik,9,6,10,E1-M09-K06-S10,Lezzet Yağ Çözücü Mini,8690000565641,Şişe,6,54,60,96
E1,Temizlik,9,6,11,E1-M09-K06-S11,Günlük Yağ Çözücü Mini,8690000565658,Şişe,6,60,66,96
E1,Temizlik,9,6,12,E1-M09-K06-S12,Evimiz Yağ Çözücü Mini,8690000565665,Şişe,6,66,72,96
E1,Temizlik,9,6,13,E1-M09-K06-S13,Doğa Yağ Çözücü Mini,8690000565672,Şişe,6,72,78,96
E1,Temizlik,9,6,14,E1-M09-K06-S14,Premium Yağ Çözücü Mini,8690000565689,Şişe,6,78,84,96
E1,Temizlik,9,6,15,E1-M09-K06-S15,Emigro Yağ Çözücü Mini,8690000565696,Şişe,6,84,90,96
E1,Temizlik,9,6,16,E1-M09-K06-S16,Anadolu Yağ Çözücü Mini,8690000565702,Şişe,6,90,96,96
E1,Temizlik,10,1,1,E1-M10-K01-S01,Bereket Temizlik Bezi XL,8690000565719,Paket,15,0,15,90
E1,Temizlik,10,1,2,E1-M10-K01-S02,Marmara Temizlik Bezi XL,8690000565726,Paket,15,15,30,90
E1,Temizlik,10,1,3,E1-M10-K01-S03,Usta Temizlik Bezi XL,8690000565733,Paket,15,30,45,90
E1,Temizlik,10,1,4,E1-M10-K01-S04,Lezzet Temizlik Bezi XL,8690000565740,Paket,15,45,60,90
E1,Temizlik,10,1,5,E1-M10-K01-S05,Günlük Temizlik Bezi XL,8690000565757,Paket,15,60,75,90
E1,Temizlik,10,1,6,E1-M10-K01-S06,Evimiz Temizlik Bezi XL,8690000565764,Paket,15,75,90,90
E1,Temizlik,10,2,1,E1-M10-K02-S01,Marmara Temizlik Bezi Büyük,8690000565771,Paket,14,0,14,98
E1,Temizlik,10,2,2,E1-M10-K02-S02,Usta Temizlik Bezi Büyük,8690000565788,Paket,14,14,28,98
E1,Temizlik,10,2,3,E1-M10-K02-S03,Lezzet Temizlik Bezi Büyük,8690000565795,Paket,14,28,42,98
E1,Temizlik,10,2,4,E1-M10-K02-S04,Günlük Temizlik Bezi Büyük,8690000565801,Paket,14,42,56,98
E1,Temizlik,10,2,5,E1-M10-K02-S05,Evimiz Temizlik Bezi Büyük,8690000565818,Paket,14,56,70,98
E1,Temizlik,10,2,6,E1-M10-K02-S06,Doğa Temizlik Bezi Büyük,8690000565825,Paket,14,70,84,98
E1,Temizlik,10,2,7,E1-M10-K02-S07,Premium Temizlik Bezi Büyük,8690000565832,Paket,14,84,98,98
E1,Temizlik,10,3,1,E1-M10-K03-S01,Usta Temizlik Bezi Standart,8690000565849,Paket,12,0,12,96
E1,Temizlik,10,3,2,E1-M10-K03-S02,Lezzet Temizlik Bezi Standart,8690000565856,Paket,12,12,24,96
E1,Temizlik,10,3,3,E1-M10-K03-S03,Günlük Temizlik Bezi Standart,8690000565863,Paket,12,24,36,96
E1,Temizlik,10,3,4,E1-M10-K03-S04,Evimiz Temizlik Bezi Standart,8690000565870,Paket,12,36,48,96
E1,Temizlik,10,3,5,E1-M10-K03-S05,Doğa Temizlik Bezi Standart,8690000565887,Paket,12,48,60,96
E1,Temizlik,10,3,6,E1-M10-K03-S06,Premium Temizlik Bezi Standart,8690000565894,Paket,12,60,72,96
E1,Temizlik,10,3,7,E1-M10-K03-S07,Emigro Temizlik Bezi Standart,8690000565900,Paket,12,72,84,96
E1,Temizlik,10,3,8,E1-M10-K03-S08,Anadolu Temizlik Bezi Standart,8690000565917,Paket,12,84,96,96
E1,Temizlik,10,4,1,E1-M10-K04-S01,Lezzet Temizlik Bezi Orta,8690000565924,Paket,11,0,11,99
E1,Temizlik,10,4,2,E1-M10-K04-S02,Günlük Temizlik Bezi Orta,8690000565931,Paket,11,11,22,99
E1,Temizlik,10,4,3,E1-M10-K04-S03,Evimiz Temizlik Bezi Orta,8690000565948,Paket,11,22,33,99
E1,Temizlik,10,4,4,E1-M10-K04-S04,Doğa Temizlik Bezi Orta,8690000565955,Paket,11,33,44,99
E1,Temizlik,10,4,5,E1-M10-K04-S05,Premium Temizlik Bezi Orta,8690000565962,Paket,11,44,55,99
E1,Temizlik,10,4,6,E1-M10-K04-S06,Emigro Temizlik Bezi Orta,8690000565979,Paket,11,55,66,99
E1,Temizlik,10,4,7,E1-M10-K04-S07,Anadolu Temizlik Bezi Orta,8690000565986,Paket,11,66,77,99
E1,Temizlik,10,4,8,E1-M10-K04-S08,Bereket Temizlik Bezi Orta,8690000565993,Paket,11,77,88,99
E1,Temizlik,10,4,9,E1-M10-K04-S09,Marmara Temizlik Bezi Orta,8690000566006,Paket,11,88,99,99
E1,Temizlik,10,5,1,E1-M10-K05-S01,Günlük Temizlik Bezi Küçük,8690000566013,Paket,10,0,10,100
E1,Temizlik,10,5,2,E1-M10-K05-S02,Evimiz Temizlik Bezi Küçük,8690000566020,Paket,10,10,20,100
E1,Temizlik,10,5,3,E1-M10-K05-S03,Doğa Temizlik Bezi Küçük,8690000566037,Paket,10,20,30,100
E1,Temizlik,10,5,4,E1-M10-K05-S04,Premium Temizlik Bezi Küçük,8690000566044,Paket,10,30,40,100
E1,Temizlik,10,5,5,E1-M10-K05-S05,Emigro Temizlik Bezi Küçük,8690000566051,Paket,10,40,50,100
E1,Temizlik,10,5,6,E1-M10-K05-S06,Anadolu Temizlik Bezi Küçük,8690000566068,Paket,10,50,60,100
E1,Temizlik,10,5,7,E1-M10-K05-S07,Bereket Temizlik Bezi Küçük,8690000566075,Paket,10,60,70,100
E1,Temizlik,10,5,8,E1-M10-K05-S08,Marmara Temizlik Bezi Küçük,8690000566082,Paket,10,70,80,100
E1,Temizlik,10,5,9,E1-M10-K05-S09,Usta Temizlik Bezi Küçük,8690000566099,Paket,10,80,90,100
E1,Temizlik,10,5,10,E1-M10-K05-S10,Lezzet Temizlik Bezi Küçük,8690000566105,Paket,10,90,100,100
E1,Temizlik,10,6,1,E1-M10-K06-S01,Evimiz Temizlik Bezi Mini,8690000566112,Paket,8,0,8,96
E1,Temizlik,10,6,2,E1-M10-K06-S02,Doğa Temizlik Bezi Mini,8690000566129,Paket,8,8,16,96
E1,Temizlik,10,6,3,E1-M10-K06-S03,Premium Temizlik Bezi Mini,8690000566136,Paket,8,16,24,96
E1,Temizlik,10,6,4,E1-M10-K06-S04,Emigro Temizlik Bezi Mini,8690000566143,Paket,8,24,32,96
E1,Temizlik,10,6,5,E1-M10-K06-S05,Anadolu Temizlik Bezi Mini,8690000566150,Paket,8,32,40,96
E1,Temizlik,10,6,6,E1-M10-K06-S06,Bereket Temizlik Bezi Mini,8690000566167,Paket,8,40,48,96
E1,Temizlik,10,6,7,E1-M10-K06-S07,Marmara Temizlik Bezi Mini,8690000566174,Paket,8,48,56,96
E1,Temizlik,10,6,8,E1-M10-K06-S08,Usta Temizlik Bezi Mini,8690000566181,Paket,8,56,64,96
E1,Temizlik,10,6,9,E1-M10-K06-S09,Lezzet Temizlik Bezi Mini,8690000566198,Paket,8,64,72,96
E1,Temizlik,10,6,10,E1-M10-K06-S10,Günlük Temizlik Bezi Mini,8690000566204,Paket,8,72,80,96
E1,Temizlik,10,6,11,E1-M10-K06-S11,Evimiz Temizlik Bezi Mini,8690000566211,Paket,8,80,88,96
E1,Temizlik,10,6,12,E1-M10-K06-S12,Doğa Temizlik Bezi Mini,8690000566228,Paket,8,88,96,96
E2,Kişisel Bakım,1,1,1,E2-M01-K01-S01,Marmara Şampuan XL,8690000566235,Şişe,9,0,9,99
E2,Kişisel Bakım,1,1,2,E2-M01-K01-S02,Usta Şampuan XL,8690000566242,Şişe,9,9,18,99
E2,Kişisel Bakım,1,1,3,E2-M01-K01-S03,Lezzet Şampuan XL,8690000566259,Şişe,9,18,27,99
E2,Kişisel Bakım,1,1,4,E2-M01-K01-S04,Günlük Şampuan XL,8690000566266,Şişe,9,27,36,99
E2,Kişisel Bakım,1,1,5,E2-M01-K01-S05,Evimiz Şampuan XL,8690000566273,Şişe,9,36,45,99
E2,Kişisel Bakım,1,1,6,E2-M01-K01-S06,Doğa Şampuan XL,8690000566280,Şişe,9,45,54,99
E2,Kişisel Bakım,1,1,7,E2-M01-K01-S07,Premium Şampuan XL,8690000566297,Şişe,9,54,63,99
E2,Kişisel Bakım,1,1,8,E2-M01-K01-S08,Emigro Şampuan XL,8690000566303,Şişe,9,63,72,99
E2,Kişisel Bakım,1,1,9,E2-M01-K01-S09,Anadolu Şampuan XL,8690000566310,Şişe,9,72,81,99
E2,Kişisel Bakım,1,1,10,E2-M01-K01-S10,Bereket Şampuan XL,8690000566327,Şişe,9,81,90,99
E2,Kişisel Bakım,1,1,11,E2-M01-K01-S11,Marmara Şampuan XL,8690000566334,Şişe,9,90,99,99
E2,Kişisel Bakım,1,2,1,E2-M01-K02-S01,Usta Şampuan Büyük,8690000566341,Şişe,8,0,8,96
E2,Kişisel Bakım,1,2,2,E2-M01-K02-S02,Lezzet Şampuan Büyük,8690000566358,Şişe,8,8,16,96
E2,Kişisel Bakım,1,2,3,E2-M01-K02-S03,Günlük Şampuan Büyük,8690000566365,Şişe,8,16,24,96
E2,Kişisel Bakım,1,2,4,E2-M01-K02-S04,Evimiz Şampuan Büyük,8690000566372,Şişe,8,24,32,96
E2,Kişisel Bakım,1,2,5,E2-M01-K02-S05,Doğa Şampuan Büyük,8690000566389,Şişe,8,32,40,96
E2,Kişisel Bakım,1,2,6,E2-M01-K02-S06,Premium Şampuan Büyük,8690000566396,Şişe,8,40,48,96
E2,Kişisel Bakım,1,2,7,E2-M01-K02-S07,Emigro Şampuan Büyük,8690000566402,Şişe,8,48,56,96
E2,Kişisel Bakım,1,2,8,E2-M01-K02-S08,Anadolu Şampuan Büyük,8690000566419,Şişe,8,56,64,96
E2,Kişisel Bakım,1,2,9,E2-M01-K02-S09,Bereket Şampuan Büyük,8690000566426,Şişe,8,64,72,96
E2,Kişisel Bakım,1,2,10,E2-M01-K02-S10,Marmara Şampuan Büyük,8690000566433,Şişe,8,72,80,96
E2,Kişisel Bakım,1,2,11,E2-M01-K02-S11,Usta Şampuan Büyük,8690000566440,Şişe,8,80,88,96
E2,Kişisel Bakım,1,2,12,E2-M01-K02-S12,Lezzet Şampuan Büyük,8690000566457,Şişe,8,88,96,96
E2,Kişisel Bakım,1,3,1,E2-M01-K03-S01,Lezzet Şampuan Standart,8690000566464,Şişe,7,0,7,98
E2,Kişisel Bakım,1,3,2,E2-M01-K03-S02,Günlük Şampuan Standart,8690000566471,Şişe,7,7,14,98
E2,Kişisel Bakım,1,3,3,E2-M01-K03-S03,Evimiz Şampuan Standart,8690000566488,Şişe,7,14,21,98
E2,Kişisel Bakım,1,3,4,E2-M01-K03-S04,Doğa Şampuan Standart,8690000566495,Şişe,7,21,28,98
E2,Kişisel Bakım,1,3,5,E2-M01-K03-S05,Premium Şampuan Standart,8690000566501,Şişe,7,28,35,98
E2,Kişisel Bakım,1,3,6,E2-M01-K03-S06,Emigro Şampuan Standart,8690000566518,Şişe,7,35,42,98
E2,Kişisel Bakım,1,3,7,E2-M01-K03-S07,Anadolu Şampuan Standart,8690000566525,Şişe,7,42,49,98
E2,Kişisel Bakım,1,3,8,E2-M01-K03-S08,Bereket Şampuan Standart,8690000566532,Şişe,7,49,56,98
E2,Kişisel Bakım,1,3,9,E2-M01-K03-S09,Marmara Şampuan Standart,8690000566549,Şişe,7,56,63,98
E2,Kişisel Bakım,1,3,10,E2-M01-K03-S10,Usta Şampuan Standart,8690000566556,Şişe,7,63,70,98
E2,Kişisel Bakım,1,3,11,E2-M01-K03-S11,Lezzet Şampuan Standart,8690000566563,Şişe,7,70,77,98
E2,Kişisel Bakım,1,3,12,E2-M01-K03-S12,Günlük Şampuan Standart,8690000566570,Şişe,7,77,84,98
E2,Kişisel Bakım,1,3,13,E2-M01-K03-S13,Evimiz Şampuan Standart,8690000566587,Şişe,7,84,91,98
E2,Kişisel Bakım,1,3,14,E2-M01-K03-S14,Doğa Şampuan Standart,8690000566594,Şişe,7,91,98,98
E2,Kişisel Bakım,1,4,1,E2-M01-K04-S01,Günlük Şampuan Orta,8690000566600,Şişe,6,0,6,96
E2,Kişisel Bakım,1,4,2,E2-M01-K04-S02,Evimiz Şampuan Orta,8690000566617,Şişe,6,6,12,96
E2,Kişisel Bakım,1,4,3,E2-M01-K04-S03,Doğa Şampuan Orta,8690000566624,Şişe,6,12,18,96
E2,Kişisel Bakım,1,4,4,E2-M01-K04-S04,Premium Şampuan Orta,8690000566631,Şişe,6,18,24,96
E2,Kişisel Bakım,1,4,5,E2-M01-K04-S05,Emigro Şampuan Orta,8690000566648,Şişe,6,24,30,96
E2,Kişisel Bakım,1,4,6,E2-M01-K04-S06,Anadolu Şampuan Orta,8690000566655,Şişe,6,30,36,96
E2,Kişisel Bakım,1,4,7,E2-M01-K04-S07,Bereket Şampuan Orta,8690000566662,Şişe,6,36,42,96
E2,Kişisel Bakım,1,4,8,E2-M01-K04-S08,Marmara Şampuan Orta,8690000566679,Şişe,6,42,48,96
E2,Kişisel Bakım,1,4,9,E2-M01-K04-S09,Usta Şampuan Orta,8690000566686,Şişe,6,48,54,96
E2,Kişisel Bakım,1,4,10,E2-M01-K04-S10,Lezzet Şampuan Orta,8690000566693,Şişe,6,54,60,96
E2,Kişisel Bakım,1,4,11,E2-M01-K04-S11,Günlük Şampuan Orta,8690000566709,Şişe,6,60,66,96
E2,Kişisel Bakım,1,4,12,E2-M01-K04-S12,Evimiz Şampuan Orta,8690000566716,Şişe,6,66,72,96
E2,Kişisel Bakım,1,4,13,E2-M01-K04-S13,Doğa Şampuan Orta,8690000566723,Şişe,6,72,78,96
E2,Kişisel Bakım,1,4,14,E2-M01-K04-S14,Premium Şampuan Orta,8690000566730,Şişe,6,78,84,96
E2,Kişisel Bakım,1,4,15,E2-M01-K04-S15,Emigro Şampuan Orta,8690000566747,Şişe,6,84,90,96
E2,Kişisel Bakım,1,4,16,E2-M01-K04-S16,Anadolu Şampuan Orta,8690000566754,Şişe,6,90,96,96
E2,Kişisel Bakım,1,5,1,E2-M01-K05-S01,Evimiz Şampuan Küçük,8690000566761,Şişe,6,0,6,96
E2,Kişisel Bakım,1,5,2,E2-M01-K05-S02,Doğa Şampuan Küçük,8690000566778,Şişe,6,6,12,96
E2,Kişisel Bakım,1,5,3,E2-M01-K05-S03,Premium Şampuan Küçük,8690000566785,Şişe,6,12,18,96
E2,Kişisel Bakım,1,5,4,E2-M01-K05-S04,Emigro Şampuan Küçük,8690000566792,Şişe,6,18,24,96
E2,Kişisel Bakım,1,5,5,E2-M01-K05-S05,Anadolu Şampuan Küçük,8690000566808,Şişe,6,24,30,96
E2,Kişisel Bakım,1,5,6,E2-M01-K05-S06,Bereket Şampuan Küçük,8690000566815,Şişe,6,30,36,96
E2,Kişisel Bakım,1,5,7,E2-M01-K05-S07,Marmara Şampuan Küçük,8690000566822,Şişe,6,36,42,96
E2,Kişisel Bakım,1,5,8,E2-M01-K05-S08,Usta Şampuan Küçük,8690000566839,Şişe,6,42,48,96
E2,Kişisel Bakım,1,5,9,E2-M01-K05-S09,Lezzet Şampuan Küçük,8690000566846,Şişe,6,48,54,96
E2,Kişisel Bakım,1,5,10,E2-M01-K05-S10,Günlük Şampuan Küçük,8690000566853,Şişe,6,54,60,96
E2,Kişisel Bakım,1,5,11,E2-M01-K05-S11,Evimiz Şampuan Küçük,8690000566860,Şişe,6,60,66,96
E2,Kişisel Bakım,1,5,12,E2-M01-K05-S12,Doğa Şampuan Küçük,8690000566877,Şişe,6,66,72,96
E2,Kişisel Bakım,1,5,13,E2-M01-K05-S13,Premium Şampuan Küçük,8690000566884,Şişe,6,72,78,96
E2,Kişisel Bakım,1,5,14,E2-M01-K05-S14,Emigro Şampuan Küçük,8690000566891,Şişe,6,78,84,96
E2,Kişisel Bakım,1,5,15,E2-M01-K05-S15,Anadolu Şampuan Küçük,8690000566907,Şişe,6,84,90,96
E2,Kişisel Bakım,1,5,16,E2-M01-K05-S16,Bereket Şampuan Küçük,8690000566914,Şişe,6,90,96,96
E2,Kişisel Bakım,1,6,1,E2-M01-K06-S01,Doğa Şampuan Mini,8690000566921,Şişe,5,0,5,100
E2,Kişisel Bakım,1,6,2,E2-M01-K06-S02,Premium Şampuan Mini,8690000566938,Şişe,5,5,10,100
E2,Kişisel Bakım,1,6,3,E2-M01-K06-S03,Emigro Şampuan Mini,8690000566945,Şişe,5,10,15,100
E2,Kişisel Bakım,1,6,4,E2-M01-K06-S04,Anadolu Şampuan Mini,8690000566952,Şişe,5,15,20,100
E2,Kişisel Bakım,1,6,5,E2-M01-K06-S05,Bereket Şampuan Mini,8690000566969,Şişe,5,20,25,100
E2,Kişisel Bakım,1,6,6,E2-M01-K06-S06,Marmara Şampuan Mini,8690000566976,Şişe,5,25,30,100
E2,Kişisel Bakım,1,6,7,E2-M01-K06-S07,Usta Şampuan Mini,8690000566983,Şişe,5,30,35,100
E2,Kişisel Bakım,1,6,8,E2-M01-K06-S08,Lezzet Şampuan Mini,8690000566990,Şişe,5,35,40,100
E2,Kişisel Bakım,1,6,9,E2-M01-K06-S09,Günlük Şampuan Mini,8690000567003,Şişe,5,40,45,100
E2,Kişisel Bakım,1,6,10,E2-M01-K06-S10,Evimiz Şampuan Mini,8690000567010,Şişe,5,45,50,100
E2,Kişisel Bakım,1,6,11,E2-M01-K06-S11,Doğa Şampuan Mini,8690000567027,Şişe,5,50,55,100
E2,Kişisel Bakım,1,6,12,E2-M01-K06-S12,Premium Şampuan Mini,8690000567034,Şişe,5,55,60,100
E2,Kişisel Bakım,1,6,13,E2-M01-K06-S13,Emigro Şampuan Mini,8690000567041,Şişe,5,60,65,100
E2,Kişisel Bakım,1,6,14,E2-M01-K06-S14,Anadolu Şampuan Mini,8690000567058,Şişe,5,65,70,100
E2,Kişisel Bakım,1,6,15,E2-M01-K06-S15,Bereket Şampuan Mini,8690000567065,Şişe,5,70,75,100
E2,Kişisel Bakım,1,6,16,E2-M01-K06-S16,Marmara Şampuan Mini,8690000567072,Şişe,5,75,80,100
E2,Kişisel Bakım,1,6,17,E2-M01-K06-S17,Usta Şampuan Mini,8690000567089,Şişe,5,80,85,100
E2,Kişisel Bakım,1,6,18,E2-M01-K06-S18,Lezzet Şampuan Mini,8690000567096,Şişe,5,85,90,100
E2,Kişisel Bakım,1,6,19,E2-M01-K06-S19,Günlük Şampuan Mini,8690000567102,Şişe,5,90,95,100
E2,Kişisel Bakım,1,6,20,E2-M01-K06-S20,Evimiz Şampuan Mini,8690000567119,Şişe,5,95,100,100
E2,Kişisel Bakım,2,1,1,E2-M02-K01-S01,Usta Saç Kremi XL,8690000567126,Şişe,9,0,9,99
E2,Kişisel Bakım,2,1,2,E2-M02-K01-S02,Lezzet Saç Kremi XL,8690000567133,Şişe,9,9,18,99
E2,Kişisel Bakım,2,1,3,E2-M02-K01-S03,Günlük Saç Kremi XL,8690000567140,Şişe,9,18,27,99
E2,Kişisel Bakım,2,1,4,E2-M02-K01-S04,Evimiz Saç Kremi XL,8690000567157,Şişe,9,27,36,99
E2,Kişisel Bakım,2,1,5,E2-M02-K01-S05,Doğa Saç Kremi XL,8690000567164,Şişe,9,36,45,99
E2,Kişisel Bakım,2,1,6,E2-M02-K01-S06,Premium Saç Kremi XL,8690000567171,Şişe,9,45,54,99
E2,Kişisel Bakım,2,1,7,E2-M02-K01-S07,Emigro Saç Kremi XL,8690000567188,Şişe,9,54,63,99
E2,Kişisel Bakım,2,1,8,E2-M02-K01-S08,Anadolu Saç Kremi XL,8690000567195,Şişe,9,63,72,99
E2,Kişisel Bakım,2,1,9,E2-M02-K01-S09,Bereket Saç Kremi XL,8690000567201,Şişe,9,72,81,99
E2,Kişisel Bakım,2,1,10,E2-M02-K01-S10,Marmara Saç Kremi XL,8690000567218,Şişe,9,81,90,99
E2,Kişisel Bakım,2,1,11,E2-M02-K01-S11,Usta Saç Kremi XL,8690000567225,Şişe,9,90,99,99
E2,Kişisel Bakım,2,2,1,E2-M02-K02-S01,Lezzet Saç Kremi Büyük,8690000567232,Şişe,8,0,8,96
E2,Kişisel Bakım,2,2,2,E2-M02-K02-S02,Günlük Saç Kremi Büyük,8690000567249,Şişe,8,8,16,96
E2,Kişisel Bakım,2,2,3,E2-M02-K02-S03,Evimiz Saç Kremi Büyük,8690000567256,Şişe,8,16,24,96
E2,Kişisel Bakım,2,2,4,E2-M02-K02-S04,Doğa Saç Kremi Büyük,8690000567263,Şişe,8,24,32,96
E2,Kişisel Bakım,2,2,5,E2-M02-K02-S05,Premium Saç Kremi Büyük,8690000567270,Şişe,8,32,40,96
E2,Kişisel Bakım,2,2,6,E2-M02-K02-S06,Emigro Saç Kremi Büyük,8690000567287,Şişe,8,40,48,96
E2,Kişisel Bakım,2,2,7,E2-M02-K02-S07,Anadolu Saç Kremi Büyük,8690000567294,Şişe,8,48,56,96
E2,Kişisel Bakım,2,2,8,E2-M02-K02-S08,Bereket Saç Kremi Büyük,8690000567300,Şişe,8,56,64,96
E2,Kişisel Bakım,2,2,9,E2-M02-K02-S09,Marmara Saç Kremi Büyük,8690000567317,Şişe,8,64,72,96
E2,Kişisel Bakım,2,2,10,E2-M02-K02-S10,Usta Saç Kremi Büyük,8690000567324,Şişe,8,72,80,96
E2,Kişisel Bakım,2,2,11,E2-M02-K02-S11,Lezzet Saç Kremi Büyük,8690000567331,Şişe,8,80,88,96
E2,Kişisel Bakım,2,2,12,E2-M02-K02-S12,Günlük Saç Kremi Büyük,8690000567348,Şişe,8,88,96,96
E2,Kişisel Bakım,2,3,1,E2-M02-K03-S01,Günlük Saç Kremi Standart,8690000567355,Şişe,7,0,7,98
E2,Kişisel Bakım,2,3,2,E2-M02-K03-S02,Evimiz Saç Kremi Standart,8690000567362,Şişe,7,7,14,98
E2,Kişisel Bakım,2,3,3,E2-M02-K03-S03,Doğa Saç Kremi Standart,8690000567379,Şişe,7,14,21,98
E2,Kişisel Bakım,2,3,4,E2-M02-K03-S04,Premium Saç Kremi Standart,8690000567386,Şişe,7,21,28,98
E2,Kişisel Bakım,2,3,5,E2-M02-K03-S05,Emigro Saç Kremi Standart,8690000567393,Şişe,7,28,35,98
E2,Kişisel Bakım,2,3,6,E2-M02-K03-S06,Anadolu Saç Kremi Standart,8690000567409,Şişe,7,35,42,98
E2,Kişisel Bakım,2,3,7,E2-M02-K03-S07,Bereket Saç Kremi Standart,8690000567416,Şişe,7,42,49,98
E2,Kişisel Bakım,2,3,8,E2-M02-K03-S08,Marmara Saç Kremi Standart,8690000567423,Şişe,7,49,56,98
E2,Kişisel Bakım,2,3,9,E2-M02-K03-S09,Usta Saç Kremi Standart,8690000567430,Şişe,7,56,63,98
E2,Kişisel Bakım,2,3,10,E2-M02-K03-S10,Lezzet Saç Kremi Standart,8690000567447,Şişe,7,63,70,98
E2,Kişisel Bakım,2,3,11,E2-M02-K03-S11,Günlük Saç Kremi Standart,8690000567454,Şişe,7,70,77,98
E2,Kişisel Bakım,2,3,12,E2-M02-K03-S12,Evimiz Saç Kremi Standart,8690000567461,Şişe,7,77,84,98
E2,Kişisel Bakım,2,3,13,E2-M02-K03-S13,Doğa Saç Kremi Standart,8690000567478,Şişe,7,84,91,98
E2,Kişisel Bakım,2,3,14,E2-M02-K03-S14,Premium Saç Kremi Standart,8690000567485,Şişe,7,91,98,98
E2,Kişisel Bakım,2,4,1,E2-M02-K04-S01,Evimiz Saç Kremi Orta,8690000567492,Şişe,6,0,6,96
E2,Kişisel Bakım,2,4,2,E2-M02-K04-S02,Doğa Saç Kremi Orta,8690000567508,Şişe,6,6,12,96
E2,Kişisel Bakım,2,4,3,E2-M02-K04-S03,Premium Saç Kremi Orta,8690000567515,Şişe,6,12,18,96
E2,Kişisel Bakım,2,4,4,E2-M02-K04-S04,Emigro Saç Kremi Orta,8690000567522,Şişe,6,18,24,96
E2,Kişisel Bakım,2,4,5,E2-M02-K04-S05,Anadolu Saç Kremi Orta,8690000567539,Şişe,6,24,30,96
E2,Kişisel Bakım,2,4,6,E2-M02-K04-S06,Bereket Saç Kremi Orta,8690000567546,Şişe,6,30,36,96
E2,Kişisel Bakım,2,4,7,E2-M02-K04-S07,Marmara Saç Kremi Orta,8690000567553,Şişe,6,36,42,96
E2,Kişisel Bakım,2,4,8,E2-M02-K04-S08,Usta Saç Kremi Orta,8690000567560,Şişe,6,42,48,96
E2,Kişisel Bakım,2,4,9,E2-M02-K04-S09,Lezzet Saç Kremi Orta,8690000567577,Şişe,6,48,54,96
E2,Kişisel Bakım,2,4,10,E2-M02-K04-S10,Günlük Saç Kremi Orta,8690000567584,Şişe,6,54,60,96
E2,Kişisel Bakım,2,4,11,E2-M02-K04-S11,Evimiz Saç Kremi Orta,8690000567591,Şişe,6,60,66,96
E2,Kişisel Bakım,2,4,12,E2-M02-K04-S12,Doğa Saç Kremi Orta,8690000567607,Şişe,6,66,72,96
E2,Kişisel Bakım,2,4,13,E2-M02-K04-S13,Premium Saç Kremi Orta,8690000567614,Şişe,6,72,78,96
E2,Kişisel Bakım,2,4,14,E2-M02-K04-S14,Emigro Saç Kremi Orta,8690000567621,Şişe,6,78,84,96
E2,Kişisel Bakım,2,4,15,E2-M02-K04-S15,Anadolu Saç Kremi Orta,8690000567638,Şişe,6,84,90,96
E2,Kişisel Bakım,2,4,16,E2-M02-K04-S16,Bereket Saç Kremi Orta,8690000567645,Şişe,6,90,96,96
E2,Kişisel Bakım,2,5,1,E2-M02-K05-S01,Doğa Saç Kremi Küçük,8690000567652,Şişe,6,0,6,96
E2,Kişisel Bakım,2,5,2,E2-M02-K05-S02,Premium Saç Kremi Küçük,8690000567669,Şişe,6,6,12,96
E2,Kişisel Bakım,2,5,3,E2-M02-K05-S03,Emigro Saç Kremi Küçük,8690000567676,Şişe,6,12,18,96
E2,Kişisel Bakım,2,5,4,E2-M02-K05-S04,Anadolu Saç Kremi Küçük,8690000567683,Şişe,6,18,24,96
E2,Kişisel Bakım,2,5,5,E2-M02-K05-S05,Bereket Saç Kremi Küçük,8690000567690,Şişe,6,24,30,96
E2,Kişisel Bakım,2,5,6,E2-M02-K05-S06,Marmara Saç Kremi Küçük,8690000567706,Şişe,6,30,36,96
E2,Kişisel Bakım,2,5,7,E2-M02-K05-S07,Usta Saç Kremi Küçük,8690000567713,Şişe,6,36,42,96
E2,Kişisel Bakım,2,5,8,E2-M02-K05-S08,Lezzet Saç Kremi Küçük,8690000567720,Şişe,6,42,48,96
E2,Kişisel Bakım,2,5,9,E2-M02-K05-S09,Günlük Saç Kremi Küçük,8690000567737,Şişe,6,48,54,96
E2,Kişisel Bakım,2,5,10,E2-M02-K05-S10,Evimiz Saç Kremi Küçük,8690000567744,Şişe,6,54,60,96
E2,Kişisel Bakım,2,5,11,E2-M02-K05-S11,Doğa Saç Kremi Küçük,8690000567751,Şişe,6,60,66,96
E2,Kişisel Bakım,2,5,12,E2-M02-K05-S12,Premium Saç Kremi Küçük,8690000567768,Şişe,6,66,72,96
E2,Kişisel Bakım,2,5,13,E2-M02-K05-S13,Emigro Saç Kremi Küçük,8690000567775,Şişe,6,72,78,96
E2,Kişisel Bakım,2,5,14,E2-M02-K05-S14,Anadolu Saç Kremi Küçük,8690000567782,Şişe,6,78,84,96
E2,Kişisel Bakım,2,5,15,E2-M02-K05-S15,Bereket Saç Kremi Küçük,8690000567799,Şişe,6,84,90,96
E2,Kişisel Bakım,2,5,16,E2-M02-K05-S16,Marmara Saç Kremi Küçük,8690000567805,Şişe,6,90,96,96
E2,Kişisel Bakım,2,6,1,E2-M02-K06-S01,Premium Saç Kremi Mini,8690000567812,Şişe,5,0,5,100
E2,Kişisel Bakım,2,6,2,E2-M02-K06-S02,Emigro Saç Kremi Mini,8690000567829,Şişe,5,5,10,100
E2,Kişisel Bakım,2,6,3,E2-M02-K06-S03,Anadolu Saç Kremi Mini,8690000567836,Şişe,5,10,15,100
E2,Kişisel Bakım,2,6,4,E2-M02-K06-S04,Bereket Saç Kremi Mini,8690000567843,Şişe,5,15,20,100
E2,Kişisel Bakım,2,6,5,E2-M02-K06-S05,Marmara Saç Kremi Mini,8690000567850,Şişe,5,20,25,100
E2,Kişisel Bakım,2,6,6,E2-M02-K06-S06,Usta Saç Kremi Mini,8690000567867,Şişe,5,25,30,100
E2,Kişisel Bakım,2,6,7,E2-M02-K06-S07,Lezzet Saç Kremi Mini,8690000567874,Şişe,5,30,35,100
E2,Kişisel Bakım,2,6,8,E2-M02-K06-S08,Günlük Saç Kremi Mini,8690000567881,Şişe,5,35,40,100
E2,Kişisel Bakım,2,6,9,E2-M02-K06-S09,Evimiz Saç Kremi Mini,8690000567898,Şişe,5,40,45,100
E2,Kişisel Bakım,2,6,10,E2-M02-K06-S10,Doğa Saç Kremi Mini,8690000567904,Şişe,5,45,50,100
E2,Kişisel Bakım,2,6,11,E2-M02-K06-S11,Premium Saç Kremi Mini,8690000567911,Şişe,5,50,55,100
E2,Kişisel Bakım,2,6,12,E2-M02-K06-S12,Emigro Saç Kremi Mini,8690000567928,Şişe,5,55,60,100
E2,Kişisel Bakım,2,6,13,E2-M02-K06-S13,Anadolu Saç Kremi Mini,8690000567935,Şişe,5,60,65,100
E2,Kişisel Bakım,2,6,14,E2-M02-K06-S14,Bereket Saç Kremi Mini,8690000567942,Şişe,5,65,70,100
E2,Kişisel Bakım,2,6,15,E2-M02-K06-S15,Marmara Saç Kremi Mini,8690000567959,Şişe,5,70,75,100
E2,Kişisel Bakım,2,6,16,E2-M02-K06-S16,Usta Saç Kremi Mini,8690000567966,Şişe,5,75,80,100
E2,Kişisel Bakım,2,6,17,E2-M02-K06-S17,Lezzet Saç Kremi Mini,8690000567973,Şişe,5,80,85,100
E2,Kişisel Bakım,2,6,18,E2-M02-K06-S18,Günlük Saç Kremi Mini,8690000567980,Şişe,5,85,90,100
E2,Kişisel Bakım,2,6,19,E2-M02-K06-S19,Evimiz Saç Kremi Mini,8690000567997,Şişe,5,90,95,100
E2,Kişisel Bakım,2,6,20,E2-M02-K06-S20,Doğa Saç Kremi Mini,8690000568000,Şişe,5,95,100,100
E2,Kişisel Bakım,3,1,1,E2-M03-K01-S01,Lezzet Duş Jeli XL,8690000568017,Şişe,10,0,10,100
E2,Kişisel Bakım,3,1,2,E2-M03-K01-S02,Günlük Duş Jeli XL,8690000568024,Şişe,10,10,20,100
E2,Kişisel Bakım,3,1,3,E2-M03-K01-S03,Evimiz Duş Jeli XL,8690000568031,Şişe,10,20,30,100
E2,Kişisel Bakım,3,1,4,E2-M03-K01-S04,Doğa Duş Jeli XL,8690000568048,Şişe,10,30,40,100
E2,Kişisel Bakım,3,1,5,E2-M03-K01-S05,Premium Duş Jeli XL,8690000568055,Şişe,10,40,50,100
E2,Kişisel Bakım,3,1,6,E2-M03-K01-S06,Emigro Duş Jeli XL,8690000568062,Şişe,10,50,60,100
E2,Kişisel Bakım,3,1,7,E2-M03-K01-S07,Anadolu Duş Jeli XL,8690000568079,Şişe,10,60,70,100
E2,Kişisel Bakım,3,1,8,E2-M03-K01-S08,Bereket Duş Jeli XL,8690000568086,Şişe,10,70,80,100
E2,Kişisel Bakım,3,1,9,E2-M03-K01-S09,Marmara Duş Jeli XL,8690000568093,Şişe,10,80,90,100
E2,Kişisel Bakım,3,1,10,E2-M03-K01-S10,Usta Duş Jeli XL,8690000568109,Şişe,10,90,100,100
E2,Kişisel Bakım,3,2,1,E2-M03-K02-S01,Günlük Duş Jeli Büyük,8690000568116,Şişe,9,0,9,99
E2,Kişisel Bakım,3,2,2,E2-M03-K02-S02,Evimiz Duş Jeli Büyük,8690000568123,Şişe,9,9,18,99
E2,Kişisel Bakım,3,2,3,E2-M03-K02-S03,Doğa Duş Jeli Büyük,8690000568130,Şişe,9,18,27,99
E2,Kişisel Bakım,3,2,4,E2-M03-K02-S04,Premium Duş Jeli Büyük,8690000568147,Şişe,9,27,36,99
E2,Kişisel Bakım,3,2,5,E2-M03-K02-S05,Emigro Duş Jeli Büyük,8690000568154,Şişe,9,36,45,99
E2,Kişisel Bakım,3,2,6,E2-M03-K02-S06,Anadolu Duş Jeli Büyük,8690000568161,Şişe,9,45,54,99
E2,Kişisel Bakım,3,2,7,E2-M03-K02-S07,Bereket Duş Jeli Büyük,8690000568178,Şişe,9,54,63,99
E2,Kişisel Bakım,3,2,8,E2-M03-K02-S08,Marmara Duş Jeli Büyük,8690000568185,Şişe,9,63,72,99
E2,Kişisel Bakım,3,2,9,E2-M03-K02-S09,Usta Duş Jeli Büyük,8690000568192,Şişe,9,72,81,99
E2,Kişisel Bakım,3,2,10,E2-M03-K02-S10,Lezzet Duş Jeli Büyük,8690000568208,Şişe,9,81,90,99
E2,Kişisel Bakım,3,2,11,E2-M03-K02-S11,Günlük Duş Jeli Büyük,8690000568215,Şişe,9,90,99,99
E2,Kişisel Bakım,3,3,1,E2-M03-K03-S01,Evimiz Duş Jeli Standart,8690000568222,Şişe,8,0,8,96
E2,Kişisel Bakım,3,3,2,E2-M03-K03-S02,Doğa Duş Jeli Standart,8690000568239,Şişe,8,8,16,96
E2,Kişisel Bakım,3,3,3,E2-M03-K03-S03,Premium Duş Jeli Standart,8690000568246,Şişe,8,16,24,96
E2,Kişisel Bakım,3,3,4,E2-M03-K03-S04,Emigro Duş Jeli Standart,8690000568253,Şişe,8,24,32,96
E2,Kişisel Bakım,3,3,5,E2-M03-K03-S05,Anadolu Duş Jeli Standart,8690000568260,Şişe,8,32,40,96
E2,Kişisel Bakım,3,3,6,E2-M03-K03-S06,Bereket Duş Jeli Standart,8690000568277,Şişe,8,40,48,96
E2,Kişisel Bakım,3,3,7,E2-M03-K03-S07,Marmara Duş Jeli Standart,8690000568284,Şişe,8,48,56,96
E2,Kişisel Bakım,3,3,8,E2-M03-K03-S08,Usta Duş Jeli Standart,8690000568291,Şişe,8,56,64,96
E2,Kişisel Bakım,3,3,9,E2-M03-K03-S09,Lezzet Duş Jeli Standart,8690000568307,Şişe,8,64,72,96
E2,Kişisel Bakım,3,3,10,E2-M03-K03-S10,Günlük Duş Jeli Standart,8690000568314,Şişe,8,72,80,96
E2,Kişisel Bakım,3,3,11,E2-M03-K03-S11,Evimiz Duş Jeli Standart,8690000568321,Şişe,8,80,88,96
E2,Kişisel Bakım,3,3,12,E2-M03-K03-S12,Doğa Duş Jeli Standart,8690000568338,Şişe,8,88,96,96
E2,Kişisel Bakım,3,4,1,E2-M03-K04-S01,Doğa Duş Jeli Orta,8690000568345,Şişe,7,0,7,98
E2,Kişisel Bakım,3,4,2,E2-M03-K04-S02,Premium Duş Jeli Orta,8690000568352,Şişe,7,7,14,98
E2,Kişisel Bakım,3,4,3,E2-M03-K04-S03,Emigro Duş Jeli Orta,8690000568369,Şişe,7,14,21,98
E2,Kişisel Bakım,3,4,4,E2-M03-K04-S04,Anadolu Duş Jeli Orta,8690000568376,Şişe,7,21,28,98
E2,Kişisel Bakım,3,4,5,E2-M03-K04-S05,Bereket Duş Jeli Orta,8690000568383,Şişe,7,28,35,98
E2,Kişisel Bakım,3,4,6,E2-M03-K04-S06,Marmara Duş Jeli Orta,8690000568390,Şişe,7,35,42,98
E2,Kişisel Bakım,3,4,7,E2-M03-K04-S07,Usta Duş Jeli Orta,8690000568406,Şişe,7,42,49,98
E2,Kişisel Bakım,3,4,8,E2-M03-K04-S08,Lezzet Duş Jeli Orta,8690000568413,Şişe,7,49,56,98
E2,Kişisel Bakım,3,4,9,E2-M03-K04-S09,Günlük Duş Jeli Orta,8690000568420,Şişe,7,56,63,98
E2,Kişisel Bakım,3,4,10,E2-M03-K04-S10,Evimiz Duş Jeli Orta,8690000568437,Şişe,7,63,70,98
E2,Kişisel Bakım,3,4,11,E2-M03-K04-S11,Doğa Duş Jeli Orta,8690000568444,Şişe,7,70,77,98
E2,Kişisel Bakım,3,4,12,E2-M03-K04-S12,Premium Duş Jeli Orta,8690000568451,Şişe,7,77,84,98
E2,Kişisel Bakım,3,4,13,E2-M03-K04-S13,Emigro Duş Jeli Orta,8690000568468,Şişe,7,84,91,98
E2,Kişisel Bakım,3,4,14,E2-M03-K04-S14,Anadolu Duş Jeli Orta,8690000568475,Şişe,7,91,98,98
E2,Kişisel Bakım,3,5,1,E2-M03-K05-S01,Premium Duş Jeli Küçük,8690000568482,Şişe,6,0,6,96
E2,Kişisel Bakım,3,5,2,E2-M03-K05-S02,Emigro Duş Jeli Küçük,8690000568499,Şişe,6,6,12,96
E2,Kişisel Bakım,3,5,3,E2-M03-K05-S03,Anadolu Duş Jeli Küçük,8690000568505,Şişe,6,12,18,96
E2,Kişisel Bakım,3,5,4,E2-M03-K05-S04,Bereket Duş Jeli Küçük,8690000568512,Şişe,6,18,24,96
E2,Kişisel Bakım,3,5,5,E2-M03-K05-S05,Marmara Duş Jeli Küçük,8690000568529,Şişe,6,24,30,96
E2,Kişisel Bakım,3,5,6,E2-M03-K05-S06,Usta Duş Jeli Küçük,8690000568536,Şişe,6,30,36,96
E2,Kişisel Bakım,3,5,7,E2-M03-K05-S07,Lezzet Duş Jeli Küçük,8690000568543,Şişe,6,36,42,96
E2,Kişisel Bakım,3,5,8,E2-M03-K05-S08,Günlük Duş Jeli Küçük,8690000568550,Şişe,6,42,48,96
E2,Kişisel Bakım,3,5,9,E2-M03-K05-S09,Evimiz Duş Jeli Küçük,8690000568567,Şişe,6,48,54,96
E2,Kişisel Bakım,3,5,10,E2-M03-K05-S10,Doğa Duş Jeli Küçük,8690000568574,Şişe,6,54,60,96
E2,Kişisel Bakım,3,5,11,E2-M03-K05-S11,Premium Duş Jeli Küçük,8690000568581,Şişe,6,60,66,96
E2,Kişisel Bakım,3,5,12,E2-M03-K05-S12,Emigro Duş Jeli Küçük,8690000568598,Şişe,6,66,72,96
E2,Kişisel Bakım,3,5,13,E2-M03-K05-S13,Anadolu Duş Jeli Küçük,8690000568604,Şişe,6,72,78,96
E2,Kişisel Bakım,3,5,14,E2-M03-K05-S14,Bereket Duş Jeli Küçük,8690000568611,Şişe,6,78,84,96
E2,Kişisel Bakım,3,5,15,E2-M03-K05-S15,Marmara Duş Jeli Küçük,8690000568628,Şişe,6,84,90,96
E2,Kişisel Bakım,3,5,16,E2-M03-K05-S16,Usta Duş Jeli Küçük,8690000568635,Şişe,6,90,96,96
E2,Kişisel Bakım,3,6,1,E2-M03-K06-S01,Emigro Duş Jeli Mini,8690000568642,Şişe,6,0,6,96
E2,Kişisel Bakım,3,6,2,E2-M03-K06-S02,Anadolu Duş Jeli Mini,8690000568659,Şişe,6,6,12,96
E2,Kişisel Bakım,3,6,3,E2-M03-K06-S03,Bereket Duş Jeli Mini,8690000568666,Şişe,6,12,18,96
E2,Kişisel Bakım,3,6,4,E2-M03-K06-S04,Marmara Duş Jeli Mini,8690000568673,Şişe,6,18,24,96
E2,Kişisel Bakım,3,6,5,E2-M03-K06-S05,Usta Duş Jeli Mini,8690000568680,Şişe,6,24,30,96
E2,Kişisel Bakım,3,6,6,E2-M03-K06-S06,Lezzet Duş Jeli Mini,8690000568697,Şişe,6,30,36,96
E2,Kişisel Bakım,3,6,7,E2-M03-K06-S07,Günlük Duş Jeli Mini,8690000568703,Şişe,6,36,42,96
E2,Kişisel Bakım,3,6,8,E2-M03-K06-S08,Evimiz Duş Jeli Mini,8690000568710,Şişe,6,42,48,96
E2,Kişisel Bakım,3,6,9,E2-M03-K06-S09,Doğa Duş Jeli Mini,8690000568727,Şişe,6,48,54,96
E2,Kişisel Bakım,3,6,10,E2-M03-K06-S10,Premium Duş Jeli Mini,8690000568734,Şişe,6,54,60,96
E2,Kişisel Bakım,3,6,11,E2-M03-K06-S11,Emigro Duş Jeli Mini,8690000568741,Şişe,6,60,66,96
E2,Kişisel Bakım,3,6,12,E2-M03-K06-S12,Anadolu Duş Jeli Mini,8690000568758,Şişe,6,66,72,96
E2,Kişisel Bakım,3,6,13,E2-M03-K06-S13,Bereket Duş Jeli Mini,8690000568765,Şişe,6,72,78,96
E2,Kişisel Bakım,3,6,14,E2-M03-K06-S14,Marmara Duş Jeli Mini,8690000568772,Şişe,6,78,84,96
E2,Kişisel Bakım,3,6,15,E2-M03-K06-S15,Usta Duş Jeli Mini,8690000568789,Şişe,6,84,90,96
E2,Kişisel Bakım,3,6,16,E2-M03-K06-S16,Lezzet Duş Jeli Mini,8690000568796,Şişe,6,90,96,96
E2,Kişisel Bakım,4,1,1,E2-M04-K01-S01,Günlük Sıvı Sabun XL,8690000568802,Şişe,10,0,10,100
E2,Kişisel Bakım,4,1,2,E2-M04-K01-S02,Evimiz Sıvı Sabun XL,8690000568819,Şişe,10,10,20,100
E2,Kişisel Bakım,4,1,3,E2-M04-K01-S03,Doğa Sıvı Sabun XL,8690000568826,Şişe,10,20,30,100
E2,Kişisel Bakım,4,1,4,E2-M04-K01-S04,Premium Sıvı Sabun XL,8690000568833,Şişe,10,30,40,100
E2,Kişisel Bakım,4,1,5,E2-M04-K01-S05,Emigro Sıvı Sabun XL,8690000568840,Şişe,10,40,50,100
E2,Kişisel Bakım,4,1,6,E2-M04-K01-S06,Anadolu Sıvı Sabun XL,8690000568857,Şişe,10,50,60,100
E2,Kişisel Bakım,4,1,7,E2-M04-K01-S07,Bereket Sıvı Sabun XL,8690000568864,Şişe,10,60,70,100
E2,Kişisel Bakım,4,1,8,E2-M04-K01-S08,Marmara Sıvı Sabun XL,8690000568871,Şişe,10,70,80,100
E2,Kişisel Bakım,4,1,9,E2-M04-K01-S09,Usta Sıvı Sabun XL,8690000568888,Şişe,10,80,90,100
E2,Kişisel Bakım,4,1,10,E2-M04-K01-S10,Lezzet Sıvı Sabun XL,8690000568895,Şişe,10,90,100,100
E2,Kişisel Bakım,4,2,1,E2-M04-K02-S01,Evimiz Sıvı Sabun Büyük,8690000568901,Şişe,9,0,9,99
E2,Kişisel Bakım,4,2,2,E2-M04-K02-S02,Doğa Sıvı Sabun Büyük,8690000568918,Şişe,9,9,18,99
E2,Kişisel Bakım,4,2,3,E2-M04-K02-S03,Premium Sıvı Sabun Büyük,8690000568925,Şişe,9,18,27,99
E2,Kişisel Bakım,4,2,4,E2-M04-K02-S04,Emigro Sıvı Sabun Büyük,8690000568932,Şişe,9,27,36,99
E2,Kişisel Bakım,4,2,5,E2-M04-K02-S05,Anadolu Sıvı Sabun Büyük,8690000568949,Şişe,9,36,45,99
E2,Kişisel Bakım,4,2,6,E2-M04-K02-S06,Bereket Sıvı Sabun Büyük,8690000568956,Şişe,9,45,54,99
E2,Kişisel Bakım,4,2,7,E2-M04-K02-S07,Marmara Sıvı Sabun Büyük,8690000568963,Şişe,9,54,63,99
E2,Kişisel Bakım,4,2,8,E2-M04-K02-S08,Usta Sıvı Sabun Büyük,8690000568970,Şişe,9,63,72,99
E2,Kişisel Bakım,4,2,9,E2-M04-K02-S09,Lezzet Sıvı Sabun Büyük,8690000568987,Şişe,9,72,81,99
E2,Kişisel Bakım,4,2,10,E2-M04-K02-S10,Günlük Sıvı Sabun Büyük,8690000568994,Şişe,9,81,90,99
E2,Kişisel Bakım,4,2,11,E2-M04-K02-S11,Evimiz Sıvı Sabun Büyük,8690000569007,Şişe,9,90,99,99
E2,Kişisel Bakım,4,3,1,E2-M04-K03-S01,Doğa Sıvı Sabun Standart,8690000569014,Şişe,8,0,8,96
E2,Kişisel Bakım,4,3,2,E2-M04-K03-S02,Premium Sıvı Sabun Standart,8690000569021,Şişe,8,8,16,96
E2,Kişisel Bakım,4,3,3,E2-M04-K03-S03,Emigro Sıvı Sabun Standart,8690000569038,Şişe,8,16,24,96
E2,Kişisel Bakım,4,3,4,E2-M04-K03-S04,Anadolu Sıvı Sabun Standart,8690000569045,Şişe,8,24,32,96
E2,Kişisel Bakım,4,3,5,E2-M04-K03-S05,Bereket Sıvı Sabun Standart,8690000569052,Şişe,8,32,40,96
E2,Kişisel Bakım,4,3,6,E2-M04-K03-S06,Marmara Sıvı Sabun Standart,8690000569069,Şişe,8,40,48,96
E2,Kişisel Bakım,4,3,7,E2-M04-K03-S07,Usta Sıvı Sabun Standart,8690000569076,Şişe,8,48,56,96
E2,Kişisel Bakım,4,3,8,E2-M04-K03-S08,Lezzet Sıvı Sabun Standart,8690000569083,Şişe,8,56,64,96
E2,Kişisel Bakım,4,3,9,E2-M04-K03-S09,Günlük Sıvı Sabun Standart,8690000569090,Şişe,8,64,72,96
E2,Kişisel Bakım,4,3,10,E2-M04-K03-S10,Evimiz Sıvı Sabun Standart,8690000569106,Şişe,8,72,80,96
E2,Kişisel Bakım,4,3,11,E2-M04-K03-S11,Doğa Sıvı Sabun Standart,8690000569113,Şişe,8,80,88,96
E2,Kişisel Bakım,4,3,12,E2-M04-K03-S12,Premium Sıvı Sabun Standart,8690000569120,Şişe,8,88,96,96
E2,Kişisel Bakım,4,4,1,E2-M04-K04-S01,Premium Sıvı Sabun Orta,8690000569137,Şişe,7,0,7,98
E2,Kişisel Bakım,4,4,2,E2-M04-K04-S02,Emigro Sıvı Sabun Orta,8690000569144,Şişe,7,7,14,98
E2,Kişisel Bakım,4,4,3,E2-M04-K04-S03,Anadolu Sıvı Sabun Orta,8690000569151,Şişe,7,14,21,98
E2,Kişisel Bakım,4,4,4,E2-M04-K04-S04,Bereket Sıvı Sabun Orta,8690000569168,Şişe,7,21,28,98
E2,Kişisel Bakım,4,4,5,E2-M04-K04-S05,Marmara Sıvı Sabun Orta,8690000569175,Şişe,7,28,35,98
E2,Kişisel Bakım,4,4,6,E2-M04-K04-S06,Usta Sıvı Sabun Orta,8690000569182,Şişe,7,35,42,98
E2,Kişisel Bakım,4,4,7,E2-M04-K04-S07,Lezzet Sıvı Sabun Orta,8690000569199,Şişe,7,42,49,98
E2,Kişisel Bakım,4,4,8,E2-M04-K04-S08,Günlük Sıvı Sabun Orta,8690000569205,Şişe,7,49,56,98
E2,Kişisel Bakım,4,4,9,E2-M04-K04-S09,Evimiz Sıvı Sabun Orta,8690000569212,Şişe,7,56,63,98
E2,Kişisel Bakım,4,4,10,E2-M04-K04-S10,Doğa Sıvı Sabun Orta,8690000569229,Şişe,7,63,70,98
E2,Kişisel Bakım,4,4,11,E2-M04-K04-S11,Premium Sıvı Sabun Orta,8690000569236,Şişe,7,70,77,98
E2,Kişisel Bakım,4,4,12,E2-M04-K04-S12,Emigro Sıvı Sabun Orta,8690000569243,Şişe,7,77,84,98
E2,Kişisel Bakım,4,4,13,E2-M04-K04-S13,Anadolu Sıvı Sabun Orta,8690000569250,Şişe,7,84,91,98
E2,Kişisel Bakım,4,4,14,E2-M04-K04-S14,Bereket Sıvı Sabun Orta,8690000569267,Şişe,7,91,98,98
E2,Kişisel Bakım,4,5,1,E2-M04-K05-S01,Emigro Sıvı Sabun Küçük,8690000569274,Şişe,6,0,6,96
E2,Kişisel Bakım,4,5,2,E2-M04-K05-S02,Anadolu Sıvı Sabun Küçük,8690000569281,Şişe,6,6,12,96
E2,Kişisel Bakım,4,5,3,E2-M04-K05-S03,Bereket Sıvı Sabun Küçük,8690000569298,Şişe,6,12,18,96
E2,Kişisel Bakım,4,5,4,E2-M04-K05-S04,Marmara Sıvı Sabun Küçük,8690000569304,Şişe,6,18,24,96
E2,Kişisel Bakım,4,5,5,E2-M04-K05-S05,Usta Sıvı Sabun Küçük,8690000569311,Şişe,6,24,30,96
E2,Kişisel Bakım,4,5,6,E2-M04-K05-S06,Lezzet Sıvı Sabun Küçük,8690000569328,Şişe,6,30,36,96
E2,Kişisel Bakım,4,5,7,E2-M04-K05-S07,Günlük Sıvı Sabun Küçük,8690000569335,Şişe,6,36,42,96
E2,Kişisel Bakım,4,5,8,E2-M04-K05-S08,Evimiz Sıvı Sabun Küçük,8690000569342,Şişe,6,42,48,96
E2,Kişisel Bakım,4,5,9,E2-M04-K05-S09,Doğa Sıvı Sabun Küçük,8690000569359,Şişe,6,48,54,96
E2,Kişisel Bakım,4,5,10,E2-M04-K05-S10,Premium Sıvı Sabun Küçük,8690000569366,Şişe,6,54,60,96
E2,Kişisel Bakım,4,5,11,E2-M04-K05-S11,Emigro Sıvı Sabun Küçük,8690000569373,Şişe,6,60,66,96
E2,Kişisel Bakım,4,5,12,E2-M04-K05-S12,Anadolu Sıvı Sabun Küçük,8690000569380,Şişe,6,66,72,96
E2,Kişisel Bakım,4,5,13,E2-M04-K05-S13,Bereket Sıvı Sabun Küçük,8690000569397,Şişe,6,72,78,96
E2,Kişisel Bakım,4,5,14,E2-M04-K05-S14,Marmara Sıvı Sabun Küçük,8690000569403,Şişe,6,78,84,96
E2,Kişisel Bakım,4,5,15,E2-M04-K05-S15,Usta Sıvı Sabun Küçük,8690000569410,Şişe,6,84,90,96
E2,Kişisel Bakım,4,5,16,E2-M04-K05-S16,Lezzet Sıvı Sabun Küçük,8690000569427,Şişe,6,90,96,96
E2,Kişisel Bakım,4,6,1,E2-M04-K06-S01,Anadolu Sıvı Sabun Mini,8690000569434,Şişe,6,0,6,96
E2,Kişisel Bakım,4,6,2,E2-M04-K06-S02,Bereket Sıvı Sabun Mini,8690000569441,Şişe,6,6,12,96
E2,Kişisel Bakım,4,6,3,E2-M04-K06-S03,Marmara Sıvı Sabun Mini,8690000569458,Şişe,6,12,18,96
E2,Kişisel Bakım,4,6,4,E2-M04-K06-S04,Usta Sıvı Sabun Mini,8690000569465,Şişe,6,18,24,96
E2,Kişisel Bakım,4,6,5,E2-M04-K06-S05,Lezzet Sıvı Sabun Mini,8690000569472,Şişe,6,24,30,96
E2,Kişisel Bakım,4,6,6,E2-M04-K06-S06,Günlük Sıvı Sabun Mini,8690000569489,Şişe,6,30,36,96
E2,Kişisel Bakım,4,6,7,E2-M04-K06-S07,Evimiz Sıvı Sabun Mini,8690000569496,Şişe,6,36,42,96
E2,Kişisel Bakım,4,6,8,E2-M04-K06-S08,Doğa Sıvı Sabun Mini,8690000569502,Şişe,6,42,48,96
E2,Kişisel Bakım,4,6,9,E2-M04-K06-S09,Premium Sıvı Sabun Mini,8690000569519,Şişe,6,48,54,96
E2,Kişisel Bakım,4,6,10,E2-M04-K06-S10,Emigro Sıvı Sabun Mini,8690000569526,Şişe,6,54,60,96
E2,Kişisel Bakım,4,6,11,E2-M04-K06-S11,Anadolu Sıvı Sabun Mini,8690000569533,Şişe,6,60,66,96
E2,Kişisel Bakım,4,6,12,E2-M04-K06-S12,Bereket Sıvı Sabun Mini,8690000569540,Şişe,6,66,72,96
E2,Kişisel Bakım,4,6,13,E2-M04-K06-S13,Marmara Sıvı Sabun Mini,8690000569557,Şişe,6,72,78,96
E2,Kişisel Bakım,4,6,14,E2-M04-K06-S14,Usta Sıvı Sabun Mini,8690000569564,Şişe,6,78,84,96
E2,Kişisel Bakım,4,6,15,E2-M04-K06-S15,Lezzet Sıvı Sabun Mini,8690000569571,Şişe,6,84,90,96
E2,Kişisel Bakım,4,6,16,E2-M04-K06-S16,Günlük Sıvı Sabun Mini,8690000569588,Şişe,6,90,96,96
E2,Kişisel Bakım,5,1,1,E2-M05-K01-S01,Evimiz Kalıp Sabun XL,8690000569595,Paket,8,0,8,96
E2,Kişisel Bakım,5,1,2,E2-M05-K01-S02,Doğa Kalıp Sabun XL,8690000569601,Paket,8,8,16,96
E2,Kişisel Bakım,5,1,3,E2-M05-K01-S03,Premium Kalıp Sabun XL,8690000569618,Paket,8,16,24,96
E2,Kişisel Bakım,5,1,4,E2-M05-K01-S04,Emigro Kalıp Sabun XL,8690000569625,Paket,8,24,32,96
E2,Kişisel Bakım,5,1,5,E2-M05-K01-S05,Anadolu Kalıp Sabun XL,8690000569632,Paket,8,32,40,96
E2,Kişisel Bakım,5,1,6,E2-M05-K01-S06,Bereket Kalıp Sabun XL,8690000569649,Paket,8,40,48,96
E2,Kişisel Bakım,5,1,7,E2-M05-K01-S07,Marmara Kalıp Sabun XL,8690000569656,Paket,8,48,56,96
E2,Kişisel Bakım,5,1,8,E2-M05-K01-S08,Usta Kalıp Sabun XL,8690000569663,Paket,8,56,64,96
E2,Kişisel Bakım,5,1,9,E2-M05-K01-S09,Lezzet Kalıp Sabun XL,8690000569670,Paket,8,64,72,96
E2,Kişisel Bakım,5,1,10,E2-M05-K01-S10,Günlük Kalıp Sabun XL,8690000569687,Paket,8,72,80,96
E2,Kişisel Bakım,5,1,11,E2-M05-K01-S11,Evimiz Kalıp Sabun XL,8690000569694,Paket,8,80,88,96
E2,Kişisel Bakım,5,1,12,E2-M05-K01-S12,Doğa Kalıp Sabun XL,8690000569700,Paket,8,88,96,96
E2,Kişisel Bakım,5,2,1,E2-M05-K02-S01,Doğa Kalıp Sabun Büyük,8690000569717,Paket,7,0,7,98
E2,Kişisel Bakım,5,2,2,E2-M05-K02-S02,Premium Kalıp Sabun Büyük,8690000569724,Paket,7,7,14,98
E2,Kişisel Bakım,5,2,3,E2-M05-K02-S03,Emigro Kalıp Sabun Büyük,8690000569731,Paket,7,14,21,98
E2,Kişisel Bakım,5,2,4,E2-M05-K02-S04,Anadolu Kalıp Sabun Büyük,8690000569748,Paket,7,21,28,98
E2,Kişisel Bakım,5,2,5,E2-M05-K02-S05,Bereket Kalıp Sabun Büyük,8690000569755,Paket,7,28,35,98
E2,Kişisel Bakım,5,2,6,E2-M05-K02-S06,Marmara Kalıp Sabun Büyük,8690000569762,Paket,7,35,42,98
E2,Kişisel Bakım,5,2,7,E2-M05-K02-S07,Usta Kalıp Sabun Büyük,8690000569779,Paket,7,42,49,98
E2,Kişisel Bakım,5,2,8,E2-M05-K02-S08,Lezzet Kalıp Sabun Büyük,8690000569786,Paket,7,49,56,98
E2,Kişisel Bakım,5,2,9,E2-M05-K02-S09,Günlük Kalıp Sabun Büyük,8690000569793,Paket,7,56,63,98
E2,Kişisel Bakım,5,2,10,E2-M05-K02-S10,Evimiz Kalıp Sabun Büyük,8690000569809,Paket,7,63,70,98
E2,Kişisel Bakım,5,2,11,E2-M05-K02-S11,Doğa Kalıp Sabun Büyük,8690000569816,Paket,7,70,77,98
E2,Kişisel Bakım,5,2,12,E2-M05-K02-S12,Premium Kalıp Sabun Büyük,8690000569823,Paket,7,77,84,98
E2,Kişisel Bakım,5,2,13,E2-M05-K02-S13,Emigro Kalıp Sabun Büyük,8690000569830,Paket,7,84,91,98
E2,Kişisel Bakım,5,2,14,E2-M05-K02-S14,Anadolu Kalıp Sabun Büyük,8690000569847,Paket,7,91,98,98
E2,Kişisel Bakım,5,3,1,E2-M05-K03-S01,Premium Kalıp Sabun Standart,8690000569854,Paket,6,0,6,96
E2,Kişisel Bakım,5,3,2,E2-M05-K03-S02,Emigro Kalıp Sabun Standart,8690000569861,Paket,6,6,12,96
E2,Kişisel Bakım,5,3,3,E2-M05-K03-S03,Anadolu Kalıp Sabun Standart,8690000569878,Paket,6,12,18,96
E2,Kişisel Bakım,5,3,4,E2-M05-K03-S04,Bereket Kalıp Sabun Standart,8690000569885,Paket,6,18,24,96
E2,Kişisel Bakım,5,3,5,E2-M05-K03-S05,Marmara Kalıp Sabun Standart,8690000569892,Paket,6,24,30,96
E2,Kişisel Bakım,5,3,6,E2-M05-K03-S06,Usta Kalıp Sabun Standart,8690000569908,Paket,6,30,36,96
E2,Kişisel Bakım,5,3,7,E2-M05-K03-S07,Lezzet Kalıp Sabun Standart,8690000569915,Paket,6,36,42,96
E2,Kişisel Bakım,5,3,8,E2-M05-K03-S08,Günlük Kalıp Sabun Standart,8690000569922,Paket,6,42,48,96
E2,Kişisel Bakım,5,3,9,E2-M05-K03-S09,Evimiz Kalıp Sabun Standart,8690000569939,Paket,6,48,54,96
E2,Kişisel Bakım,5,3,10,E2-M05-K03-S10,Doğa Kalıp Sabun Standart,8690000569946,Paket,6,54,60,96
E2,Kişisel Bakım,5,3,11,E2-M05-K03-S11,Premium Kalıp Sabun Standart,8690000569953,Paket,6,60,66,96
E2,Kişisel Bakım,5,3,12,E2-M05-K03-S12,Emigro Kalıp Sabun Standart,8690000569960,Paket,6,66,72,96
E2,Kişisel Bakım,5,3,13,E2-M05-K03-S13,Anadolu Kalıp Sabun Standart,8690000569977,Paket,6,72,78,96
E2,Kişisel Bakım,5,3,14,E2-M05-K03-S14,Bereket Kalıp Sabun Standart,8690000569984,Paket,6,78,84,96
E2,Kişisel Bakım,5,3,15,E2-M05-K03-S15,Marmara Kalıp Sabun Standart,8690000569991,Paket,6,84,90,96
E2,Kişisel Bakım,5,3,16,E2-M05-K03-S16,Usta Kalıp Sabun Standart,8690000570003,Paket,6,90,96,96
E2,Kişisel Bakım,5,4,1,E2-M05-K04-S01,Emigro Kalıp Sabun Orta,8690000570010,Paket,5,0,5,100
E2,Kişisel Bakım,5,4,2,E2-M05-K04-S02,Anadolu Kalıp Sabun Orta,8690000570027,Paket,5,5,10,100
E2,Kişisel Bakım,5,4,3,E2-M05-K04-S03,Bereket Kalıp Sabun Orta,8690000570034,Paket,5,10,15,100
E2,Kişisel Bakım,5,4,4,E2-M05-K04-S04,Marmara Kalıp Sabun Orta,8690000570041,Paket,5,15,20,100
E2,Kişisel Bakım,5,4,5,E2-M05-K04-S05,Usta Kalıp Sabun Orta,8690000570058,Paket,5,20,25,100
E2,Kişisel Bakım,5,4,6,E2-M05-K04-S06,Lezzet Kalıp Sabun Orta,8690000570065,Paket,5,25,30,100
E2,Kişisel Bakım,5,4,7,E2-M05-K04-S07,Günlük Kalıp Sabun Orta,8690000570072,Paket,5,30,35,100
E2,Kişisel Bakım,5,4,8,E2-M05-K04-S08,Evimiz Kalıp Sabun Orta,8690000570089,Paket,5,35,40,100
E2,Kişisel Bakım,5,4,9,E2-M05-K04-S09,Doğa Kalıp Sabun Orta,8690000570096,Paket,5,40,45,100
E2,Kişisel Bakım,5,4,10,E2-M05-K04-S10,Premium Kalıp Sabun Orta,8690000570102,Paket,5,45,50,100
E2,Kişisel Bakım,5,4,11,E2-M05-K04-S11,Emigro Kalıp Sabun Orta,8690000570119,Paket,5,50,55,100
E2,Kişisel Bakım,5,4,12,E2-M05-K04-S12,Anadolu Kalıp Sabun Orta,8690000570126,Paket,5,55,60,100
E2,Kişisel Bakım,5,4,13,E2-M05-K04-S13,Bereket Kalıp Sabun Orta,8690000570133,Paket,5,60,65,100
E2,Kişisel Bakım,5,4,14,E2-M05-K04-S14,Marmara Kalıp Sabun Orta,8690000570140,Paket,5,65,70,100
E2,Kişisel Bakım,5,4,15,E2-M05-K04-S15,Usta Kalıp Sabun Orta,8690000570157,Paket,5,70,75,100
E2,Kişisel Bakım,5,4,16,E2-M05-K04-S16,Lezzet Kalıp Sabun Orta,8690000570164,Paket,5,75,80,100
E2,Kişisel Bakım,5,4,17,E2-M05-K04-S17,Günlük Kalıp Sabun Orta,8690000570171,Paket,5,80,85,100
E2,Kişisel Bakım,5,4,18,E2-M05-K04-S18,Evimiz Kalıp Sabun Orta,8690000570188,Paket,5,85,90,100
E2,Kişisel Bakım,5,4,19,E2-M05-K04-S19,Doğa Kalıp Sabun Orta,8690000570195,Paket,5,90,95,100
E2,Kişisel Bakım,5,4,20,E2-M05-K04-S20,Premium Kalıp Sabun Orta,8690000570201,Paket,5,95,100,100
E2,Kişisel Bakım,5,5,1,E2-M05-K05-S01,Anadolu Kalıp Sabun Küçük,8690000570218,Paket,5,0,5,100
E2,Kişisel Bakım,5,5,2,E2-M05-K05-S02,Bereket Kalıp Sabun Küçük,8690000570225,Paket,5,5,10,100
E2,Kişisel Bakım,5,5,3,E2-M05-K05-S03,Marmara Kalıp Sabun Küçük,8690000570232,Paket,5,10,15,100
E2,Kişisel Bakım,5,5,4,E2-M05-K05-S04,Usta Kalıp Sabun Küçük,8690000570249,Paket,5,15,20,100
E2,Kişisel Bakım,5,5,5,E2-M05-K05-S05,Lezzet Kalıp Sabun Küçük,8690000570256,Paket,5,20,25,100
E2,Kişisel Bakım,5,5,6,E2-M05-K05-S06,Günlük Kalıp Sabun Küçük,8690000570263,Paket,5,25,30,100
E2,Kişisel Bakım,5,5,7,E2-M05-K05-S07,Evimiz Kalıp Sabun Küçük,8690000570270,Paket,5,30,35,100
E2,Kişisel Bakım,5,5,8,E2-M05-K05-S08,Doğa Kalıp Sabun Küçük,8690000570287,Paket,5,35,40,100
E2,Kişisel Bakım,5,5,9,E2-M05-K05-S09,Premium Kalıp Sabun Küçük,8690000570294,Paket,5,40,45,100
E2,Kişisel Bakım,5,5,10,E2-M05-K05-S10,Emigro Kalıp Sabun Küçük,8690000570300,Paket,5,45,50,100
E2,Kişisel Bakım,5,5,11,E2-M05-K05-S11,Anadolu Kalıp Sabun Küçük,8690000570317,Paket,5,50,55,100
E2,Kişisel Bakım,5,5,12,E2-M05-K05-S12,Bereket Kalıp Sabun Küçük,8690000570324,Paket,5,55,60,100
E2,Kişisel Bakım,5,5,13,E2-M05-K05-S13,Marmara Kalıp Sabun Küçük,8690000570331,Paket,5,60,65,100
E2,Kişisel Bakım,5,5,14,E2-M05-K05-S14,Usta Kalıp Sabun Küçük,8690000570348,Paket,5,65,70,100
E2,Kişisel Bakım,5,5,15,E2-M05-K05-S15,Lezzet Kalıp Sabun Küçük,8690000570355,Paket,5,70,75,100
E2,Kişisel Bakım,5,5,16,E2-M05-K05-S16,Günlük Kalıp Sabun Küçük,8690000570362,Paket,5,75,80,100
E2,Kişisel Bakım,5,5,17,E2-M05-K05-S17,Evimiz Kalıp Sabun Küçük,8690000570379,Paket,5,80,85,100
E2,Kişisel Bakım,5,5,18,E2-M05-K05-S18,Doğa Kalıp Sabun Küçük,8690000570386,Paket,5,85,90,100
E2,Kişisel Bakım,5,5,19,E2-M05-K05-S19,Premium Kalıp Sabun Küçük,8690000570393,Paket,5,90,95,100
E2,Kişisel Bakım,5,5,20,E2-M05-K05-S20,Emigro Kalıp Sabun Küçük,8690000570409,Paket,5,95,100,100
E2,Kişisel Bakım,5,6,1,E2-M05-K06-S01,Bereket Kalıp Sabun Mini,8690000570416,Paket,4,0,4,100
E2,Kişisel Bakım,5,6,2,E2-M05-K06-S02,Marmara Kalıp Sabun Mini,8690000570423,Paket,4,4,8,100
E2,Kişisel Bakım,5,6,3,E2-M05-K06-S03,Usta Kalıp Sabun Mini,8690000570430,Paket,4,8,12,100
E2,Kişisel Bakım,5,6,4,E2-M05-K06-S04,Lezzet Kalıp Sabun Mini,8690000570447,Paket,4,12,16,100
E2,Kişisel Bakım,5,6,5,E2-M05-K06-S05,Günlük Kalıp Sabun Mini,8690000570454,Paket,4,16,20,100
E2,Kişisel Bakım,5,6,6,E2-M05-K06-S06,Evimiz Kalıp Sabun Mini,8690000570461,Paket,4,20,24,100
E2,Kişisel Bakım,5,6,7,E2-M05-K06-S07,Doğa Kalıp Sabun Mini,8690000570478,Paket,4,24,28,100
E2,Kişisel Bakım,5,6,8,E2-M05-K06-S08,Premium Kalıp Sabun Mini,8690000570485,Paket,4,28,32,100
E2,Kişisel Bakım,5,6,9,E2-M05-K06-S09,Emigro Kalıp Sabun Mini,8690000570492,Paket,4,32,36,100
E2,Kişisel Bakım,5,6,10,E2-M05-K06-S10,Anadolu Kalıp Sabun Mini,8690000570508,Paket,4,36,40,100
E2,Kişisel Bakım,5,6,11,E2-M05-K06-S11,Bereket Kalıp Sabun Mini,8690000570515,Paket,4,40,44,100
E2,Kişisel Bakım,5,6,12,E2-M05-K06-S12,Marmara Kalıp Sabun Mini,8690000570522,Paket,4,44,48,100
E2,Kişisel Bakım,5,6,13,E2-M05-K06-S13,Usta Kalıp Sabun Mini,8690000570539,Paket,4,48,52,100
E2,Kişisel Bakım,5,6,14,E2-M05-K06-S14,Lezzet Kalıp Sabun Mini,8690000570546,Paket,4,52,56,100
E2,Kişisel Bakım,5,6,15,E2-M05-K06-S15,Günlük Kalıp Sabun Mini,8690000570553,Paket,4,56,60,100
E2,Kişisel Bakım,5,6,16,E2-M05-K06-S16,Evimiz Kalıp Sabun Mini,8690000570560,Paket,4,60,64,100
E2,Kişisel Bakım,5,6,17,E2-M05-K06-S17,Doğa Kalıp Sabun Mini,8690000570577,Paket,4,64,68,100
E2,Kişisel Bakım,5,6,18,E2-M05-K06-S18,Premium Kalıp Sabun Mini,8690000570584,Paket,4,68,72,100
E2,Kişisel Bakım,5,6,19,E2-M05-K06-S19,Emigro Kalıp Sabun Mini,8690000570591,Paket,4,72,76,100
E2,Kişisel Bakım,5,6,20,E2-M05-K06-S20,Anadolu Kalıp Sabun Mini,8690000570607,Paket,4,76,80,100
E2,Kişisel Bakım,5,6,21,E2-M05-K06-S21,Bereket Kalıp Sabun Mini,8690000570614,Paket,4,80,84,100
E2,Kişisel Bakım,5,6,22,E2-M05-K06-S22,Marmara Kalıp Sabun Mini,8690000570621,Paket,4,84,88,100
E2,Kişisel Bakım,5,6,23,E2-M05-K06-S23,Usta Kalıp Sabun Mini,8690000570638,Paket,4,88,92,100
E2,Kişisel Bakım,5,6,24,E2-M05-K06-S24,Lezzet Kalıp Sabun Mini,8690000570645,Paket,4,92,96,100
E2,Kişisel Bakım,5,6,25,E2-M05-K06-S25,Günlük Kalıp Sabun Mini,8690000570652,Paket,4,96,100,100
E2,Kişisel Bakım,6,1,1,E2-M06-K01-S01,Doğa Diş Macunu XL,8690000570669,Adet,6,0,6,96
E2,Kişisel Bakım,6,1,2,E2-M06-K01-S02,Premium Diş Macunu XL,8690000570676,Adet,6,6,12,96
E2,Kişisel Bakım,6,1,3,E2-M06-K01-S03,Emigro Diş Macunu XL,8690000570683,Adet,6,12,18,96
E2,Kişisel Bakım,6,1,4,E2-M06-K01-S04,Anadolu Diş Macunu XL,8690000570690,Adet,6,18,24,96
E2,Kişisel Bakım,6,1,5,E2-M06-K01-S05,Bereket Diş Macunu XL,8690000570706,Adet,6,24,30,96
E2,Kişisel Bakım,6,1,6,E2-M06-K01-S06,Marmara Diş Macunu XL,8690000570713,Adet,6,30,36,96
E2,Kişisel Bakım,6,1,7,E2-M06-K01-S07,Usta Diş Macunu XL,8690000570720,Adet,6,36,42,96
E2,Kişisel Bakım,6,1,8,E2-M06-K01-S08,Lezzet Diş Macunu XL,8690000570737,Adet,6,42,48,96
E2,Kişisel Bakım,6,1,9,E2-M06-K01-S09,Günlük Diş Macunu XL,8690000570744,Adet,6,48,54,96
E2,Kişisel Bakım,6,1,10,E2-M06-K01-S10,Evimiz Diş Macunu XL,8690000570751,Adet,6,54,60,96
E2,Kişisel Bakım,6,1,11,E2-M06-K01-S11,Doğa Diş Macunu XL,8690000570768,Adet,6,60,66,96
E2,Kişisel Bakım,6,1,12,E2-M06-K01-S12,Premium Diş Macunu XL,8690000570775,Adet,6,66,72,96
E2,Kişisel Bakım,6,1,13,E2-M06-K01-S13,Emigro Diş Macunu XL,8690000570782,Adet,6,72,78,96
E2,Kişisel Bakım,6,1,14,E2-M06-K01-S14,Anadolu Diş Macunu XL,8690000570799,Adet,6,78,84,96
E2,Kişisel Bakım,6,1,15,E2-M06-K01-S15,Bereket Diş Macunu XL,8690000570805,Adet,6,84,90,96
E2,Kişisel Bakım,6,1,16,E2-M06-K01-S16,Marmara Diş Macunu XL,8690000570812,Adet,6,90,96,96
E2,Kişisel Bakım,6,2,1,E2-M06-K02-S01,Premium Diş Macunu Büyük,8690000570829,Adet,6,0,6,96
E2,Kişisel Bakım,6,2,2,E2-M06-K02-S02,Emigro Diş Macunu Büyük,8690000570836,Adet,6,6,12,96
E2,Kişisel Bakım,6,2,3,E2-M06-K02-S03,Anadolu Diş Macunu Büyük,8690000570843,Adet,6,12,18,96
E2,Kişisel Bakım,6,2,4,E2-M06-K02-S04,Bereket Diş Macunu Büyük,8690000570850,Adet,6,18,24,96
E2,Kişisel Bakım,6,2,5,E2-M06-K02-S05,Marmara Diş Macunu Büyük,8690000570867,Adet,6,24,30,96
E2,Kişisel Bakım,6,2,6,E2-M06-K02-S06,Usta Diş Macunu Büyük,8690000570874,Adet,6,30,36,96
E2,Kişisel Bakım,6,2,7,E2-M06-K02-S07,Lezzet Diş Macunu Büyük,8690000570881,Adet,6,36,42,96
E2,Kişisel Bakım,6,2,8,E2-M06-K02-S08,Günlük Diş Macunu Büyük,8690000570898,Adet,6,42,48,96
E2,Kişisel Bakım,6,2,9,E2-M06-K02-S09,Evimiz Diş Macunu Büyük,8690000570904,Adet,6,48,54,96
E2,Kişisel Bakım,6,2,10,E2-M06-K02-S10,Doğa Diş Macunu Büyük,8690000570911,Adet,6,54,60,96
E2,Kişisel Bakım,6,2,11,E2-M06-K02-S11,Premium Diş Macunu Büyük,8690000570928,Adet,6,60,66,96
E2,Kişisel Bakım,6,2,12,E2-M06-K02-S12,Emigro Diş Macunu Büyük,8690000570935,Adet,6,66,72,96
E2,Kişisel Bakım,6,2,13,E2-M06-K02-S13,Anadolu Diş Macunu Büyük,8690000570942,Adet,6,72,78,96
E2,Kişisel Bakım,6,2,14,E2-M06-K02-S14,Bereket Diş Macunu Büyük,8690000570959,Adet,6,78,84,96
E2,Kişisel Bakım,6,2,15,E2-M06-K02-S15,Marmara Diş Macunu Büyük,8690000570966,Adet,6,84,90,96
E2,Kişisel Bakım,6,2,16,E2-M06-K02-S16,Usta Diş Macunu Büyük,8690000570973,Adet,6,90,96,96
E2,Kişisel Bakım,6,3,1,E2-M06-K03-S01,Emigro Diş Macunu Standart,8690000570980,Adet,5,0,5,100
E2,Kişisel Bakım,6,3,2,E2-M06-K03-S02,Anadolu Diş Macunu Standart,8690000570997,Adet,5,5,10,100
E2,Kişisel Bakım,6,3,3,E2-M06-K03-S03,Bereket Diş Macunu Standart,8690000571000,Adet,5,10,15,100
E2,Kişisel Bakım,6,3,4,E2-M06-K03-S04,Marmara Diş Macunu Standart,8690000571017,Adet,5,15,20,100
E2,Kişisel Bakım,6,3,5,E2-M06-K03-S05,Usta Diş Macunu Standart,8690000571024,Adet,5,20,25,100
E2,Kişisel Bakım,6,3,6,E2-M06-K03-S06,Lezzet Diş Macunu Standart,8690000571031,Adet,5,25,30,100
E2,Kişisel Bakım,6,3,7,E2-M06-K03-S07,Günlük Diş Macunu Standart,8690000571048,Adet,5,30,35,100
E2,Kişisel Bakım,6,3,8,E2-M06-K03-S08,Evimiz Diş Macunu Standart,8690000571055,Adet,5,35,40,100
E2,Kişisel Bakım,6,3,9,E2-M06-K03-S09,Doğa Diş Macunu Standart,8690000571062,Adet,5,40,45,100
E2,Kişisel Bakım,6,3,10,E2-M06-K03-S10,Premium Diş Macunu Standart,8690000571079,Adet,5,45,50,100
E2,Kişisel Bakım,6,3,11,E2-M06-K03-S11,Emigro Diş Macunu Standart,8690000571086,Adet,5,50,55,100
E2,Kişisel Bakım,6,3,12,E2-M06-K03-S12,Anadolu Diş Macunu Standart,8690000571093,Adet,5,55,60,100
E2,Kişisel Bakım,6,3,13,E2-M06-K03-S13,Bereket Diş Macunu Standart,8690000571109,Adet,5,60,65,100
E2,Kişisel Bakım,6,3,14,E2-M06-K03-S14,Marmara Diş Macunu Standart,8690000571116,Adet,5,65,70,100
E2,Kişisel Bakım,6,3,15,E2-M06-K03-S15,Usta Diş Macunu Standart,8690000571123,Adet,5,70,75,100
E2,Kişisel Bakım,6,3,16,E2-M06-K03-S16,Lezzet Diş Macunu Standart,8690000571130,Adet,5,75,80,100
E2,Kişisel Bakım,6,3,17,E2-M06-K03-S17,Günlük Diş Macunu Standart,8690000571147,Adet,5,80,85,100
E2,Kişisel Bakım,6,3,18,E2-M06-K03-S18,Evimiz Diş Macunu Standart,8690000571154,Adet,5,85,90,100
E2,Kişisel Bakım,6,3,19,E2-M06-K03-S19,Doğa Diş Macunu Standart,8690000571161,Adet,5,90,95,100
E2,Kişisel Bakım,6,3,20,E2-M06-K03-S20,Premium Diş Macunu Standart,8690000571178,Adet,5,95,100,100
E2,Kişisel Bakım,6,4,1,E2-M06-K04-S01,Anadolu Diş Macunu Orta,8690000571185,Adet,4,0,4,100
E2,Kişisel Bakım,6,4,2,E2-M06-K04-S02,Bereket Diş Macunu Orta,8690000571192,Adet,4,4,8,100
E2,Kişisel Bakım,6,4,3,E2-M06-K04-S03,Marmara Diş Macunu Orta,8690000571208,Adet,4,8,12,100
E2,Kişisel Bakım,6,4,4,E2-M06-K04-S04,Usta Diş Macunu Orta,8690000571215,Adet,4,12,16,100
E2,Kişisel Bakım,6,4,5,E2-M06-K04-S05,Lezzet Diş Macunu Orta,8690000571222,Adet,4,16,20,100
E2,Kişisel Bakım,6,4,6,E2-M06-K04-S06,Günlük Diş Macunu Orta,8690000571239,Adet,4,20,24,100
E2,Kişisel Bakım,6,4,7,E2-M06-K04-S07,Evimiz Diş Macunu Orta,8690000571246,Adet,4,24,28,100
E2,Kişisel Bakım,6,4,8,E2-M06-K04-S08,Doğa Diş Macunu Orta,8690000571253,Adet,4,28,32,100
E2,Kişisel Bakım,6,4,9,E2-M06-K04-S09,Premium Diş Macunu Orta,8690000571260,Adet,4,32,36,100
E2,Kişisel Bakım,6,4,10,E2-M06-K04-S10,Emigro Diş Macunu Orta,8690000571277,Adet,4,36,40,100
E2,Kişisel Bakım,6,4,11,E2-M06-K04-S11,Anadolu Diş Macunu Orta,8690000571284,Adet,4,40,44,100
E2,Kişisel Bakım,6,4,12,E2-M06-K04-S12,Bereket Diş Macunu Orta,8690000571291,Adet,4,44,48,100
E2,Kişisel Bakım,6,4,13,E2-M06-K04-S13,Marmara Diş Macunu Orta,8690000571307,Adet,4,48,52,100
E2,Kişisel Bakım,6,4,14,E2-M06-K04-S14,Usta Diş Macunu Orta,8690000571314,Adet,4,52,56,100
E2,Kişisel Bakım,6,4,15,E2-M06-K04-S15,Lezzet Diş Macunu Orta,8690000571321,Adet,4,56,60,100
E2,Kişisel Bakım,6,4,16,E2-M06-K04-S16,Günlük Diş Macunu Orta,8690000571338,Adet,4,60,64,100
E2,Kişisel Bakım,6,4,17,E2-M06-K04-S17,Evimiz Diş Macunu Orta,8690000571345,Adet,4,64,68,100
E2,Kişisel Bakım,6,4,18,E2-M06-K04-S18,Doğa Diş Macunu Orta,8690000571352,Adet,4,68,72,100
E2,Kişisel Bakım,6,4,19,E2-M06-K04-S19,Premium Diş Macunu Orta,8690000571369,Adet,4,72,76,100
E2,Kişisel Bakım,6,4,20,E2-M06-K04-S20,Emigro Diş Macunu Orta,8690000571376,Adet,4,76,80,100
E2,Kişisel Bakım,6,4,21,E2-M06-K04-S21,Anadolu Diş Macunu Orta,8690000571383,Adet,4,80,84,100
E2,Kişisel Bakım,6,4,22,E2-M06-K04-S22,Bereket Diş Macunu Orta,8690000571390,Adet,4,84,88,100
E2,Kişisel Bakım,6,4,23,E2-M06-K04-S23,Marmara Diş Macunu Orta,8690000571406,Adet,4,88,92,100
E2,Kişisel Bakım,6,4,24,E2-M06-K04-S24,Usta Diş Macunu Orta,8690000571413,Adet,4,92,96,100
E2,Kişisel Bakım,6,4,25,E2-M06-K04-S25,Lezzet Diş Macunu Orta,8690000571420,Adet,4,96,100,100
E2,Kişisel Bakım,6,5,1,E2-M06-K05-S01,Bereket Diş Macunu Küçük,8690000571437,Adet,4,0,4,100
E2,Kişisel Bakım,6,5,2,E2-M06-K05-S02,Marmara Diş Macunu Küçük,8690000571444,Adet,4,4,8,100
E2,Kişisel Bakım,6,5,3,E2-M06-K05-S03,Usta Diş Macunu Küçük,8690000571451,Adet,4,8,12,100
E2,Kişisel Bakım,6,5,4,E2-M06-K05-S04,Lezzet Diş Macunu Küçük,8690000571468,Adet,4,12,16,100
E2,Kişisel Bakım,6,5,5,E2-M06-K05-S05,Günlük Diş Macunu Küçük,8690000571475,Adet,4,16,20,100
E2,Kişisel Bakım,6,5,6,E2-M06-K05-S06,Evimiz Diş Macunu Küçük,8690000571482,Adet,4,20,24,100
E2,Kişisel Bakım,6,5,7,E2-M06-K05-S07,Doğa Diş Macunu Küçük,8690000571499,Adet,4,24,28,100
E2,Kişisel Bakım,6,5,8,E2-M06-K05-S08,Premium Diş Macunu Küçük,8690000571505,Adet,4,28,32,100
E2,Kişisel Bakım,6,5,9,E2-M06-K05-S09,Emigro Diş Macunu Küçük,8690000571512,Adet,4,32,36,100
E2,Kişisel Bakım,6,5,10,E2-M06-K05-S10,Anadolu Diş Macunu Küçük,8690000571529,Adet,4,36,40,100
E2,Kişisel Bakım,6,5,11,E2-M06-K05-S11,Bereket Diş Macunu Küçük,8690000571536,Adet,4,40,44,100
E2,Kişisel Bakım,6,5,12,E2-M06-K05-S12,Marmara Diş Macunu Küçük,8690000571543,Adet,4,44,48,100
E2,Kişisel Bakım,6,5,13,E2-M06-K05-S13,Usta Diş Macunu Küçük,8690000571550,Adet,4,48,52,100
E2,Kişisel Bakım,6,5,14,E2-M06-K05-S14,Lezzet Diş Macunu Küçük,8690000571567,Adet,4,52,56,100
E2,Kişisel Bakım,6,5,15,E2-M06-K05-S15,Günlük Diş Macunu Küçük,8690000571574,Adet,4,56,60,100
E2,Kişisel Bakım,6,5,16,E2-M06-K05-S16,Evimiz Diş Macunu Küçük,8690000571581,Adet,4,60,64,100
E2,Kişisel Bakım,6,5,17,E2-M06-K05-S17,Doğa Diş Macunu Küçük,8690000571598,Adet,4,64,68,100
E2,Kişisel Bakım,6,5,18,E2-M06-K05-S18,Premium Diş Macunu Küçük,8690000571604,Adet,4,68,72,100
E2,Kişisel Bakım,6,5,19,E2-M06-K05-S19,Emigro Diş Macunu Küçük,8690000571611,Adet,4,72,76,100
E2,Kişisel Bakım,6,5,20,E2-M06-K05-S20,Anadolu Diş Macunu Küçük,8690000571628,Adet,4,76,80,100
E2,Kişisel Bakım,6,5,21,E2-M06-K05-S21,Bereket Diş Macunu Küçük,8690000571635,Adet,4,80,84,100
E2,Kişisel Bakım,6,5,22,E2-M06-K05-S22,Marmara Diş Macunu Küçük,8690000571642,Adet,4,84,88,100
E2,Kişisel Bakım,6,5,23,E2-M06-K05-S23,Usta Diş Macunu Küçük,8690000571659,Adet,4,88,92,100
E2,Kişisel Bakım,6,5,24,E2-M06-K05-S24,Lezzet Diş Macunu Küçük,8690000571666,Adet,4,92,96,100
E2,Kişisel Bakım,6,5,25,E2-M06-K05-S25,Günlük Diş Macunu Küçük,8690000571673,Adet,4,96,100,100
E2,Kişisel Bakım,6,6,1,E2-M06-K06-S01,Marmara Diş Macunu Mini,8690000571680,Adet,4,0,4,100
E2,Kişisel Bakım,6,6,2,E2-M06-K06-S02,Usta Diş Macunu Mini,8690000571697,Adet,4,4,8,100
E2,Kişisel Bakım,6,6,3,E2-M06-K06-S03,Lezzet Diş Macunu Mini,8690000571703,Adet,4,8,12,100
E2,Kişisel Bakım,6,6,4,E2-M06-K06-S04,Günlük Diş Macunu Mini,8690000571710,Adet,4,12,16,100
E2,Kişisel Bakım,6,6,5,E2-M06-K06-S05,Evimiz Diş Macunu Mini,8690000571727,Adet,4,16,20,100
E2,Kişisel Bakım,6,6,6,E2-M06-K06-S06,Doğa Diş Macunu Mini,8690000571734,Adet,4,20,24,100
E2,Kişisel Bakım,6,6,7,E2-M06-K06-S07,Premium Diş Macunu Mini,8690000571741,Adet,4,24,28,100
E2,Kişisel Bakım,6,6,8,E2-M06-K06-S08,Emigro Diş Macunu Mini,8690000571758,Adet,4,28,32,100
E2,Kişisel Bakım,6,6,9,E2-M06-K06-S09,Anadolu Diş Macunu Mini,8690000571765,Adet,4,32,36,100
E2,Kişisel Bakım,6,6,10,E2-M06-K06-S10,Bereket Diş Macunu Mini,8690000571772,Adet,4,36,40,100
E2,Kişisel Bakım,6,6,11,E2-M06-K06-S11,Marmara Diş Macunu Mini,8690000571789,Adet,4,40,44,100
E2,Kişisel Bakım,6,6,12,E2-M06-K06-S12,Usta Diş Macunu Mini,8690000571796,Adet,4,44,48,100
E2,Kişisel Bakım,6,6,13,E2-M06-K06-S13,Lezzet Diş Macunu Mini,8690000571802,Adet,4,48,52,100
E2,Kişisel Bakım,6,6,14,E2-M06-K06-S14,Günlük Diş Macunu Mini,8690000571819,Adet,4,52,56,100
E2,Kişisel Bakım,6,6,15,E2-M06-K06-S15,Evimiz Diş Macunu Mini,8690000571826,Adet,4,56,60,100
E2,Kişisel Bakım,6,6,16,E2-M06-K06-S16,Doğa Diş Macunu Mini,8690000571833,Adet,4,60,64,100
E2,Kişisel Bakım,6,6,17,E2-M06-K06-S17,Premium Diş Macunu Mini,8690000571840,Adet,4,64,68,100
E2,Kişisel Bakım,6,6,18,E2-M06-K06-S18,Emigro Diş Macunu Mini,8690000571857,Adet,4,68,72,100
E2,Kişisel Bakım,6,6,19,E2-M06-K06-S19,Anadolu Diş Macunu Mini,8690000571864,Adet,4,72,76,100
E2,Kişisel Bakım,6,6,20,E2-M06-K06-S20,Bereket Diş Macunu Mini,8690000571871,Adet,4,76,80,100
E2,Kişisel Bakım,6,6,21,E2-M06-K06-S21,Marmara Diş Macunu Mini,8690000571888,Adet,4,80,84,100
E2,Kişisel Bakım,6,6,22,E2-M06-K06-S22,Usta Diş Macunu Mini,8690000571895,Adet,4,84,88,100
E2,Kişisel Bakım,6,6,23,E2-M06-K06-S23,Lezzet Diş Macunu Mini,8690000571901,Adet,4,88,92,100
E2,Kişisel Bakım,6,6,24,E2-M06-K06-S24,Günlük Diş Macunu Mini,8690000571918,Adet,4,92,96,100
E2,Kişisel Bakım,6,6,25,E2-M06-K06-S25,Evimiz Diş Macunu Mini,8690000571925,Adet,4,96,100,100
E2,Kişisel Bakım,7,1,1,E2-M07-K01-S01,Premium Diş Fırçası XL,8690000571932,Adet,5,0,5,100
E2,Kişisel Bakım,7,1,2,E2-M07-K01-S02,Emigro Diş Fırçası XL,8690000571949,Adet,5,5,10,100
E2,Kişisel Bakım,7,1,3,E2-M07-K01-S03,Anadolu Diş Fırçası XL,8690000571956,Adet,5,10,15,100
E2,Kişisel Bakım,7,1,4,E2-M07-K01-S04,Bereket Diş Fırçası XL,8690000571963,Adet,5,15,20,100
E2,Kişisel Bakım,7,1,5,E2-M07-K01-S05,Marmara Diş Fırçası XL,8690000571970,Adet,5,20,25,100
E2,Kişisel Bakım,7,1,6,E2-M07-K01-S06,Usta Diş Fırçası XL,8690000571987,Adet,5,25,30,100
E2,Kişisel Bakım,7,1,7,E2-M07-K01-S07,Lezzet Diş Fırçası XL,8690000571994,Adet,5,30,35,100
E2,Kişisel Bakım,7,1,8,E2-M07-K01-S08,Günlük Diş Fırçası XL,8690000572007,Adet,5,35,40,100
E2,Kişisel Bakım,7,1,9,E2-M07-K01-S09,Evimiz Diş Fırçası XL,8690000572014,Adet,5,40,45,100
E2,Kişisel Bakım,7,1,10,E2-M07-K01-S10,Doğa Diş Fırçası XL,8690000572021,Adet,5,45,50,100
E2,Kişisel Bakım,7,1,11,E2-M07-K01-S11,Premium Diş Fırçası XL,8690000572038,Adet,5,50,55,100
E2,Kişisel Bakım,7,1,12,E2-M07-K01-S12,Emigro Diş Fırçası XL,8690000572045,Adet,5,55,60,100
E2,Kişisel Bakım,7,1,13,E2-M07-K01-S13,Anadolu Diş Fırçası XL,8690000572052,Adet,5,60,65,100
E2,Kişisel Bakım,7,1,14,E2-M07-K01-S14,Bereket Diş Fırçası XL,8690000572069,Adet,5,65,70,100
E2,Kişisel Bakım,7,1,15,E2-M07-K01-S15,Marmara Diş Fırçası XL,8690000572076,Adet,5,70,75,100
E2,Kişisel Bakım,7,1,16,E2-M07-K01-S16,Usta Diş Fırçası XL,8690000572083,Adet,5,75,80,100
E2,Kişisel Bakım,7,1,17,E2-M07-K01-S17,Lezzet Diş Fırçası XL,8690000572090,Adet,5,80,85,100
E2,Kişisel Bakım,7,1,18,E2-M07-K01-S18,Günlük Diş Fırçası XL,8690000572106,Adet,5,85,90,100
E2,Kişisel Bakım,7,1,19,E2-M07-K01-S19,Evimiz Diş Fırçası XL,8690000572113,Adet,5,90,95,100
E2,Kişisel Bakım,7,1,20,E2-M07-K01-S20,Doğa Diş Fırçası XL,8690000572120,Adet,5,95,100,100
E2,Kişisel Bakım,7,2,1,E2-M07-K02-S01,Emigro Diş Fırçası Büyük,8690000572137,Adet,5,0,5,100
E2,Kişisel Bakım,7,2,2,E2-M07-K02-S02,Anadolu Diş Fırçası Büyük,8690000572144,Adet,5,5,10,100
E2,Kişisel Bakım,7,2,3,E2-M07-K02-S03,Bereket Diş Fırçası Büyük,8690000572151,Adet,5,10,15,100
E2,Kişisel Bakım,7,2,4,E2-M07-K02-S04,Marmara Diş Fırçası Büyük,8690000572168,Adet,5,15,20,100
E2,Kişisel Bakım,7,2,5,E2-M07-K02-S05,Usta Diş Fırçası Büyük,8690000572175,Adet,5,20,25,100
E2,Kişisel Bakım,7,2,6,E2-M07-K02-S06,Lezzet Diş Fırçası Büyük,8690000572182,Adet,5,25,30,100
E2,Kişisel Bakım,7,2,7,E2-M07-K02-S07,Günlük Diş Fırçası Büyük,8690000572199,Adet,5,30,35,100
E2,Kişisel Bakım,7,2,8,E2-M07-K02-S08,Evimiz Diş Fırçası Büyük,8690000572205,Adet,5,35,40,100
E2,Kişisel Bakım,7,2,9,E2-M07-K02-S09,Doğa Diş Fırçası Büyük,8690000572212,Adet,5,40,45,100
E2,Kişisel Bakım,7,2,10,E2-M07-K02-S10,Premium Diş Fırçası Büyük,8690000572229,Adet,5,45,50,100
E2,Kişisel Bakım,7,2,11,E2-M07-K02-S11,Emigro Diş Fırçası Büyük,8690000572236,Adet,5,50,55,100
E2,Kişisel Bakım,7,2,12,E2-M07-K02-S12,Anadolu Diş Fırçası Büyük,8690000572243,Adet,5,55,60,100
E2,Kişisel Bakım,7,2,13,E2-M07-K02-S13,Bereket Diş Fırçası Büyük,8690000572250,Adet,5,60,65,100
E2,Kişisel Bakım,7,2,14,E2-M07-K02-S14,Marmara Diş Fırçası Büyük,8690000572267,Adet,5,65,70,100
E2,Kişisel Bakım,7,2,15,E2-M07-K02-S15,Usta Diş Fırçası Büyük,8690000572274,Adet,5,70,75,100
E2,Kişisel Bakım,7,2,16,E2-M07-K02-S16,Lezzet Diş Fırçası Büyük,8690000572281,Adet,5,75,80,100
E2,Kişisel Bakım,7,2,17,E2-M07-K02-S17,Günlük Diş Fırçası Büyük,8690000572298,Adet,5,80,85,100
E2,Kişisel Bakım,7,2,18,E2-M07-K02-S18,Evimiz Diş Fırçası Büyük,8690000572304,Adet,5,85,90,100
E2,Kişisel Bakım,7,2,19,E2-M07-K02-S19,Doğa Diş Fırçası Büyük,8690000572311,Adet,5,90,95,100
E2,Kişisel Bakım,7,2,20,E2-M07-K02-S20,Premium Diş Fırçası Büyük,8690000572328,Adet,5,95,100,100
E2,Kişisel Bakım,7,3,1,E2-M07-K03-S01,Anadolu Diş Fırçası Standart,8690000572335,Adet,4,0,4,100
E2,Kişisel Bakım,7,3,2,E2-M07-K03-S02,Bereket Diş Fırçası Standart,8690000572342,Adet,4,4,8,100
E2,Kişisel Bakım,7,3,3,E2-M07-K03-S03,Marmara Diş Fırçası Standart,8690000572359,Adet,4,8,12,100
E2,Kişisel Bakım,7,3,4,E2-M07-K03-S04,Usta Diş Fırçası Standart,8690000572366,Adet,4,12,16,100
E2,Kişisel Bakım,7,3,5,E2-M07-K03-S05,Lezzet Diş Fırçası Standart,8690000572373,Adet,4,16,20,100
E2,Kişisel Bakım,7,3,6,E2-M07-K03-S06,Günlük Diş Fırçası Standart,8690000572380,Adet,4,20,24,100
E2,Kişisel Bakım,7,3,7,E2-M07-K03-S07,Evimiz Diş Fırçası Standart,8690000572397,Adet,4,24,28,100
E2,Kişisel Bakım,7,3,8,E2-M07-K03-S08,Doğa Diş Fırçası Standart,8690000572403,Adet,4,28,32,100
E2,Kişisel Bakım,7,3,9,E2-M07-K03-S09,Premium Diş Fırçası Standart,8690000572410,Adet,4,32,36,100
E2,Kişisel Bakım,7,3,10,E2-M07-K03-S10,Emigro Diş Fırçası Standart,8690000572427,Adet,4,36,40,100
E2,Kişisel Bakım,7,3,11,E2-M07-K03-S11,Anadolu Diş Fırçası Standart,8690000572434,Adet,4,40,44,100
E2,Kişisel Bakım,7,3,12,E2-M07-K03-S12,Bereket Diş Fırçası Standart,8690000572441,Adet,4,44,48,100
E2,Kişisel Bakım,7,3,13,E2-M07-K03-S13,Marmara Diş Fırçası Standart,8690000572458,Adet,4,48,52,100
E2,Kişisel Bakım,7,3,14,E2-M07-K03-S14,Usta Diş Fırçası Standart,8690000572465,Adet,4,52,56,100
E2,Kişisel Bakım,7,3,15,E2-M07-K03-S15,Lezzet Diş Fırçası Standart,8690000572472,Adet,4,56,60,100
E2,Kişisel Bakım,7,3,16,E2-M07-K03-S16,Günlük Diş Fırçası Standart,8690000572489,Adet,4,60,64,100
E2,Kişisel Bakım,7,3,17,E2-M07-K03-S17,Evimiz Diş Fırçası Standart,8690000572496,Adet,4,64,68,100
E2,Kişisel Bakım,7,3,18,E2-M07-K03-S18,Doğa Diş Fırçası Standart,8690000572502,Adet,4,68,72,100
E2,Kişisel Bakım,7,3,19,E2-M07-K03-S19,Premium Diş Fırçası Standart,8690000572519,Adet,4,72,76,100
E2,Kişisel Bakım,7,3,20,E2-M07-K03-S20,Emigro Diş Fırçası Standart,8690000572526,Adet,4,76,80,100
E2,Kişisel Bakım,7,3,21,E2-M07-K03-S21,Anadolu Diş Fırçası Standart,8690000572533,Adet,4,80,84,100
E2,Kişisel Bakım,7,3,22,E2-M07-K03-S22,Bereket Diş Fırçası Standart,8690000572540,Adet,4,84,88,100
E2,Kişisel Bakım,7,3,23,E2-M07-K03-S23,Marmara Diş Fırçası Standart,8690000572557,Adet,4,88,92,100
E2,Kişisel Bakım,7,3,24,E2-M07-K03-S24,Usta Diş Fırçası Standart,8690000572564,Adet,4,92,96,100
E2,Kişisel Bakım,7,3,25,E2-M07-K03-S25,Lezzet Diş Fırçası Standart,8690000572571,Adet,4,96,100,100
E2,Kişisel Bakım,7,4,1,E2-M07-K04-S01,Bereket Diş Fırçası Orta,8690000572588,Adet,4,0,4,100
E2,Kişisel Bakım,7,4,2,E2-M07-K04-S02,Marmara Diş Fırçası Orta,8690000572595,Adet,4,4,8,100
E2,Kişisel Bakım,7,4,3,E2-M07-K04-S03,Usta Diş Fırçası Orta,8690000572601,Adet,4,8,12,100
E2,Kişisel Bakım,7,4,4,E2-M07-K04-S04,Lezzet Diş Fırçası Orta,8690000572618,Adet,4,12,16,100
E2,Kişisel Bakım,7,4,5,E2-M07-K04-S05,Günlük Diş Fırçası Orta,8690000572625,Adet,4,16,20,100
E2,Kişisel Bakım,7,4,6,E2-M07-K04-S06,Evimiz Diş Fırçası Orta,8690000572632,Adet,4,20,24,100
E2,Kişisel Bakım,7,4,7,E2-M07-K04-S07,Doğa Diş Fırçası Orta,8690000572649,Adet,4,24,28,100
E2,Kişisel Bakım,7,4,8,E2-M07-K04-S08,Premium Diş Fırçası Orta,8690000572656,Adet,4,28,32,100
E2,Kişisel Bakım,7,4,9,E2-M07-K04-S09,Emigro Diş Fırçası Orta,8690000572663,Adet,4,32,36,100
E2,Kişisel Bakım,7,4,10,E2-M07-K04-S10,Anadolu Diş Fırçası Orta,8690000572670,Adet,4,36,40,100
E2,Kişisel Bakım,7,4,11,E2-M07-K04-S11,Bereket Diş Fırçası Orta,8690000572687,Adet,4,40,44,100
E2,Kişisel Bakım,7,4,12,E2-M07-K04-S12,Marmara Diş Fırçası Orta,8690000572694,Adet,4,44,48,100
E2,Kişisel Bakım,7,4,13,E2-M07-K04-S13,Usta Diş Fırçası Orta,8690000572700,Adet,4,48,52,100
E2,Kişisel Bakım,7,4,14,E2-M07-K04-S14,Lezzet Diş Fırçası Orta,8690000572717,Adet,4,52,56,100
E2,Kişisel Bakım,7,4,15,E2-M07-K04-S15,Günlük Diş Fırçası Orta,8690000572724,Adet,4,56,60,100
E2,Kişisel Bakım,7,4,16,E2-M07-K04-S16,Evimiz Diş Fırçası Orta,8690000572731,Adet,4,60,64,100
E2,Kişisel Bakım,7,4,17,E2-M07-K04-S17,Doğa Diş Fırçası Orta,8690000572748,Adet,4,64,68,100
E2,Kişisel Bakım,7,4,18,E2-M07-K04-S18,Premium Diş Fırçası Orta,8690000572755,Adet,4,68,72,100
E2,Kişisel Bakım,7,4,19,E2-M07-K04-S19,Emigro Diş Fırçası Orta,8690000572762,Adet,4,72,76,100
E2,Kişisel Bakım,7,4,20,E2-M07-K04-S20,Anadolu Diş Fırçası Orta,8690000572779,Adet,4,76,80,100
E2,Kişisel Bakım,7,4,21,E2-M07-K04-S21,Bereket Diş Fırçası Orta,8690000572786,Adet,4,80,84,100
E2,Kişisel Bakım,7,4,22,E2-M07-K04-S22,Marmara Diş Fırçası Orta,8690000572793,Adet,4,84,88,100
E2,Kişisel Bakım,7,4,23,E2-M07-K04-S23,Usta Diş Fırçası Orta,8690000572809,Adet,4,88,92,100
E2,Kişisel Bakım,7,4,24,E2-M07-K04-S24,Lezzet Diş Fırçası Orta,8690000572816,Adet,4,92,96,100
E2,Kişisel Bakım,7,4,25,E2-M07-K04-S25,Günlük Diş Fırçası Orta,8690000572823,Adet,4,96,100,100
E2,Kişisel Bakım,7,5,1,E2-M07-K05-S01,Marmara Diş Fırçası Küçük,8690000572830,Adet,4,0,4,100
E2,Kişisel Bakım,7,5,2,E2-M07-K05-S02,Usta Diş Fırçası Küçük,8690000572847,Adet,4,4,8,100
E2,Kişisel Bakım,7,5,3,E2-M07-K05-S03,Lezzet Diş Fırçası Küçük,8690000572854,Adet,4,8,12,100
E2,Kişisel Bakım,7,5,4,E2-M07-K05-S04,Günlük Diş Fırçası Küçük,8690000572861,Adet,4,12,16,100
E2,Kişisel Bakım,7,5,5,E2-M07-K05-S05,Evimiz Diş Fırçası Küçük,8690000572878,Adet,4,16,20,100
E2,Kişisel Bakım,7,5,6,E2-M07-K05-S06,Doğa Diş Fırçası Küçük,8690000572885,Adet,4,20,24,100
E2,Kişisel Bakım,7,5,7,E2-M07-K05-S07,Premium Diş Fırçası Küçük,8690000572892,Adet,4,24,28,100
E2,Kişisel Bakım,7,5,8,E2-M07-K05-S08,Emigro Diş Fırçası Küçük,8690000572908,Adet,4,28,32,100
E2,Kişisel Bakım,7,5,9,E2-M07-K05-S09,Anadolu Diş Fırçası Küçük,8690000572915,Adet,4,32,36,100
E2,Kişisel Bakım,7,5,10,E2-M07-K05-S10,Bereket Diş Fırçası Küçük,8690000572922,Adet,4,36,40,100
E2,Kişisel Bakım,7,5,11,E2-M07-K05-S11,Marmara Diş Fırçası Küçük,8690000572939,Adet,4,40,44,100
E2,Kişisel Bakım,7,5,12,E2-M07-K05-S12,Usta Diş Fırçası Küçük,8690000572946,Adet,4,44,48,100
E2,Kişisel Bakım,7,5,13,E2-M07-K05-S13,Lezzet Diş Fırçası Küçük,8690000572953,Adet,4,48,52,100
E2,Kişisel Bakım,7,5,14,E2-M07-K05-S14,Günlük Diş Fırçası Küçük,8690000572960,Adet,4,52,56,100
E2,Kişisel Bakım,7,5,15,E2-M07-K05-S15,Evimiz Diş Fırçası Küçük,8690000572977,Adet,4,56,60,100
E2,Kişisel Bakım,7,5,16,E2-M07-K05-S16,Doğa Diş Fırçası Küçük,8690000572984,Adet,4,60,64,100
E2,Kişisel Bakım,7,5,17,E2-M07-K05-S17,Premium Diş Fırçası Küçük,8690000572991,Adet,4,64,68,100
E2,Kişisel Bakım,7,5,18,E2-M07-K05-S18,Emigro Diş Fırçası Küçük,8690000573004,Adet,4,68,72,100
E2,Kişisel Bakım,7,5,19,E2-M07-K05-S19,Anadolu Diş Fırçası Küçük,8690000573011,Adet,4,72,76,100
E2,Kişisel Bakım,7,5,20,E2-M07-K05-S20,Bereket Diş Fırçası Küçük,8690000573028,Adet,4,76,80,100
E2,Kişisel Bakım,7,5,21,E2-M07-K05-S21,Marmara Diş Fırçası Küçük,8690000573035,Adet,4,80,84,100
E2,Kişisel Bakım,7,5,22,E2-M07-K05-S22,Usta Diş Fırçası Küçük,8690000573042,Adet,4,84,88,100
E2,Kişisel Bakım,7,5,23,E2-M07-K05-S23,Lezzet Diş Fırçası Küçük,8690000573059,Adet,4,88,92,100
E2,Kişisel Bakım,7,5,24,E2-M07-K05-S24,Günlük Diş Fırçası Küçük,8690000573066,Adet,4,92,96,100
E2,Kişisel Bakım,7,5,25,E2-M07-K05-S25,Evimiz Diş Fırçası Küçük,8690000573073,Adet,4,96,100,100
E2,Kişisel Bakım,7,6,1,E2-M07-K06-S01,Usta Diş Fırçası Mini,8690000573080,Adet,4,0,4,100
E2,Kişisel Bakım,7,6,2,E2-M07-K06-S02,Lezzet Diş Fırçası Mini,8690000573097,Adet,4,4,8,100
E2,Kişisel Bakım,7,6,3,E2-M07-K06-S03,Günlük Diş Fırçası Mini,8690000573103,Adet,4,8,12,100
E2,Kişisel Bakım,7,6,4,E2-M07-K06-S04,Evimiz Diş Fırçası Mini,8690000573110,Adet,4,12,16,100
E2,Kişisel Bakım,7,6,5,E2-M07-K06-S05,Doğa Diş Fırçası Mini,8690000573127,Adet,4,16,20,100
E2,Kişisel Bakım,7,6,6,E2-M07-K06-S06,Premium Diş Fırçası Mini,8690000573134,Adet,4,20,24,100
E2,Kişisel Bakım,7,6,7,E2-M07-K06-S07,Emigro Diş Fırçası Mini,8690000573141,Adet,4,24,28,100
E2,Kişisel Bakım,7,6,8,E2-M07-K06-S08,Anadolu Diş Fırçası Mini,8690000573158,Adet,4,28,32,100
E2,Kişisel Bakım,7,6,9,E2-M07-K06-S09,Bereket Diş Fırçası Mini,8690000573165,Adet,4,32,36,100
E2,Kişisel Bakım,7,6,10,E2-M07-K06-S10,Marmara Diş Fırçası Mini,8690000573172,Adet,4,36,40,100
E2,Kişisel Bakım,7,6,11,E2-M07-K06-S11,Usta Diş Fırçası Mini,8690000573189,Adet,4,40,44,100
E2,Kişisel Bakım,7,6,12,E2-M07-K06-S12,Lezzet Diş Fırçası Mini,8690000573196,Adet,4,44,48,100
E2,Kişisel Bakım,7,6,13,E2-M07-K06-S13,Günlük Diş Fırçası Mini,8690000573202,Adet,4,48,52,100
E2,Kişisel Bakım,7,6,14,E2-M07-K06-S14,Evimiz Diş Fırçası Mini,8690000573219,Adet,4,52,56,100
E2,Kişisel Bakım,7,6,15,E2-M07-K06-S15,Doğa Diş Fırçası Mini,8690000573226,Adet,4,56,60,100
E2,Kişisel Bakım,7,6,16,E2-M07-K06-S16,Premium Diş Fırçası Mini,8690000573233,Adet,4,60,64,100
E2,Kişisel Bakım,7,6,17,E2-M07-K06-S17,Emigro Diş Fırçası Mini,8690000573240,Adet,4,64,68,100
E2,Kişisel Bakım,7,6,18,E2-M07-K06-S18,Anadolu Diş Fırçası Mini,8690000573257,Adet,4,68,72,100
E2,Kişisel Bakım,7,6,19,E2-M07-K06-S19,Bereket Diş Fırçası Mini,8690000573264,Adet,4,72,76,100
E2,Kişisel Bakım,7,6,20,E2-M07-K06-S20,Marmara Diş Fırçası Mini,8690000573271,Adet,4,76,80,100
E2,Kişisel Bakım,7,6,21,E2-M07-K06-S21,Usta Diş Fırçası Mini,8690000573288,Adet,4,80,84,100
E2,Kişisel Bakım,7,6,22,E2-M07-K06-S22,Lezzet Diş Fırçası Mini,8690000573295,Adet,4,84,88,100
E2,Kişisel Bakım,7,6,23,E2-M07-K06-S23,Günlük Diş Fırçası Mini,8690000573301,Adet,4,88,92,100
E2,Kişisel Bakım,7,6,24,E2-M07-K06-S24,Evimiz Diş Fırçası Mini,8690000573318,Adet,4,92,96,100
E2,Kişisel Bakım,7,6,25,E2-M07-K06-S25,Doğa Diş Fırçası Mini,8690000573325,Adet,4,96,100,100
E2,Kişisel Bakım,8,1,1,E2-M08-K01-S01,Emigro Deodorant XL,8690000573332,Adet,6,0,6,96
E2,Kişisel Bakım,8,1,2,E2-M08-K01-S02,Anadolu Deodorant XL,8690000573349,Adet,6,6,12,96
E2,Kişisel Bakım,8,1,3,E2-M08-K01-S03,Bereket Deodorant XL,8690000573356,Adet,6,12,18,96
E2,Kişisel Bakım,8,1,4,E2-M08-K01-S04,Marmara Deodorant XL,8690000573363,Adet,6,18,24,96
E2,Kişisel Bakım,8,1,5,E2-M08-K01-S05,Usta Deodorant XL,8690000573370,Adet,6,24,30,96
E2,Kişisel Bakım,8,1,6,E2-M08-K01-S06,Lezzet Deodorant XL,8690000573387,Adet,6,30,36,96
E2,Kişisel Bakım,8,1,7,E2-M08-K01-S07,Günlük Deodorant XL,8690000573394,Adet,6,36,42,96
E2,Kişisel Bakım,8,1,8,E2-M08-K01-S08,Evimiz Deodorant XL,8690000573400,Adet,6,42,48,96
E2,Kişisel Bakım,8,1,9,E2-M08-K01-S09,Doğa Deodorant XL,8690000573417,Adet,6,48,54,96
E2,Kişisel Bakım,8,1,10,E2-M08-K01-S10,Premium Deodorant XL,8690000573424,Adet,6,54,60,96
E2,Kişisel Bakım,8,1,11,E2-M08-K01-S11,Emigro Deodorant XL,8690000573431,Adet,6,60,66,96
E2,Kişisel Bakım,8,1,12,E2-M08-K01-S12,Anadolu Deodorant XL,8690000573448,Adet,6,66,72,96
E2,Kişisel Bakım,8,1,13,E2-M08-K01-S13,Bereket Deodorant XL,8690000573455,Adet,6,72,78,96
E2,Kişisel Bakım,8,1,14,E2-M08-K01-S14,Marmara Deodorant XL,8690000573462,Adet,6,78,84,96
E2,Kişisel Bakım,8,1,15,E2-M08-K01-S15,Usta Deodorant XL,8690000573479,Adet,6,84,90,96
E2,Kişisel Bakım,8,1,16,E2-M08-K01-S16,Lezzet Deodorant XL,8690000573486,Adet,6,90,96,96
E2,Kişisel Bakım,8,2,1,E2-M08-K02-S01,Anadolu Deodorant Büyük,8690000573493,Adet,6,0,6,96
E2,Kişisel Bakım,8,2,2,E2-M08-K02-S02,Bereket Deodorant Büyük,8690000573509,Adet,6,6,12,96
E2,Kişisel Bakım,8,2,3,E2-M08-K02-S03,Marmara Deodorant Büyük,8690000573516,Adet,6,12,18,96
E2,Kişisel Bakım,8,2,4,E2-M08-K02-S04,Usta Deodorant Büyük,8690000573523,Adet,6,18,24,96
E2,Kişisel Bakım,8,2,5,E2-M08-K02-S05,Lezzet Deodorant Büyük,8690000573530,Adet,6,24,30,96
E2,Kişisel Bakım,8,2,6,E2-M08-K02-S06,Günlük Deodorant Büyük,8690000573547,Adet,6,30,36,96
E2,Kişisel Bakım,8,2,7,E2-M08-K02-S07,Evimiz Deodorant Büyük,8690000573554,Adet,6,36,42,96
E2,Kişisel Bakım,8,2,8,E2-M08-K02-S08,Doğa Deodorant Büyük,8690000573561,Adet,6,42,48,96
E2,Kişisel Bakım,8,2,9,E2-M08-K02-S09,Premium Deodorant Büyük,8690000573578,Adet,6,48,54,96
E2,Kişisel Bakım,8,2,10,E2-M08-K02-S10,Emigro Deodorant Büyük,8690000573585,Adet,6,54,60,96
E2,Kişisel Bakım,8,2,11,E2-M08-K02-S11,Anadolu Deodorant Büyük,8690000573592,Adet,6,60,66,96
E2,Kişisel Bakım,8,2,12,E2-M08-K02-S12,Bereket Deodorant Büyük,8690000573608,Adet,6,66,72,96
E2,Kişisel Bakım,8,2,13,E2-M08-K02-S13,Marmara Deodorant Büyük,8690000573615,Adet,6,72,78,96
E2,Kişisel Bakım,8,2,14,E2-M08-K02-S14,Usta Deodorant Büyük,8690000573622,Adet,6,78,84,96
E2,Kişisel Bakım,8,2,15,E2-M08-K02-S15,Lezzet Deodorant Büyük,8690000573639,Adet,6,84,90,96
E2,Kişisel Bakım,8,2,16,E2-M08-K02-S16,Günlük Deodorant Büyük,8690000573646,Adet,6,90,96,96
E2,Kişisel Bakım,8,3,1,E2-M08-K03-S01,Bereket Deodorant Standart,8690000573653,Adet,5,0,5,100
E2,Kişisel Bakım,8,3,2,E2-M08-K03-S02,Marmara Deodorant Standart,8690000573660,Adet,5,5,10,100
E2,Kişisel Bakım,8,3,3,E2-M08-K03-S03,Usta Deodorant Standart,8690000573677,Adet,5,10,15,100
E2,Kişisel Bakım,8,3,4,E2-M08-K03-S04,Lezzet Deodorant Standart,8690000573684,Adet,5,15,20,100
E2,Kişisel Bakım,8,3,5,E2-M08-K03-S05,Günlük Deodorant Standart,8690000573691,Adet,5,20,25,100
E2,Kişisel Bakım,8,3,6,E2-M08-K03-S06,Evimiz Deodorant Standart,8690000573707,Adet,5,25,30,100
E2,Kişisel Bakım,8,3,7,E2-M08-K03-S07,Doğa Deodorant Standart,8690000573714,Adet,5,30,35,100
E2,Kişisel Bakım,8,3,8,E2-M08-K03-S08,Premium Deodorant Standart,8690000573721,Adet,5,35,40,100
E2,Kişisel Bakım,8,3,9,E2-M08-K03-S09,Emigro Deodorant Standart,8690000573738,Adet,5,40,45,100
E2,Kişisel Bakım,8,3,10,E2-M08-K03-S10,Anadolu Deodorant Standart,8690000573745,Adet,5,45,50,100
E2,Kişisel Bakım,8,3,11,E2-M08-K03-S11,Bereket Deodorant Standart,8690000573752,Adet,5,50,55,100
E2,Kişisel Bakım,8,3,12,E2-M08-K03-S12,Marmara Deodorant Standart,8690000573769,Adet,5,55,60,100
E2,Kişisel Bakım,8,3,13,E2-M08-K03-S13,Usta Deodorant Standart,8690000573776,Adet,5,60,65,100
E2,Kişisel Bakım,8,3,14,E2-M08-K03-S14,Lezzet Deodorant Standart,8690000573783,Adet,5,65,70,100
E2,Kişisel Bakım,8,3,15,E2-M08-K03-S15,Günlük Deodorant Standart,8690000573790,Adet,5,70,75,100
E2,Kişisel Bakım,8,3,16,E2-M08-K03-S16,Evimiz Deodorant Standart,8690000573806,Adet,5,75,80,100
E2,Kişisel Bakım,8,3,17,E2-M08-K03-S17,Doğa Deodorant Standart,8690000573813,Adet,5,80,85,100
E2,Kişisel Bakım,8,3,18,E2-M08-K03-S18,Premium Deodorant Standart,8690000573820,Adet,5,85,90,100
E2,Kişisel Bakım,8,3,19,E2-M08-K03-S19,Emigro Deodorant Standart,8690000573837,Adet,5,90,95,100
E2,Kişisel Bakım,8,3,20,E2-M08-K03-S20,Anadolu Deodorant Standart,8690000573844,Adet,5,95,100,100
E2,Kişisel Bakım,8,4,1,E2-M08-K04-S01,Marmara Deodorant Orta,8690000573851,Adet,4,0,4,100
E2,Kişisel Bakım,8,4,2,E2-M08-K04-S02,Usta Deodorant Orta,8690000573868,Adet,4,4,8,100
E2,Kişisel Bakım,8,4,3,E2-M08-K04-S03,Lezzet Deodorant Orta,8690000573875,Adet,4,8,12,100
E2,Kişisel Bakım,8,4,4,E2-M08-K04-S04,Günlük Deodorant Orta,8690000573882,Adet,4,12,16,100
E2,Kişisel Bakım,8,4,5,E2-M08-K04-S05,Evimiz Deodorant Orta,8690000573899,Adet,4,16,20,100
E2,Kişisel Bakım,8,4,6,E2-M08-K04-S06,Doğa Deodorant Orta,8690000573905,Adet,4,20,24,100
E2,Kişisel Bakım,8,4,7,E2-M08-K04-S07,Premium Deodorant Orta,8690000573912,Adet,4,24,28,100
E2,Kişisel Bakım,8,4,8,E2-M08-K04-S08,Emigro Deodorant Orta,8690000573929,Adet,4,28,32,100
E2,Kişisel Bakım,8,4,9,E2-M08-K04-S09,Anadolu Deodorant Orta,8690000573936,Adet,4,32,36,100
E2,Kişisel Bakım,8,4,10,E2-M08-K04-S10,Bereket Deodorant Orta,8690000573943,Adet,4,36,40,100
E2,Kişisel Bakım,8,4,11,E2-M08-K04-S11,Marmara Deodorant Orta,8690000573950,Adet,4,40,44,100
E2,Kişisel Bakım,8,4,12,E2-M08-K04-S12,Usta Deodorant Orta,8690000573967,Adet,4,44,48,100
E2,Kişisel Bakım,8,4,13,E2-M08-K04-S13,Lezzet Deodorant Orta,8690000573974,Adet,4,48,52,100
E2,Kişisel Bakım,8,4,14,E2-M08-K04-S14,Günlük Deodorant Orta,8690000573981,Adet,4,52,56,100
E2,Kişisel Bakım,8,4,15,E2-M08-K04-S15,Evimiz Deodorant Orta,8690000573998,Adet,4,56,60,100
E2,Kişisel Bakım,8,4,16,E2-M08-K04-S16,Doğa Deodorant Orta,8690000574001,Adet,4,60,64,100
E2,Kişisel Bakım,8,4,17,E2-M08-K04-S17,Premium Deodorant Orta,8690000574018,Adet,4,64,68,100
E2,Kişisel Bakım,8,4,18,E2-M08-K04-S18,Emigro Deodorant Orta,8690000574025,Adet,4,68,72,100
E2,Kişisel Bakım,8,4,19,E2-M08-K04-S19,Anadolu Deodorant Orta,8690000574032,Adet,4,72,76,100
E2,Kişisel Bakım,8,4,20,E2-M08-K04-S20,Bereket Deodorant Orta,8690000574049,Adet,4,76,80,100
E2,Kişisel Bakım,8,4,21,E2-M08-K04-S21,Marmara Deodorant Orta,8690000574056,Adet,4,80,84,100
E2,Kişisel Bakım,8,4,22,E2-M08-K04-S22,Usta Deodorant Orta,8690000574063,Adet,4,84,88,100
E2,Kişisel Bakım,8,4,23,E2-M08-K04-S23,Lezzet Deodorant Orta,8690000574070,Adet,4,88,92,100
E2,Kişisel Bakım,8,4,24,E2-M08-K04-S24,Günlük Deodorant Orta,8690000574087,Adet,4,92,96,100
E2,Kişisel Bakım,8,4,25,E2-M08-K04-S25,Evimiz Deodorant Orta,8690000574094,Adet,4,96,100,100
E2,Kişisel Bakım,8,5,1,E2-M08-K05-S01,Usta Deodorant Küçük,8690000574100,Adet,4,0,4,100
E2,Kişisel Bakım,8,5,2,E2-M08-K05-S02,Lezzet Deodorant Küçük,8690000574117,Adet,4,4,8,100
E2,Kişisel Bakım,8,5,3,E2-M08-K05-S03,Günlük Deodorant Küçük,8690000574124,Adet,4,8,12,100
E2,Kişisel Bakım,8,5,4,E2-M08-K05-S04,Evimiz Deodorant Küçük,8690000574131,Adet,4,12,16,100
E2,Kişisel Bakım,8,5,5,E2-M08-K05-S05,Doğa Deodorant Küçük,8690000574148,Adet,4,16,20,100
E2,Kişisel Bakım,8,5,6,E2-M08-K05-S06,Premium Deodorant Küçük,8690000574155,Adet,4,20,24,100
E2,Kişisel Bakım,8,5,7,E2-M08-K05-S07,Emigro Deodorant Küçük,8690000574162,Adet,4,24,28,100
E2,Kişisel Bakım,8,5,8,E2-M08-K05-S08,Anadolu Deodorant Küçük,8690000574179,Adet,4,28,32,100
E2,Kişisel Bakım,8,5,9,E2-M08-K05-S09,Bereket Deodorant Küçük,8690000574186,Adet,4,32,36,100
E2,Kişisel Bakım,8,5,10,E2-M08-K05-S10,Marmara Deodorant Küçük,8690000574193,Adet,4,36,40,100
E2,Kişisel Bakım,8,5,11,E2-M08-K05-S11,Usta Deodorant Küçük,8690000574209,Adet,4,40,44,100
E2,Kişisel Bakım,8,5,12,E2-M08-K05-S12,Lezzet Deodorant Küçük,8690000574216,Adet,4,44,48,100
E2,Kişisel Bakım,8,5,13,E2-M08-K05-S13,Günlük Deodorant Küçük,8690000574223,Adet,4,48,52,100
E2,Kişisel Bakım,8,5,14,E2-M08-K05-S14,Evimiz Deodorant Küçük,8690000574230,Adet,4,52,56,100
E2,Kişisel Bakım,8,5,15,E2-M08-K05-S15,Doğa Deodorant Küçük,8690000574247,Adet,4,56,60,100
E2,Kişisel Bakım,8,5,16,E2-M08-K05-S16,Premium Deodorant Küçük,8690000574254,Adet,4,60,64,100
E2,Kişisel Bakım,8,5,17,E2-M08-K05-S17,Emigro Deodorant Küçük,8690000574261,Adet,4,64,68,100
E2,Kişisel Bakım,8,5,18,E2-M08-K05-S18,Anadolu Deodorant Küçük,8690000574278,Adet,4,68,72,100
E2,Kişisel Bakım,8,5,19,E2-M08-K05-S19,Bereket Deodorant Küçük,8690000574285,Adet,4,72,76,100
E2,Kişisel Bakım,8,5,20,E2-M08-K05-S20,Marmara Deodorant Küçük,8690000574292,Adet,4,76,80,100
E2,Kişisel Bakım,8,5,21,E2-M08-K05-S21,Usta Deodorant Küçük,8690000574308,Adet,4,80,84,100
E2,Kişisel Bakım,8,5,22,E2-M08-K05-S22,Lezzet Deodorant Küçük,8690000574315,Adet,4,84,88,100
E2,Kişisel Bakım,8,5,23,E2-M08-K05-S23,Günlük Deodorant Küçük,8690000574322,Adet,4,88,92,100
E2,Kişisel Bakım,8,5,24,E2-M08-K05-S24,Evimiz Deodorant Küçük,8690000574339,Adet,4,92,96,100
E2,Kişisel Bakım,8,5,25,E2-M08-K05-S25,Doğa Deodorant Küçük,8690000574346,Adet,4,96,100,100
E2,Kişisel Bakım,8,6,1,E2-M08-K06-S01,Lezzet Deodorant Mini,8690000574353,Adet,4,0,4,100
E2,Kişisel Bakım,8,6,2,E2-M08-K06-S02,Günlük Deodorant Mini,8690000574360,Adet,4,4,8,100
E2,Kişisel Bakım,8,6,3,E2-M08-K06-S03,Evimiz Deodorant Mini,8690000574377,Adet,4,8,12,100
E2,Kişisel Bakım,8,6,4,E2-M08-K06-S04,Doğa Deodorant Mini,8690000574384,Adet,4,12,16,100
E2,Kişisel Bakım,8,6,5,E2-M08-K06-S05,Premium Deodorant Mini,8690000574391,Adet,4,16,20,100
E2,Kişisel Bakım,8,6,6,E2-M08-K06-S06,Emigro Deodorant Mini,8690000574407,Adet,4,20,24,100
E2,Kişisel Bakım,8,6,7,E2-M08-K06-S07,Anadolu Deodorant Mini,8690000574414,Adet,4,24,28,100
E2,Kişisel Bakım,8,6,8,E2-M08-K06-S08,Bereket Deodorant Mini,8690000574421,Adet,4,28,32,100
E2,Kişisel Bakım,8,6,9,E2-M08-K06-S09,Marmara Deodorant Mini,8690000574438,Adet,4,32,36,100
E2,Kişisel Bakım,8,6,10,E2-M08-K06-S10,Usta Deodorant Mini,8690000574445,Adet,4,36,40,100
E2,Kişisel Bakım,8,6,11,E2-M08-K06-S11,Lezzet Deodorant Mini,8690000574452,Adet,4,40,44,100
E2,Kişisel Bakım,8,6,12,E2-M08-K06-S12,Günlük Deodorant Mini,8690000574469,Adet,4,44,48,100
E2,Kişisel Bakım,8,6,13,E2-M08-K06-S13,Evimiz Deodorant Mini,8690000574476,Adet,4,48,52,100
E2,Kişisel Bakım,8,6,14,E2-M08-K06-S14,Doğa Deodorant Mini,8690000574483,Adet,4,52,56,100
E2,Kişisel Bakım,8,6,15,E2-M08-K06-S15,Premium Deodorant Mini,8690000574490,Adet,4,56,60,100
E2,Kişisel Bakım,8,6,16,E2-M08-K06-S16,Emigro Deodorant Mini,8690000574506,Adet,4,60,64,100
E2,Kişisel Bakım,8,6,17,E2-M08-K06-S17,Anadolu Deodorant Mini,8690000574513,Adet,4,64,68,100
E2,Kişisel Bakım,8,6,18,E2-M08-K06-S18,Bereket Deodorant Mini,8690000574520,Adet,4,68,72,100
E2,Kişisel Bakım,8,6,19,E2-M08-K06-S19,Marmara Deodorant Mini,8690000574537,Adet,4,72,76,100
E2,Kişisel Bakım,8,6,20,E2-M08-K06-S20,Usta Deodorant Mini,8690000574544,Adet,4,76,80,100
E2,Kişisel Bakım,8,6,21,E2-M08-K06-S21,Lezzet Deodorant Mini,8690000574551,Adet,4,80,84,100
E2,Kişisel Bakım,8,6,22,E2-M08-K06-S22,Günlük Deodorant Mini,8690000574568,Adet,4,84,88,100
E2,Kişisel Bakım,8,6,23,E2-M08-K06-S23,Evimiz Deodorant Mini,8690000574575,Adet,4,88,92,100
E2,Kişisel Bakım,8,6,24,E2-M08-K06-S24,Doğa Deodorant Mini,8690000574582,Adet,4,92,96,100
E2,Kişisel Bakım,8,6,25,E2-M08-K06-S25,Premium Deodorant Mini,8690000574599,Adet,4,96,100,100
E2,Kişisel Bakım,9,1,1,E2-M09-K01-S01,Anadolu El Kremi XL,8690000574605,Adet,6,0,6,96
E2,Kişisel Bakım,9,1,2,E2-M09-K01-S02,Bereket El Kremi XL,8690000574612,Adet,6,6,12,96
E2,Kişisel Bakım,9,1,3,E2-M09-K01-S03,Marmara El Kremi XL,8690000574629,Adet,6,12,18,96
E2,Kişisel Bakım,9,1,4,E2-M09-K01-S04,Usta El Kremi XL,8690000574636,Adet,6,18,24,96
E2,Kişisel Bakım,9,1,5,E2-M09-K01-S05,Lezzet El Kremi XL,8690000574643,Adet,6,24,30,96
E2,Kişisel Bakım,9,1,6,E2-M09-K01-S06,Günlük El Kremi XL,8690000574650,Adet,6,30,36,96
E2,Kişisel Bakım,9,1,7,E2-M09-K01-S07,Evimiz El Kremi XL,8690000574667,Adet,6,36,42,96
E2,Kişisel Bakım,9,1,8,E2-M09-K01-S08,Doğa El Kremi XL,8690000574674,Adet,6,42,48,96
E2,Kişisel Bakım,9,1,9,E2-M09-K01-S09,Premium El Kremi XL,8690000574681,Adet,6,48,54,96
E2,Kişisel Bakım,9,1,10,E2-M09-K01-S10,Emigro El Kremi XL,8690000574698,Adet,6,54,60,96
E2,Kişisel Bakım,9,1,11,E2-M09-K01-S11,Anadolu El Kremi XL,8690000574704,Adet,6,60,66,96
E2,Kişisel Bakım,9,1,12,E2-M09-K01-S12,Bereket El Kremi XL,8690000574711,Adet,6,66,72,96
E2,Kişisel Bakım,9,1,13,E2-M09-K01-S13,Marmara El Kremi XL,8690000574728,Adet,6,72,78,96
E2,Kişisel Bakım,9,1,14,E2-M09-K01-S14,Usta El Kremi XL,8690000574735,Adet,6,78,84,96
E2,Kişisel Bakım,9,1,15,E2-M09-K01-S15,Lezzet El Kremi XL,8690000574742,Adet,6,84,90,96
E2,Kişisel Bakım,9,1,16,E2-M09-K01-S16,Günlük El Kremi XL,8690000574759,Adet,6,90,96,96
E2,Kişisel Bakım,9,2,1,E2-M09-K02-S01,Bereket El Kremi Büyük,8690000574766,Adet,6,0,6,96
E2,Kişisel Bakım,9,2,2,E2-M09-K02-S02,Marmara El Kremi Büyük,8690000574773,Adet,6,6,12,96
E2,Kişisel Bakım,9,2,3,E2-M09-K02-S03,Usta El Kremi Büyük,8690000574780,Adet,6,12,18,96
E2,Kişisel Bakım,9,2,4,E2-M09-K02-S04,Lezzet El Kremi Büyük,8690000574797,Adet,6,18,24,96
E2,Kişisel Bakım,9,2,5,E2-M09-K02-S05,Günlük El Kremi Büyük,8690000574803,Adet,6,24,30,96
E2,Kişisel Bakım,9,2,6,E2-M09-K02-S06,Evimiz El Kremi Büyük,8690000574810,Adet,6,30,36,96
E2,Kişisel Bakım,9,2,7,E2-M09-K02-S07,Doğa El Kremi Büyük,8690000574827,Adet,6,36,42,96
E2,Kişisel Bakım,9,2,8,E2-M09-K02-S08,Premium El Kremi Büyük,8690000574834,Adet,6,42,48,96
E2,Kişisel Bakım,9,2,9,E2-M09-K02-S09,Emigro El Kremi Büyük,8690000574841,Adet,6,48,54,96
E2,Kişisel Bakım,9,2,10,E2-M09-K02-S10,Anadolu El Kremi Büyük,8690000574858,Adet,6,54,60,96
E2,Kişisel Bakım,9,2,11,E2-M09-K02-S11,Bereket El Kremi Büyük,8690000574865,Adet,6,60,66,96
E2,Kişisel Bakım,9,2,12,E2-M09-K02-S12,Marmara El Kremi Büyük,8690000574872,Adet,6,66,72,96
E2,Kişisel Bakım,9,2,13,E2-M09-K02-S13,Usta El Kremi Büyük,8690000574889,Adet,6,72,78,96
E2,Kişisel Bakım,9,2,14,E2-M09-K02-S14,Lezzet El Kremi Büyük,8690000574896,Adet,6,78,84,96
E2,Kişisel Bakım,9,2,15,E2-M09-K02-S15,Günlük El Kremi Büyük,8690000574902,Adet,6,84,90,96
E2,Kişisel Bakım,9,2,16,E2-M09-K02-S16,Evimiz El Kremi Büyük,8690000574919,Adet,6,90,96,96
E2,Kişisel Bakım,9,3,1,E2-M09-K03-S01,Marmara El Kremi Standart,8690000574926,Adet,5,0,5,100
E2,Kişisel Bakım,9,3,2,E2-M09-K03-S02,Usta El Kremi Standart,8690000574933,Adet,5,5,10,100
E2,Kişisel Bakım,9,3,3,E2-M09-K03-S03,Lezzet El Kremi Standart,8690000574940,Adet,5,10,15,100
E2,Kişisel Bakım,9,3,4,E2-M09-K03-S04,Günlük El Kremi Standart,8690000574957,Adet,5,15,20,100
E2,Kişisel Bakım,9,3,5,E2-M09-K03-S05,Evimiz El Kremi Standart,8690000574964,Adet,5,20,25,100
E2,Kişisel Bakım,9,3,6,E2-M09-K03-S06,Doğa El Kremi Standart,8690000574971,Adet,5,25,30,100
E2,Kişisel Bakım,9,3,7,E2-M09-K03-S07,Premium El Kremi Standart,8690000574988,Adet,5,30,35,100
E2,Kişisel Bakım,9,3,8,E2-M09-K03-S08,Emigro El Kremi Standart,8690000574995,Adet,5,35,40,100
E2,Kişisel Bakım,9,3,9,E2-M09-K03-S09,Anadolu El Kremi Standart,8690000575008,Adet,5,40,45,100
E2,Kişisel Bakım,9,3,10,E2-M09-K03-S10,Bereket El Kremi Standart,8690000575015,Adet,5,45,50,100
E2,Kişisel Bakım,9,3,11,E2-M09-K03-S11,Marmara El Kremi Standart,8690000575022,Adet,5,50,55,100
E2,Kişisel Bakım,9,3,12,E2-M09-K03-S12,Usta El Kremi Standart,8690000575039,Adet,5,55,60,100
E2,Kişisel Bakım,9,3,13,E2-M09-K03-S13,Lezzet El Kremi Standart,8690000575046,Adet,5,60,65,100
E2,Kişisel Bakım,9,3,14,E2-M09-K03-S14,Günlük El Kremi Standart,8690000575053,Adet,5,65,70,100
E2,Kişisel Bakım,9,3,15,E2-M09-K03-S15,Evimiz El Kremi Standart,8690000575060,Adet,5,70,75,100
E2,Kişisel Bakım,9,3,16,E2-M09-K03-S16,Doğa El Kremi Standart,8690000575077,Adet,5,75,80,100
E2,Kişisel Bakım,9,3,17,E2-M09-K03-S17,Premium El Kremi Standart,8690000575084,Adet,5,80,85,100
E2,Kişisel Bakım,9,3,18,E2-M09-K03-S18,Emigro El Kremi Standart,8690000575091,Adet,5,85,90,100
E2,Kişisel Bakım,9,3,19,E2-M09-K03-S19,Anadolu El Kremi Standart,8690000575107,Adet,5,90,95,100
E2,Kişisel Bakım,9,3,20,E2-M09-K03-S20,Bereket El Kremi Standart,8690000575114,Adet,5,95,100,100
E2,Kişisel Bakım,9,4,1,E2-M09-K04-S01,Usta El Kremi Orta,8690000575121,Adet,4,0,4,100
E2,Kişisel Bakım,9,4,2,E2-M09-K04-S02,Lezzet El Kremi Orta,8690000575138,Adet,4,4,8,100
E2,Kişisel Bakım,9,4,3,E2-M09-K04-S03,Günlük El Kremi Orta,8690000575145,Adet,4,8,12,100
E2,Kişisel Bakım,9,4,4,E2-M09-K04-S04,Evimiz El Kremi Orta,8690000575152,Adet,4,12,16,100
E2,Kişisel Bakım,9,4,5,E2-M09-K04-S05,Doğa El Kremi Orta,8690000575169,Adet,4,16,20,100
E2,Kişisel Bakım,9,4,6,E2-M09-K04-S06,Premium El Kremi Orta,8690000575176,Adet,4,20,24,100
E2,Kişisel Bakım,9,4,7,E2-M09-K04-S07,Emigro El Kremi Orta,8690000575183,Adet,4,24,28,100
E2,Kişisel Bakım,9,4,8,E2-M09-K04-S08,Anadolu El Kremi Orta,8690000575190,Adet,4,28,32,100
E2,Kişisel Bakım,9,4,9,E2-M09-K04-S09,Bereket El Kremi Orta,8690000575206,Adet,4,32,36,100
E2,Kişisel Bakım,9,4,10,E2-M09-K04-S10,Marmara El Kremi Orta,8690000575213,Adet,4,36,40,100
E2,Kişisel Bakım,9,4,11,E2-M09-K04-S11,Usta El Kremi Orta,8690000575220,Adet,4,40,44,100
E2,Kişisel Bakım,9,4,12,E2-M09-K04-S12,Lezzet El Kremi Orta,8690000575237,Adet,4,44,48,100
E2,Kişisel Bakım,9,4,13,E2-M09-K04-S13,Günlük El Kremi Orta,8690000575244,Adet,4,48,52,100
E2,Kişisel Bakım,9,4,14,E2-M09-K04-S14,Evimiz El Kremi Orta,8690000575251,Adet,4,52,56,100
E2,Kişisel Bakım,9,4,15,E2-M09-K04-S15,Doğa El Kremi Orta,8690000575268,Adet,4,56,60,100
E2,Kişisel Bakım,9,4,16,E2-M09-K04-S16,Premium El Kremi Orta,8690000575275,Adet,4,60,64,100
E2,Kişisel Bakım,9,4,17,E2-M09-K04-S17,Emigro El Kremi Orta,8690000575282,Adet,4,64,68,100
E2,Kişisel Bakım,9,4,18,E2-M09-K04-S18,Anadolu El Kremi Orta,8690000575299,Adet,4,68,72,100
E2,Kişisel Bakım,9,4,19,E2-M09-K04-S19,Bereket El Kremi Orta,8690000575305,Adet,4,72,76,100
E2,Kişisel Bakım,9,4,20,E2-M09-K04-S20,Marmara El Kremi Orta,8690000575312,Adet,4,76,80,100
E2,Kişisel Bakım,9,4,21,E2-M09-K04-S21,Usta El Kremi Orta,8690000575329,Adet,4,80,84,100
E2,Kişisel Bakım,9,4,22,E2-M09-K04-S22,Lezzet El Kremi Orta,8690000575336,Adet,4,84,88,100
E2,Kişisel Bakım,9,4,23,E2-M09-K04-S23,Günlük El Kremi Orta,8690000575343,Adet,4,88,92,100
E2,Kişisel Bakım,9,4,24,E2-M09-K04-S24,Evimiz El Kremi Orta,8690000575350,Adet,4,92,96,100
E2,Kişisel Bakım,9,4,25,E2-M09-K04-S25,Doğa El Kremi Orta,8690000575367,Adet,4,96,100,100
E2,Kişisel Bakım,9,5,1,E2-M09-K05-S01,Lezzet El Kremi Küçük,8690000575374,Adet,4,0,4,100
E2,Kişisel Bakım,9,5,2,E2-M09-K05-S02,Günlük El Kremi Küçük,8690000575381,Adet,4,4,8,100
E2,Kişisel Bakım,9,5,3,E2-M09-K05-S03,Evimiz El Kremi Küçük,8690000575398,Adet,4,8,12,100
E2,Kişisel Bakım,9,5,4,E2-M09-K05-S04,Doğa El Kremi Küçük,8690000575404,Adet,4,12,16,100
E2,Kişisel Bakım,9,5,5,E2-M09-K05-S05,Premium El Kremi Küçük,8690000575411,Adet,4,16,20,100
E2,Kişisel Bakım,9,5,6,E2-M09-K05-S06,Emigro El Kremi Küçük,8690000575428,Adet,4,20,24,100
E2,Kişisel Bakım,9,5,7,E2-M09-K05-S07,Anadolu El Kremi Küçük,8690000575435,Adet,4,24,28,100
E2,Kişisel Bakım,9,5,8,E2-M09-K05-S08,Bereket El Kremi Küçük,8690000575442,Adet,4,28,32,100
E2,Kişisel Bakım,9,5,9,E2-M09-K05-S09,Marmara El Kremi Küçük,8690000575459,Adet,4,32,36,100
E2,Kişisel Bakım,9,5,10,E2-M09-K05-S10,Usta El Kremi Küçük,8690000575466,Adet,4,36,40,100
E2,Kişisel Bakım,9,5,11,E2-M09-K05-S11,Lezzet El Kremi Küçük,8690000575473,Adet,4,40,44,100
E2,Kişisel Bakım,9,5,12,E2-M09-K05-S12,Günlük El Kremi Küçük,8690000575480,Adet,4,44,48,100
E2,Kişisel Bakım,9,5,13,E2-M09-K05-S13,Evimiz El Kremi Küçük,8690000575497,Adet,4,48,52,100
E2,Kişisel Bakım,9,5,14,E2-M09-K05-S14,Doğa El Kremi Küçük,8690000575503,Adet,4,52,56,100
E2,Kişisel Bakım,9,5,15,E2-M09-K05-S15,Premium El Kremi Küçük,8690000575510,Adet,4,56,60,100
E2,Kişisel Bakım,9,5,16,E2-M09-K05-S16,Emigro El Kremi Küçük,8690000575527,Adet,4,60,64,100
E2,Kişisel Bakım,9,5,17,E2-M09-K05-S17,Anadolu El Kremi Küçük,8690000575534,Adet,4,64,68,100
E2,Kişisel Bakım,9,5,18,E2-M09-K05-S18,Bereket El Kremi Küçük,8690000575541,Adet,4,68,72,100
E2,Kişisel Bakım,9,5,19,E2-M09-K05-S19,Marmara El Kremi Küçük,8690000575558,Adet,4,72,76,100
E2,Kişisel Bakım,9,5,20,E2-M09-K05-S20,Usta El Kremi Küçük,8690000575565,Adet,4,76,80,100
E2,Kişisel Bakım,9,5,21,E2-M09-K05-S21,Lezzet El Kremi Küçük,8690000575572,Adet,4,80,84,100
E2,Kişisel Bakım,9,5,22,E2-M09-K05-S22,Günlük El Kremi Küçük,8690000575589,Adet,4,84,88,100
E2,Kişisel Bakım,9,5,23,E2-M09-K05-S23,Evimiz El Kremi Küçük,8690000575596,Adet,4,88,92,100
E2,Kişisel Bakım,9,5,24,E2-M09-K05-S24,Doğa El Kremi Küçük,8690000575602,Adet,4,92,96,100
E2,Kişisel Bakım,9,5,25,E2-M09-K05-S25,Premium El Kremi Küçük,8690000575619,Adet,4,96,100,100
E2,Kişisel Bakım,9,6,1,E2-M09-K06-S01,Günlük El Kremi Mini,8690000575626,Adet,4,0,4,100
E2,Kişisel Bakım,9,6,2,E2-M09-K06-S02,Evimiz El Kremi Mini,8690000575633,Adet,4,4,8,100
E2,Kişisel Bakım,9,6,3,E2-M09-K06-S03,Doğa El Kremi Mini,8690000575640,Adet,4,8,12,100
E2,Kişisel Bakım,9,6,4,E2-M09-K06-S04,Premium El Kremi Mini,8690000575657,Adet,4,12,16,100
E2,Kişisel Bakım,9,6,5,E2-M09-K06-S05,Emigro El Kremi Mini,8690000575664,Adet,4,16,20,100
E2,Kişisel Bakım,9,6,6,E2-M09-K06-S06,Anadolu El Kremi Mini,8690000575671,Adet,4,20,24,100
E2,Kişisel Bakım,9,6,7,E2-M09-K06-S07,Bereket El Kremi Mini,8690000575688,Adet,4,24,28,100
E2,Kişisel Bakım,9,6,8,E2-M09-K06-S08,Marmara El Kremi Mini,8690000575695,Adet,4,28,32,100
E2,Kişisel Bakım,9,6,9,E2-M09-K06-S09,Usta El Kremi Mini,8690000575701,Adet,4,32,36,100
E2,Kişisel Bakım,9,6,10,E2-M09-K06-S10,Lezzet El Kremi Mini,8690000575718,Adet,4,36,40,100
E2,Kişisel Bakım,9,6,11,E2-M09-K06-S11,Günlük El Kremi Mini,8690000575725,Adet,4,40,44,100
E2,Kişisel Bakım,9,6,12,E2-M09-K06-S12,Evimiz El Kremi Mini,8690000575732,Adet,4,44,48,100
E2,Kişisel Bakım,9,6,13,E2-M09-K06-S13,Doğa El Kremi Mini,8690000575749,Adet,4,48,52,100
E2,Kişisel Bakım,9,6,14,E2-M09-K06-S14,Premium El Kremi Mini,8690000575756,Adet,4,52,56,100
E2,Kişisel Bakım,9,6,15,E2-M09-K06-S15,Emigro El Kremi Mini,8690000575763,Adet,4,56,60,100
E2,Kişisel Bakım,9,6,16,E2-M09-K06-S16,Anadolu El Kremi Mini,8690000575770,Adet,4,60,64,100
E2,Kişisel Bakım,9,6,17,E2-M09-K06-S17,Bereket El Kremi Mini,8690000575787,Adet,4,64,68,100
E2,Kişisel Bakım,9,6,18,E2-M09-K06-S18,Marmara El Kremi Mini,8690000575794,Adet,4,68,72,100
E2,Kişisel Bakım,9,6,19,E2-M09-K06-S19,Usta El Kremi Mini,8690000575800,Adet,4,72,76,100
E2,Kişisel Bakım,9,6,20,E2-M09-K06-S20,Lezzet El Kremi Mini,8690000575817,Adet,4,76,80,100
E2,Kişisel Bakım,9,6,21,E2-M09-K06-S21,Günlük El Kremi Mini,8690000575824,Adet,4,80,84,100
E2,Kişisel Bakım,9,6,22,E2-M09-K06-S22,Evimiz El Kremi Mini,8690000575831,Adet,4,84,88,100
E2,Kişisel Bakım,9,6,23,E2-M09-K06-S23,Doğa El Kremi Mini,8690000575848,Adet,4,88,92,100
E2,Kişisel Bakım,9,6,24,E2-M09-K06-S24,Premium El Kremi Mini,8690000575855,Adet,4,92,96,100
E2,Kişisel Bakım,9,6,25,E2-M09-K06-S25,Emigro El Kremi Mini,8690000575862,Adet,4,96,100,100
E2,Kişisel Bakım,10,1,1,E2-M10-K01-S01,Bereket Islak Mendil XL,8690000575879,Paket,11,0,11,99
E2,Kişisel Bakım,10,1,2,E2-M10-K01-S02,Marmara Islak Mendil XL,8690000575886,Paket,11,11,22,99
E2,Kişisel Bakım,10,1,3,E2-M10-K01-S03,Usta Islak Mendil XL,8690000575893,Paket,11,22,33,99
E2,Kişisel Bakım,10,1,4,E2-M10-K01-S04,Lezzet Islak Mendil XL,8690000575909,Paket,11,33,44,99
E2,Kişisel Bakım,10,1,5,E2-M10-K01-S05,Günlük Islak Mendil XL,8690000575916,Paket,11,44,55,99
E2,Kişisel Bakım,10,1,6,E2-M10-K01-S06,Evimiz Islak Mendil XL,8690000575923,Paket,11,55,66,99
E2,Kişisel Bakım,10,1,7,E2-M10-K01-S07,Doğa Islak Mendil XL,8690000575930,Paket,11,66,77,99
E2,Kişisel Bakım,10,1,8,E2-M10-K01-S08,Premium Islak Mendil XL,8690000575947,Paket,11,77,88,99
E2,Kişisel Bakım,10,1,9,E2-M10-K01-S09,Emigro Islak Mendil XL,8690000575954,Paket,11,88,99,99
E2,Kişisel Bakım,10,2,1,E2-M10-K02-S01,Marmara Islak Mendil Büyük,8690000575961,Paket,10,0,10,100
E2,Kişisel Bakım,10,2,2,E2-M10-K02-S02,Usta Islak Mendil Büyük,8690000575978,Paket,10,10,20,100
E2,Kişisel Bakım,10,2,3,E2-M10-K02-S03,Lezzet Islak Mendil Büyük,8690000575985,Paket,10,20,30,100
E2,Kişisel Bakım,10,2,4,E2-M10-K02-S04,Günlük Islak Mendil Büyük,8690000575992,Paket,10,30,40,100
E2,Kişisel Bakım,10,2,5,E2-M10-K02-S05,Evimiz Islak Mendil Büyük,8690000576005,Paket,10,40,50,100
E2,Kişisel Bakım,10,2,6,E2-M10-K02-S06,Doğa Islak Mendil Büyük,8690000576012,Paket,10,50,60,100
E2,Kişisel Bakım,10,2,7,E2-M10-K02-S07,Premium Islak Mendil Büyük,8690000576029,Paket,10,60,70,100
E2,Kişisel Bakım,10,2,8,E2-M10-K02-S08,Emigro Islak Mendil Büyük,8690000576036,Paket,10,70,80,100
E2,Kişisel Bakım,10,2,9,E2-M10-K02-S09,Anadolu Islak Mendil Büyük,8690000576043,Paket,10,80,90,100
E2,Kişisel Bakım,10,2,10,E2-M10-K02-S10,Bereket Islak Mendil Büyük,8690000576050,Paket,10,90,100,100
E2,Kişisel Bakım,10,3,1,E2-M10-K03-S01,Usta Islak Mendil Standart,8690000576067,Paket,9,0,9,99
E2,Kişisel Bakım,10,3,2,E2-M10-K03-S02,Lezzet Islak Mendil Standart,8690000576074,Paket,9,9,18,99
E2,Kişisel Bakım,10,3,3,E2-M10-K03-S03,Günlük Islak Mendil Standart,8690000576081,Paket,9,18,27,99
E2,Kişisel Bakım,10,3,4,E2-M10-K03-S04,Evimiz Islak Mendil Standart,8690000576098,Paket,9,27,36,99
E2,Kişisel Bakım,10,3,5,E2-M10-K03-S05,Doğa Islak Mendil Standart,8690000576104,Paket,9,36,45,99
E2,Kişisel Bakım,10,3,6,E2-M10-K03-S06,Premium Islak Mendil Standart,8690000576111,Paket,9,45,54,99
E2,Kişisel Bakım,10,3,7,E2-M10-K03-S07,Emigro Islak Mendil Standart,8690000576128,Paket,9,54,63,99
E2,Kişisel Bakım,10,3,8,E2-M10-K03-S08,Anadolu Islak Mendil Standart,8690000576135,Paket,9,63,72,99
E2,Kişisel Bakım,10,3,9,E2-M10-K03-S09,Bereket Islak Mendil Standart,8690000576142,Paket,9,72,81,99
E2,Kişisel Bakım,10,3,10,E2-M10-K03-S10,Marmara Islak Mendil Standart,8690000576159,Paket,9,81,90,99
E2,Kişisel Bakım,10,3,11,E2-M10-K03-S11,Usta Islak Mendil Standart,8690000576166,Paket,9,90,99,99
E2,Kişisel Bakım,10,4,1,E2-M10-K04-S01,Lezzet Islak Mendil Orta,8690000576173,Paket,8,0,8,96
E2,Kişisel Bakım,10,4,2,E2-M10-K04-S02,Günlük Islak Mendil Orta,8690000576180,Paket,8,8,16,96
E2,Kişisel Bakım,10,4,3,E2-M10-K04-S03,Evimiz Islak Mendil Orta,8690000576197,Paket,8,16,24,96
E2,Kişisel Bakım,10,4,4,E2-M10-K04-S04,Doğa Islak Mendil Orta,8690000576203,Paket,8,24,32,96
E2,Kişisel Bakım,10,4,5,E2-M10-K04-S05,Premium Islak Mendil Orta,8690000576210,Paket,8,32,40,96
E2,Kişisel Bakım,10,4,6,E2-M10-K04-S06,Emigro Islak Mendil Orta,8690000576227,Paket,8,40,48,96
E2,Kişisel Bakım,10,4,7,E2-M10-K04-S07,Anadolu Islak Mendil Orta,8690000576234,Paket,8,48,56,96
E2,Kişisel Bakım,10,4,8,E2-M10-K04-S08,Bereket Islak Mendil Orta,8690000576241,Paket,8,56,64,96
E2,Kişisel Bakım,10,4,9,E2-M10-K04-S09,Marmara Islak Mendil Orta,8690000576258,Paket,8,64,72,96
E2,Kişisel Bakım,10,4,10,E2-M10-K04-S10,Usta Islak Mendil Orta,8690000576265,Paket,8,72,80,96
E2,Kişisel Bakım,10,4,11,E2-M10-K04-S11,Lezzet Islak Mendil Orta,8690000576272,Paket,8,80,88,96
E2,Kişisel Bakım,10,4,12,E2-M10-K04-S12,Günlük Islak Mendil Orta,8690000576289,Paket,8,88,96,96
E2,Kişisel Bakım,10,5,1,E2-M10-K05-S01,Günlük Islak Mendil Küçük,8690000576296,Paket,7,0,7,98
E2,Kişisel Bakım,10,5,2,E2-M10-K05-S02,Evimiz Islak Mendil Küçük,8690000576302,Paket,7,7,14,98
E2,Kişisel Bakım,10,5,3,E2-M10-K05-S03,Doğa Islak Mendil Küçük,8690000576319,Paket,7,14,21,98
E2,Kişisel Bakım,10,5,4,E2-M10-K05-S04,Premium Islak Mendil Küçük,8690000576326,Paket,7,21,28,98
E2,Kişisel Bakım,10,5,5,E2-M10-K05-S05,Emigro Islak Mendil Küçük,8690000576333,Paket,7,28,35,98
E2,Kişisel Bakım,10,5,6,E2-M10-K05-S06,Anadolu Islak Mendil Küçük,8690000576340,Paket,7,35,42,98
E2,Kişisel Bakım,10,5,7,E2-M10-K05-S07,Bereket Islak Mendil Küçük,8690000576357,Paket,7,42,49,98
E2,Kişisel Bakım,10,5,8,E2-M10-K05-S08,Marmara Islak Mendil Küçük,8690000576364,Paket,7,49,56,98
E2,Kişisel Bakım,10,5,9,E2-M10-K05-S09,Usta Islak Mendil Küçük,8690000576371,Paket,7,56,63,98
E2,Kişisel Bakım,10,5,10,E2-M10-K05-S10,Lezzet Islak Mendil Küçük,8690000576388,Paket,7,63,70,98
E2,Kişisel Bakım,10,5,11,E2-M10-K05-S11,Günlük Islak Mendil Küçük,8690000576395,Paket,7,70,77,98
E2,Kişisel Bakım,10,5,12,E2-M10-K05-S12,Evimiz Islak Mendil Küçük,8690000576401,Paket,7,77,84,98
E2,Kişisel Bakım,10,5,13,E2-M10-K05-S13,Doğa Islak Mendil Küçük,8690000576418,Paket,7,84,91,98
E2,Kişisel Bakım,10,5,14,E2-M10-K05-S14,Premium Islak Mendil Küçük,8690000576425,Paket,7,91,98,98
E2,Kişisel Bakım,10,6,1,E2-M10-K06-S01,Evimiz Islak Mendil Mini,8690000576432,Paket,6,0,6,96
E2,Kişisel Bakım,10,6,2,E2-M10-K06-S02,Doğa Islak Mendil Mini,8690000576449,Paket,6,6,12,96
E2,Kişisel Bakım,10,6,3,E2-M10-K06-S03,Premium Islak Mendil Mini,8690000576456,Paket,6,12,18,96
E2,Kişisel Bakım,10,6,4,E2-M10-K06-S04,Emigro Islak Mendil Mini,8690000576463,Paket,6,18,24,96
E2,Kişisel Bakım,10,6,5,E2-M10-K06-S05,Anadolu Islak Mendil Mini,8690000576470,Paket,6,24,30,96
E2,Kişisel Bakım,10,6,6,E2-M10-K06-S06,Bereket Islak Mendil Mini,8690000576487,Paket,6,30,36,96
E2,Kişisel Bakım,10,6,7,E2-M10-K06-S07,Marmara Islak Mendil Mini,8690000576494,Paket,6,36,42,96
E2,Kişisel Bakım,10,6,8,E2-M10-K06-S08,Usta Islak Mendil Mini,8690000576500,Paket,6,42,48,96
E2,Kişisel Bakım,10,6,9,E2-M10-K06-S09,Lezzet Islak Mendil Mini,8690000576517,Paket,6,48,54,96
E2,Kişisel Bakım,10,6,10,E2-M10-K06-S10,Günlük Islak Mendil Mini,8690000576524,Paket,6,54,60,96
E2,Kişisel Bakım,10,6,11,E2-M10-K06-S11,Evimiz Islak Mendil Mini,8690000576531,Paket,6,60,66,96
E2,Kişisel Bakım,10,6,12,E2-M10-K06-S12,Doğa Islak Mendil Mini,8690000576548,Paket,6,66,72,96
E2,Kişisel Bakım,10,6,13,E2-M10-K06-S13,Premium Islak Mendil Mini,8690000576555,Paket,6,72,78,96
E2,Kişisel Bakım,10,6,14,E2-M10-K06-S14,Emigro Islak Mendil Mini,8690000576562,Paket,6,78,84,96
E2,Kişisel Bakım,10,6,15,E2-M10-K06-S15,Anadolu Islak Mendil Mini,8690000576579,Paket,6,84,90,96
E2,Kişisel Bakım,10,6,16,E2-M10-K06-S16,Bereket Islak Mendil Mini,8690000576586,Paket,6,90,96,96